:020000040800F2
:10000000203E0020D1060008A5020008A702000833
:10001000AB020008AF020008B302000800000000B5
:10002000000000000000000000000000B70200080F
:10003000B902000800000000BB020008BD02000871
:10004000EB060008EB060008EB060008EB060008CC
:10005000EB060008EB060008EB060008EB060008BC
:10006000EB060008EB060008EB060008EB060008AC
:10007000EB060008EB060008EB060008EB0600089C
:10008000EB060008EB060008EB060008EB0600088C
:10009000EB060008EB060008EB060008EB0600087C
:1000A000EB060008EB060008EB060008EB0600086C
:1000B000EB060008EB060008EB060008EB0600085C
:1000C000EB060008EB060008EB060008EB0600084C
:1000D000EB06000845060008EB060008EB060008E2
:1000E000EB060008EB060008EB060008EB0600082C
:1000F000EB060008EB060008EB060008EB0600081C
:10010000EB060008EB060008EB060008EB0600080B
:10011000EB060008EB060008EB060008EB060008FB
:10012000EB060008EB060008EB060008EB060008EB
:1001300000F002F800F03AF80AA090E8000C8244BF
:100140008344AAF10107DA4501D100F02FF8AFF29C
:10015000090EBAE80F0013F0010F18BFFB1A43F0A5
:1001600001031847D80E0200F80E0200103A24BF0F
:1001700078C878C1FAD8520724BF30C830C144BF0C
:1001800004680C607047000000230024002500264E
:10019000103A28BF78C1FBD8520728BF30C148BFEA
:1001A0000B6070471FB51FBD10B510BD01F057FDA6
:1001B0001146FFF7F7FF00F009F801F075FD03B4F1
:1001C000FFF7F2FF03BC00F0E3F9000086B000F097
:1001D00065F900F0D7F901F095FC56E001F09FF8C1
:1001E00001F070F901F02DF9022000F0B6F901F0EC
:1001F00096F8264801F043F901F023F9022000F0B7
:10020000ACF901F0A9F8224801F039F901F019F927
:10021000022000F0A2F901F0EBF81E4801F0D4FB37
:1002200001F00FF9022000F098F901F078F81A486F
:1002300001F08CF9002416E0402120220523174804
:1002400000EB0420CDE903320591029013481449D4
:10025000034600F58072CDE900107821642001F09A
:100260001BFB601CC4B2062CE6DB01F0EAF802209E
:1002700000F073F901F053F801F024F901F0E1F80E
:10028000022000F06AF900BFFEE7A7E7BC280008DB
:100290007C590008BCAE01083C8A0008BC1C000860
:1002A000BC260008704700BFFEE700BFFEE700BFA6
:1002B000FEE700BFFEE770477047704770470000D9
:1002C0000CB50020019000906B48006840F480302D
:1002D0006949086000BF6848006800F40030009079
:1002E0000198401C0190009818B90198B0F5A06FD2
:1002F000F1D16148006810F4003F02D00120009065
:1003000001E0002000900098012842D15B4800687D
:1003100040F01000594908600846006820F00300CA
:1003200008600846006840F00200086052484068D3
:10033000514948600846406848600846406840F4B3
:10034000806048600846406820F47C104860084699
:10035000406840F4E81048600846006840F080704B
:10036000086000BF4448006810F0007FFAD042489F
:10037000406820F00300404948600846406840F06B
:100380000200486000BF3C48406800F00C000828AC
:10039000F9D10CBD10B5FFF793FF10BD10B536486D
:1003A000006840F00100344908600846406834495C
:1003B00008403149486008460068324908402E49E3
:1003C00008600846006820F48020086008464068FD
:1003D00020F4FE0048604FF41F008860FFF7DAFF4A
:1003E0004FF000602849086010BD10B500210020C2
:1003F0000022214B5B6803F00C0121B1042906D0D7
:10040000082928D107E0214B214C236027E01F4B0E
:100410001F4C236023E0184B5B6803F47010164BED
:100420005B6803F48032022303EB904022B9194B3E
:100430004343174C23600DE00F4B5B6813F4003F00
:1004400004D0144B4343124C236003E00F4B43434F
:100450000F4C236003E00D4B0D4C236000BF00BF29
:10046000054B5B68C3F303130B4CE15C084B1B6843
:10047000CB40074C236010BD00100240002002401A
:100480000000FFF8FFFFF6FE08ED00E000127A0022
:100490000000002000093D000400002010B56FF0AE
:1004A000040000F085F9334800683349B0FBF1F0EF
:1004B000324908700846007800EB4001C1EBC010DB
:1004C0004FF6FF7101EAC0002D49088010BD0146BA
:1004D0002A4A12784A434FF0E0235A6100229A6177
:1004E0001A46126942F001021A6100BF4FF0E02281
:1004F000106910F0010F02D010F4803FF6D04FF0D9
:10050000E022126922F001024FF0E0231A6100227A
:100510009A61704701461A4A12884A434FF0E02315
:100520005A6100229A611A46126942F001021A6168
:1005300000BF4FF0E022106910F0010F02D010F45C
:10054000803FF6D04FF0E022126922F001024FF016
:10055000E0231A6100229A61704730B504460025F5
:1005600005E04FF47A70FFF7D5FF681C85B2A5420D
:10057000F7DB30BD0000002000127A0014000020DC
:100580001600002010B54FF4A06000F0C1F810BDB7
:10059000014600BF704700BF494A128812F0400F61
:1005A000FAD0C2B2464B1B1D1A80704710B586B0F8
:1005B0000446012144F2050000F02EFC4FF40070C7
:1005C000ADF8140003208DF8160018208DF81700E0
:1005D00005A93C4800F06AF94FF48060ADF81400BA
:1005E00004208DF8170005A9364800F05FF9252092
:1005F0008DF8000003208DF801008DF80200012025
:100600008DF80300684600F088F801940020ADF8EA
:100610000800ADF80A00ADF80C00ADF810000C2091
:10062000ADF80E0001A9264800F0A1FC012240F21D
:100630002551234800F033FD0121214800F023FD1E
:1006400006B010BD10B540F225511D4800F00CFE5B
:1006500010B31B4800F088FDC4B21B48008810F49A
:10066000004F2BD11848008810F4804F0CD00A2C72
:1006700003D000201449088020E01348008840F48B
:1006800000401149088019E00D2C06D10E48008861
:1006900040F480400C49088010E00B480088C0F30B
:1006A0000D000A490C5408480088401C064908807F
:1006B00008460088C72801DD0020088010BD000022
:1006C00000380140000801401800002038000020D8
:1006D0000948804709480047FEE7FEE7FEE7FEE7D6
:1006E000FEE7FEE7FEE7FEE7FEE7FEE70448054912
:1006F000054A064B704700009D03000831010008C1
:1007000020380020203E0020203A0020203A0020FF
:1007100031490143314A1160704770B5002100230F
:100720000F22C4780CB32D4C246804F4E064C4F5A3
:10073000E064210AC1F10403CA40447804FA03F1D9
:100740008478144021430901254C0678A15504788A
:1007500004F01F050124AC4005786D114FF0E02630
:1007600006EB8505C5F8004109E0047804F01F0593
:100770000124AC401B4D0678761145F8264070BD2B
:10078000194A0A400243154B1B1F1A60704739B1C2
:10079000124A121D12680243104B1B1D1A6006E01C
:1007A0000E4A121D126882430C4B1B1D1A607047C3
:1007B000042808D14FF0E021096941F004014FF00D
:1007C000E022116107E04FF0E021096921F0040106
:1007D0004FF0E022116170470000FA050CED00E0D7
:1007E00000E400E080E100E080FFFF1F10B5044658
:1007F000CA48844208D10121042000F027FB0021CF
:10080000042000F023FB46E0C548844208D10121C2
:10081000082000F01BFB0021082000F017FB3AE045
:10082000C048844208D10121102000F00FFB0021B4
:10083000102000F00BFB2EE0BB48844208D10121C0
:10084000202000F003FB0021202000F0FFFA22E02E
:10085000B648844208D10121402000F0F7FA002177
:10086000402000F0F3FA16E0B148844208D101219B
:10087000802000F0EBFA0021802000F0E7FA0AE087
:10088000AC48844207D10121801500F0DFFA002135
:10089000A01500F0DBFA10BD10B50121084600F0EC
:1008A000D5FA0021012000F0D1FA10BD2DE9F04168
:1008B000024600250026002000230024002791F88E
:1008C00003C00CF00F0591F803C01CF0100F03D00B
:1008D00091F802C04CEA050591F800C0BCF1000F88
:1008E00031D0146800202BE04FF0010C0CFA00F31B
:1008F000B1F800C00CEA03069E4220D183004FF0FD
:100900000F0C0CFA03F7BC4305FA03FC4CEA040491
:1009100091F803C0BCF1280F06D14FF0010C0CFA7E
:1009200000FCC2F814C00AE091F803C0BCF1480F03
:1009300005D14FF0010C0CFA00FCC2F810C0401CAD
:100940000828D1D31460B1F800C0BCF1FF0F34DD2A
:10095000546800202EE000F1080C4FF0010808FA5E
:100960000CF3B1F800C00CEA03069E4221D18300CB
:100970004FF00F0C0CFA03F7BC4305FA03FC4CEAEA
:10098000040491F803C0BCF1280F05D100F1080C54
:1009900008FA0CF8C2F8148091F803C0BCF1480FB3
:1009A00007D100F1080C4FF0010808FA0CF8C2F862
:1009B0001080401C0828CED35460BDE8F0814FF66B
:1009C000FF710180022181700421C17070470246CD
:1009D000002093680B4201D0012000E00020704706
:1009E0000146886880B2704702460020D3680B42F7
:1009F00001D0012000E0002070470146C86880B2A5
:100A0000704701617047416170470AB1016100E0C0
:100A100041617047C16070474FF480320A43826180
:100A20008161826182698269704702460020424B7F
:100A300018684FF68073184040EA021008433E4B96
:100A4000186070473D49C8617047F0B50A460023F9
:100A500000240021002500F00046B6F1004F02D12D
:100A6000354EF16901E0344E7168C0F3034583B23D
:100A700000F44016B6F5401F08D121F070612E4EEB
:100A8000766826F070662C4F7E6012E000F48016C7
:100A9000B6F5801F06D1032606FA05F4A14341F0FE
:100AA000706106E0460D360103FA06F6B14341F0E7
:100AB000706122B1460D360103FA06F6314300F0AB
:100AC0000046B6F1004F02D11B4EF16101E01A4E13
:100AD0007160F0BD30B500228B071C0F0F2303FAA5
:100AE00004F2154B08338C1053F824309343124C06
:100AF00008348D1044F8253023468C1053F82430E8
:100B00008C07240F00FA04F423430B4C08348D1097
:100B100044F8253030BD0A4908607047000801409C
:100B2000000C014000100140001401400018014079
:100B3000001C014000200140000001400000204254
:100B4000DC002042DD48006840F00100DB4908601D
:100B500008464068DA490840D849486008460068B5
:100B6000D8490840D54908600846006820F480202C
:100B700008600846406820F4FE0048604FF41F00FB
:100B800088607047CD49096821F48031CB4A1160F3
:100B90001146096821F480211160B0F5803F03D02F
:100BA000B0F5802F0ED106E0C449096841F48031C8
:100BB000C24A116007E0C149096841F4A021BF4A57
:100BC000116000E000BF00BF704710B50146002271
:100BD000002300204A11012A02D1B84C236806E004
:100BE000022A02D1B54C236A01E0B44C636A01F0D9
:100BF0001F02012494401C4201D0012000E000208B
:100C000010BD38B5002000900024002500BF312021
:100C1000FFF7DBFF05460098401C00900098B0F5F8
:100C2000A06F01D0002DF2D03120FFF7CEFF08B128
:100C3000012400E00024204638BD014600209F4AE0
:100C4000106820F0F80040EAC100106070479E492B
:100C50000860704702460020984B586820F47C10CA
:100C600042EA01031843954B58607047964908665D
:100C7000704701460020914A506820F00300084365
:100C8000506070478D48406800F00C007047014686
:100C900000208A4A506820F0F000084350607047F6
:100CA00001460020854A506820F4E0600843506007
:100CB000704701460020814A506820F4605040EAA5
:100CC000C1005060704729B17C4A527A02437B4B85
:100CD0005A7204E0794A527A8243784B5A727047CA
:100CE0007A490860704701460020744A506820F431
:100CF00040400843506070470021754A11706F4AA8
:100D000082F82010012802D0042808D103E0012134
:100D10006F4A117004E005216D4A117000E000BFB8
:100D200000BF70476B49086070476449096A014316
:100D3000624A11627047674944390860704730B5AC
:100D400000210022002400235C4D6D6805F00C0199
:100D500021B1042905D0082923D105E05E4D0560A5
:100D600022E05D4D05601FE0544D6D6805F4701282
:100D7000524D6D6805F48034022505EB92421CB992
:100D8000564D554305600BE04C4D6D6815F4003F22
:100D900003D0524D5543056002E04F4D5543056069
:100DA00002E04D4D056000BF00BF444D6D6805F089
:100DB000F00109094A4D6B5C0568DD4045603F4D17
:100DC0006D6805F4E061090A454D6B5C4568DD40DE
:100DD00085603A4D6D6805F46051C90A404D6B5C01
:100DE0004568DD40C560354D6D6805F44041890BAF
:100DF0003C4D6B5CC568B5FBF3F5056130BD29B1B1
:100E00002E4A526902432D4B5A6104E02B4A526923
:100E100082432A4B5A61704729B1284A926902439A
:100E2000264B9A6104E0254A92698243234B9A61DA
:100E3000704729B1214AD2690243204BDA6104E0AC
:100E40001E4AD26982431D4BDA61704729B11B4AA1
:100E5000D2680243194BDA6004E0184AD268824330
:100E6000164BDA60704729B1144A12690243134BDA
:100E70001A6104E0114A12698243104B1A617047EB
:100E800014494039086070470F49C86470470B49DE
:100E9000C87170470948406A40F08070074948624D
:100EA000704701460020054A92680A4201D001209D
:100EB00000E000207047014988727047001002402E
:100EC0000000FFF8FFFFF6FE00004242D800424259
:100ED000201002408004424200127A0000093D00C6
:100EE000200000203000002010B50446FB4884425A
:100EF00009D101218803FFF7A9FF00214FF48040A9
:100F0000FFF7A4FF32E0F648844209D101214804EA
:100F1000FFF7A9FF00214FF40030FFF7A4FF25E001
:100F2000F048844209D101218804FFF79CFF002189
:100F30004FF48020FFF797FF18E0EB48844209D177
:100F40000121C804FFF78FFF00214FF40020FFF7B5
:100F50008AFF0BE0E548844208D101210805FFF72C
:100F600082FF00214FF48010FFF77DFF10BD2DE9B7
:100F7000F04786B005460E460024A24600BFA146B3
:100F80000027B08900B100BF2F462C8A4CF6FF70B5
:100F90000440F08804432C82AC894EF6F3100440E0
:100FA000B08831890843718908430443AC81AC8A15
:100FB0004FF6FF400440B0890443AC8201A8FFF71C
:100FC000BEFEC648874202D1DDF810A001E0DDF880
:100FD0000CA0A88910F4004F08D00AEBCA0000EB5F
:100FE0000A1031684900B0FBF1F807E00AEBCA00CB
:100FF00000EB0A1031688900B0FBF1F86420B8FBFF
:10100000F0F004012009642101FB1089A88910F483
:10101000004F08D0322000EBC900B0FBF1F000F027
:101020000700044308E0322000EB09106421B0FB04
:10103000F1F000F00F0004432C8106B0BDE8F0870A
:101040004FF41651016000218180C18001810C2183
:10105000418100218181704710B502460020108A2D
:101060004FF2FF0318400B884C8823438C8823439E
:10107000CC8823431843108210BD00210180418099
:101080008180C180704721B1828942F400528281FF
:1010900004E082894DF6FF731A4082817047F0B5F3
:1010A00003460024002600250020A1F510676A3FB2
:1010B00000D100BF1846C1F3421401F01F060127FA
:1010C00007FA06F5012C01D10C3004E0022C01D105
:1010D000103000E014301AB107682F43076002E0B7
:1010E0000768AF430760F0BD1AB1838A0B43838260
:1010F00002E0838A8B4383827047028A4FF6F07343
:101100001A400282028A0A430282704782894FF2A1
:10111000FF731A40828182890A438281704721B11C
:10112000828942F00202828104E082894FF6FD73D7
:101130001A4082817047028A4FF6DF731A4002829A
:10114000028A0A430282704721B1028A42F4804235
:10115000028204E0028A4BF6FF731A400282704753
:10116000C1F308028280704701468888C0F30800F6
:101170007047818941F0010181817047028BD2B2B1
:101180000283028B42EA012202837047028B02F43F
:101190007F420283028B0A430283704721B1828A15
:1011A00042F02002828204E0828A4FF6DF731A4006
:1011B0008282704721B1828A42F01002828204E06A
:1011C000828A4FF6EF731A408282704721B1828A79
:1011D00042F00802828204E0828A4FF6F7731A40D6
:1011E0008282704721B1828942F40042828103E009
:1011F0008289C2F30E028281704721B1828A42F451
:101200000062828204E0828A4FF2FF731A40828277
:101210007047828A4FF6FB731A408282828A0A43A1
:101220008282704721B1828A42F00202828204E007
:10123000828A4FF6FD731A40828270470246002070
:10124000B1F5007F00D100BF13880B4201D001200F
:1012500000E00020704701F40072B2F5007F00D179
:1012600000BFCA430280704770B5024600240023C5
:1012700000250020A1F510666A3E00D100BFC1F331
:10128000421501F01F03012606FA03F3012D02D1D6
:101290009689334006E0022D02D1168A334001E0E0
:1012A000968A33400C12012606FA04F4168834405C
:1012B00013B10CB1012000E0002070BD10B5002278
:1012C0000023A1F510646A3C00D100BF0A1201247A
:1012D0009440A3B2DC43048010BD000000380140FC
:1012E0000044004000480040004C004000500040D6
:1012F00006E042F6E06100BF0A00A1F10101FBD166
:101300000200A0F10100F4D1704710B500BF4FF406
:101310000051FE48FFF75BFB0028F8D010BD10B568
:101320004FF48041F948FFF76EFB0A20FFF7E0FF1A
:101330004FF48041F548FFF764FB0A20FFF7D8FF20
:10134000042000F053FCFFF7E0FF502000F04EFCBB
:10135000972000F063FC10BD10B54FF48041EB48BE
:10136000FFF751FB0A20FFF7C3FF4FF48041E74826
:10137000FFF747FB0A20FFF7BBFF042000F036FC15
:10138000FFF7C3FFE02000F031FC022000F046FC34
:10139000E52000F02BFC5F2000F040FC10BD10B5F4
:1013A0004FF48041D948FFF72EFB0A20FFF7A0FF3A
:1013B0004FF48041D548FFF724FB0A20FFF798FF40
:1013C000042000F013FCFFF7A0FFE02000F00EFC6B
:1013D000022000F023FCE52000F008FC6E2000F065
:1013E0001DFC502000F002FCD72000F017FC10BDBF
:1013F00010B54FF48041C548FFF705FB0A20FFF701
:1014000077FF4FF48041C148FFF7FBFA0A20FFF74E
:101410006FFF002000F0EAFB1F2000F0FFFB04201C
:1014200000F0E4FBFFF771FFE02000F0DFFB02209B
:1014300000F0F4FBE52000F0D9FB5A2000F0EEFBB1
:1014400010BD10B5022000F0D1FBFFF75EFF0720B2
:1014500000F0CCFBA52000F0E1FB10BD10B5022090
:1014600000F0C4FBFFF751FF10BD10B5122000F0D3
:10147000BDFB0120FFF73CFFFFF747FF10BD70B534
:101480000546102000F0B2FB002404E0A049085DEE
:1014900000F0C4FB641CB4F5435FF7D3132000F0E5
:1014A000A5FB002406E0285D00F0B8FB285D984904
:1014B0000855641CB4F5435FF5D3FFF7D6FFFFF77B
:1014C000CDFF70BD10B5102000F090FB002404E0AB
:1014D0008F49085D00F0A2FB641CB4F5435FF7D3AD
:1014E000132000F083FB002406E0FF2000F096FBB1
:1014F000FF2087490855641CB4F5435FF5D3FFF717
:10150000B4FFFFF7ABFF10BD10B5102000F06EFB6D
:10151000002404E07E49085D00F080FB641CB4F503
:10152000435FF7D3132000F061FB002406E00020A6
:1015300000F074FB002076490855641CB4F5435F45
:10154000F5D3FFF792FFFFF789FF10BD70B5054691
:10155000102000F04BFB002404E06D49085D00F012
:101560005DFB641CB4F5435FF7D3132000F03EFB32
:10157000002406E0285D00F051FB285D6449085511
:10158000641CB4F5435FF5D3FFF76FFFFFF766FF09
:1015900070BD2DE9F05F05460F4691461E46DDF809
:1015A000288005F007002D1A05EB0800A0F1010BBB
:1015B000B819A0F1010AFFF7F2FE912000F016FB26
:1015C000902000F013FBE8B200F028FB0BF0FF00C6
:1015D00000F024FBC7F3072000F020FBF8B200F076
:1015E0001DFBCAF3072000F019FB0AF0FF0000F012
:1015F00015FB012000F012FB46480078012811D1AC
:10160000002044490870102000F0F0FA002403E0A4
:10161000FF2000F003FB641C06FB08F0B4EBD00FC6
:10162000F6D30EE0102000F0E1FA002404E03A497D
:10163000085D00F0F3FA641C06FB08F0B4EBD00F71
:10164000F5D3132000F0D2FA002408E019F80400C2
:1016500000F0E4FA19F804002F490855641C06FB51
:1016600008F0B4EBD00FF1D3FFF7FFFEFFF7F6FE63
:10167000BDE8F09F70B50546FFF791FE102000F021
:10168000B5FA002404E02249085D00F0C7FA641CA2
:10169000B4F5435FF7D3132000F0A8FA002406E066
:1016A000285D00F0BBFA285D19490855641CB4F5A3
:1016B000435FF5D3FFF7D9FEFFF7D0FE70BD2DE9EC
:1016C000FC5F0746884691469A46DDF830B0DDE972
:1016D000105607F007003F1AB819401E01900F98E6
:1016E00005FB0080401E0090FFF759FE912000F09E
:1016F0007DFA902000F07AFAF8B200F08FFA0199A2
:10170000C8B200F08BFAC8F3072007E000180140C8
:101710000001002034000020C031002000F07EFADB
:1017200008F0FF0000F07AFA0098C0F3072000F0FC
:1017300075FA0099C8B200F071FA012000F06EFA53
:10174000E8480078012813D10020E64908701020ED
:1017500000F04CFA002403E0FF2000F05FFA641C64
:1017600005FB06F00F994843B4EBD00FF4D33EE0ED
:10177000102000F03BFA002404E0DB49085D00F093
:101780004DFA641C05FB06F0B4EBD00FF5D3002432
:1017900004E0D649085D00F041FA641C05FB06F040
:1017A000B4EBD00FF5D3002404E0D149085D00F07C
:1017B00035FA641C05FB06F0B4EBD00FF5D300241A
:1017C00004E0CC49085D00F029FA641C05FB06F032
:1017D000B4EBD00FF5D3002404E0C749085D00F056
:1017E0001DFA641C05FB06F0B4EBD00FF5D31320F3
:1017F00000F0FCF9002408E019F8040000F00EFAEB
:1018000019F80400B8490855641C05FB06F0B4EB50
:10181000D00FF1D3002408E01AF8040000F0FEF91C
:101820001AF80400B1490855641C05FB06F0B4EB36
:10183000D00FF1D3002408E01BF8040000F0EEF90B
:101840001BF80400AA490855641C05FB06F0B4EB1C
:10185000D00FF1D3002408E00D99085D00F0DEF907
:101860000D98005DA3490855641C05FB06F0B4EB18
:10187000D00FF1D3002408E00E99085D00F0CEF9F6
:101880000E98005D9C490855641C05FB06F0B4EBFE
:10189000D00FF1D3BDE8FC9F2DE9FF4F87B0044680
:1018A0000D46164615AF97E8800F02A8A0E8000F76
:1018B0001498CDE900073246294620460A9BFFF7D7
:1018C000FEFEFFF7D2FDFFF7C9FD0BB0BDE8F08FBC
:1018D00010B54FF480418948FFF795F80A20FFF7CB
:1018E00007FD4FF480418548FFF78BF80A20FFF78A
:1018F000FFFC002000F07AF91B2000F08FF9042093
:1019000000F074F94FF49670FFF7F2FCFFF7FDFC5E
:10191000502000F06BF9972000F080F910BD10B551
:101920004FF480417548FFF76EF80A20FFF7E0FC9E
:101930004FF480417148FFF764F80A20FFF7D8FCA4
:10194000002000F053F9132000F068F9042000F0A3
:101950004DF9FFF7DAFC502000F048F9972000F02D
:101960005DF910BD2DE9F04107461E264FF4D078F1
:10197000102000F03BF900250BE0002406E005FBF9
:1019800006415F4A505C00F049F9641CB442F6D34A
:101990006D1C4545F1D3132000F028F900250DE01A
:1019A000002408E005FB0641785C00F037F9385D5B
:1019B00053490855641CB442F4D36D1C4545EFD31C
:1019C000FFF753FDBDE8F0812DE9F0478246102076
:1019D00000F00CF9002738E0002400252FE005EB8B
:1019E00047001AF800904FF0000824E009F0C00604
:1019F000C02E02D144F0010409E006B907E0802EB0
:101A000002D144F0010402E0402E00D100BF2DB904
:101A10004FEA89604FEA10696006040E012D08D173
:101A2000B8F1030F05D04FEA89604FEA10696006EC
:101A3000040E08F10108B8F1040FD7D36D1C022D74
:101A4000CDD3204600F0EAF87F1CB7F5435FC3D33F
:101A5000132000F0CBF8002737E0002400252EE00B
:101A600005EB47001AF800904FF0000823E009F05A
:101A7000C006C02E02D144F0010408E006B906E019
:101A8000802E00D103E0402E01D144F001042DB995
:101A90004FEA89604FEA10696006040E012D08D1F3
:101AA000B8F1030F05D04FEA89604FEA106960066C
:101AB000040E08F10108B8F1040FD8D36D1C022DF3
:101AC000CED3204600F0AAF87F1CB7F5435FC4D3FD
:101AD000122000F08BF80120FFF70AFCFFF715FC3D
:101AE000BDE8F08734000020C0320020C033002061
:101AF000C0340020C0350020C0360020001801404E
:101B00000001002008B501216020FFF785F94FF49E
:101B1000E060ADF8000010208DF8030002208DF881
:101B2000020069464948FEF7C1FE4FF44040ADF857
:101B3000000010208DF8030002208DF80200694695
:101B40004348FEF7B3FE4FF40050ADF800004820C4
:101B50008DF8030002208DF8020069463C48FEF72C
:101B6000A5FE4FF48050ADF8000010208DF8030062
:101B700002208DF8020069463548FEF797FE08BD41
:101B800000BF0100A0F10102D0B2FAD1704770B5D8
:101B900004460120FFF7F4FF002524E04FF4007114
:101BA0002A48FEF730FF0120FFF7EAFF14F0800F0C
:101BB00005D04FF480612548FEF723FF04E04FF481
:101BC00080612248FEF71FFF6006040E0120FFF728
:101BD000D7FF4FF400711D48FEF713FF0120FFF7F8
:101BE000CFFF681CC5B2082DD8DB70BD10B5044608
:101BF0000120FFF7C5FF4FF480711448FEF703FF83
:101C00004FF400411248FEF7FEFE2046FFF7BFFFEB
:101C10004FF480710D48FEF7F4FE10BD10B5044678
:101C20000120FFF7ADFF4FF480710848FEF7EBFE8F
:101C30004FF400410648FEF7E4FE2046FFF7A7FFF9
:101C40004FF480710148FEF7DCFE10BD0014014026
:101C500000180140704770477047704770477546DD
:101C600000F028F8AE4605006946534620F007000C
:101C7000854618B020B5FEF739FDBDE820404FF08D
:101C800000064FF000074FF000084FF0000B21F066
:101C90000701AC46ACE8C009ACE8C009ACE8C00933
:101CA000ACE8C0098D4670470446AFF3008020467B
:101CB000FEF785FA00487047C0370020FFFFFFFF9E
:101CC000FFFFFFFFFFFFFFFFFFFFFFFFFFFFFFE043
:101CD00003FFFFFFFFFFFC00001FFFFFFFFFE0000F
:101CE0000003FFFFFFFF80000000FFFFFFFE00007A
:101CF00000003FFFFFFC000000001FFFFFF8000096
:101D000000000FFFFFF003FFFFE007FFFFE03FFFD2
:101D1000FFFE03FFFFE0FFFFFFFF83FFFFC1FFFFA9
:101D2000FFFFC1FFFFC7FFFFFFFFF1FFFFC7FFFF7F
:101D3000FFFFF1FFFFCFFFFFFFFFF9FFFFCFFFFF27
:101D4000FFFFF9FFFFC7FFFFFFFFF1FFFFC7FFFF27
:101D5000FFFFF1FFFFC3FFFFFFFFE1FFFFE0FFFF1A
:101D6000FFFF83FFFFE03FFFFFFE03FFFFF003FFE6
:101D7000FFC007FFFFF8000000000FFFFFFC00009E
:101D800000001FFFFFFE000000003FFFFFFF80007C
:101D90000000FFFFFFFFE0000003FFFFFFFFFE006A
:101DA000003FFFFFFFFFFFFFFFFFFFFFFFFFFFFF02
:101DB000FFFFFFFFFFFFFFFFFFFFFFFFFFFFFFFF33
:101DC000FFFFFFFFFFFFFFFFFFFFFFFFFFFFFFFF23
:101DD000FFFFFFFFFFFFFFFFFFFFFFFFFFFFFFFF13
:101DE000FFFFFFFFFFFFFFFFFFFFFFFFFFFCFFFF06
:101DF000FFFFF3FFFFFCFFFFFFFFF3FFFFFCFFFF11
:101E0000FFFFF3FFFFFCFFFFFFFFF3FFFFFCFFFF00
:101E1000FFFFF3FFFFFCFFFFFFFFF3FFFFF8FFFFF4
:101E2000FFFFE3FFFFF80000000003FFFFF00000EA
:101E3000000003FFFFF00000000003FFFFC00000F0
:101E4000000003FFFFC00000000003FFFFC0000010
:101E5000000003FFFFFFFFFFFFFFC3FFFFFFFFFFC8
:101E6000FFFFE3FFFFFFFFFFFFFFF3FFFFFFFFFFAA
:101E7000FFFFF3FFFFFFFFFFFFFFF3FFFFFFFFFF8A
:101E8000FFFFF3FFFFFFFFFFFFFFF3FFFFFFFFFF7A
:101E9000FFFFFFFFFFFFFFFFFFFFFFFFFFFFFFFF52
:101EA000FFFFFFFFFFFFFFFFFFFFFFFFFFFFFFFF42
:101EB000FFFFFFFFFFFFFFFFFFFFFFFFFFFFFFFF32
:101EC000FFFFFFFFFFFFFFFFFFFFFFFFFFFFFFFF22
:101ED000FFFFE3FFFFFFC1FFFFFF83FFFFFF00FFE7
:101EE000FFFE03FFFFFC007FFFFC03FFFFF8007F06
:101EF000FFF803FFFFF0007FFFF043FFFFF0007FDC
:101F0000FFE1C3FFFFE1F07FFF83C3FFFFE3FFFFBC
:101F1000FF07C3FFFFE7FFFFFE0FC3FFFFC7FFFF82
:101F2000FC1FC3FFFFCFFFFFF83FC3FFFFCFFFFF43
:101F3000F07FC3FFFFCFFFFFE0FFC3FFFFCFFFFF37
:101F4000C1FFC3FFFFCFFFFF83FFC3FFFFC7FFFF3B
:101F500007FFC3FFFFC7FFFC0FFFC3FFFFC3FFF077
:101F60001FFFC3FFFFE0FFC03FFFC3FFFFE0000014
:101F70007FFF83FFFFF00000FFFF83FFFFF0000102
:101F8000FFFE03FFFFF80007FFF003FFFFFC000F59
:101F9000FFE003FFFFFF007FFFE00FFFFFFFFFFFFA
:101FA000FFE7FFFFFFFFFFFFFFFFFFFFFFFFFFFF59
:101FB000FFFFFFFFFFFFFFFFFFFFFFFFFFFFFFFF31
:101FC000FFFFFFFFFFFFFFFFFFFFFFFFFFFFFFFF21
:101FD000FFFFFFFFFFFFFFFFFFF87FFFFFFE07FF91
:101FE000FFF01FFFFFFC03FFFFE00FFFFFF803FF01
:101FF000FFE007FFFFF003FFFFE007FFFFE003FF45
:10200000FFE003FFFFE3C3FFFFF0E3FFFFE7FFFF96
:10201000FFFFF1FFFFC7FFFCFFFFF1FFFFCFFFFC5A
:10202000FFFFF9FFFFCFFFFCFFFFF9FFFFCFFFFC32
:10203000FFFFF9FFFFCFFFFCFFFFF9FFFFCFFFF826
:102040007FFFF9FFFFC7FFF87FFFF1FFFFC3FFF03E
:102050007FFFF1FFFFC1FFE23FFFE1FFFFE07F8273
:102060001FFFC3FFFFE000030FFF83FFFFF0000728
:1020700001FC07FFFFF8000F800007FFFFFC001FB7
:1020800080000FFFFFFE003FC0001FFFFFFF80FF2B
:10209000F0003FFFFFFFFFFFF800FFFFFFFFFFFF24
:1020A000FF07FFFFFFFFFFFFFFFFFFFFFFFFFFFF38
:1020B000FFFFFFFFFFFFFFFFFFFFFFFFFFFFFFFF30
:1020C000FFFFFFFFFFFFFFFFFF7FFFFFFFFFFFFFA0
:1020D000FC7FFFFFFFFFFFFFF87FFFFFFFFFFFFF1A
:1020E000E07FFFFFFFFFFFFF807FFFFFFFFFFFFF9E
:1020F000027FFFFFFFFFFFFC0E7FFFFFFFFFFFF8E8
:102100003E7FFFFFFFFFFFE07E7FFFFFFFFFFF81BE
:10211000FE7FFFFFFFFFFF03FE7FFFFFFFFFFC0FC0
:10212000FE7FF3FFFFFFF83FFE7FF3FFFFFFE07F3F
:10213000FE7FF3FFFFFFC1FFFE7FF3FFFFFF03FF03
:10214000FE7FF3FFFFFC0FFFFE7FF3FFFFF80000B1
:10215000000003FFFFE00000000003FFFFE00000BD
:10216000000003FFFFE00000000003FFFFE00000AD
:10217000000003FFFFE00000000003FFFFFFFFFF80
:10218000FE7FF3FFFFFFFFFFFE7FF3FFFFFFFFFF79
:10219000FE7FF3FFFFFFFFFFFE7FF3FFFFFFFFFF69
:1021A000FE7FF3FFFFFFFFFFFE7FF3FFFFFFFFFF59
:1021B000FE7FFFFFFFFFFFFFFFFFFFFFFFFFFFFFB0
:1021C000FFFFFFFFFFFFFFFFFFFFFFFFFFFFFFFF1F
:1021D000FFFFFFFFFFFFFFFFFFF07FFFFFFFFFFF9E
:1021E000FFE03FFFFFFFF0001FC01FFFFFE0000008
:1021F0001FC00FFFFFE000001FC007FFFFE0000C43
:102200001FC003FFFFE1FFF87FE1E3FFFFE1FFF005
:10221000FFFFF3FFFFE1FFF1FFFFF1FFFFE1FFF140
:10222000FFFFF1FFFFE1FFE3FFFFF9FFFFE1FFE346
:10223000FFFFF9FFFFE1FFE3FFFFF9FFFFE1FFE32E
:10224000FFFFF9FFFFE1FFE3FFFFF9FFFFE1FFE120
:10225000FFFFF1FFFFE1FFE1FFFFE1FFFFE1FFE033
:10226000FFFFC3FFFFE1FFF03FFF83FFFFE1FFF050
:102270000FFC03FFFFE1FFF8000007FFFFE1FFF89D
:1022800000000FFFFFE1FFFC00001FFFFFE1FFFF69
:1022900000003FFFFFE3FFFF8000FFFFFFFFFFFFA6
:1022A000F80FFFFFFFFFFFFFFFFFFFFFFFFFFFFF35
:1022B000FFFFFFFFFFFFFFFFFFFFFFFFFFFFFFFF2E
:1022C000FFFFFFFFFFFFFFFFFFFFFFFFFFFFFFF825
:1022D00001FFFFFFFFFFFE000007FFFFFFFFF00011
:1022E0000001FFFFFFFFC00000007FFFFFFF0000B5
:1022F00000001FFFFFFE000000000FFFFFFC0000BA
:10230000000007FFFFF807F81FF807FFFFF03FF096
:102310007FFF03FFFFF0FFE0FFFF83FFFFE1FFE12F
:10232000FFFFE1FFFFE3FFE3FFFFF1FFFFC7FFC395
:10233000FFFFF1FFFFC7FFC7FFFFF9FFFFCFFFC799
:10234000FFFFF9FFFFCFFFC7FFFFF9FFFFCFFFC779
:10235000FFFFF9FFFFCFFFC3FFFFF1FFFFC7FFC183
:10236000FFFFF1FFFFC01FC0FFFFE3FFFFC01FE043
:102370007FFF83FFFFE01FE00FF807FFFFF01FF074
:1023800000000FFFFFF01FF000000FFFFFFC3FFCFD
:1023900000003FFFFFFFFFFE00007FFFFFFFFFFF8A
:1023A000C001FFFFFFFFFFFFFFFFFFFFFFFFFFFF7A
:1023B000FFFFFFFFFFFFFFFFFFFFFFFFFFFFFFFF2D
:1023C000FFFFFFFFFFFFFFFFFFFFFFFFFFFFFFFF1D
:1023D000FFFFFFFFFFFFF3FFFFFFFFFFFFFC03FF18
:1023E000FFFFFFFFFFE003FFFFFFFFFFFFE007FF2F
:1023F000FFFFFFFFFFE03FFFFFFFFFFFFFE07FFF6B
:10240000FFFFFFFFFFE0FFFFFFFFFFFFFFE1FFFF19
:10241000FFFFFFFFFFE1FFFFFFE003FFFFE1FFFF23
:10242000FE0001FFFFE1FFFFF00001FFFFE1FFFF02
:10243000C00001FFFFE1FFFF000001FFFFE1FFFC23
:10244000000001FFFFE1FFE0000003FFFFE1FF806C
:102450000FFFFFFFFFE1FE007FFFFFFFFFE1FC0337
:10246000FFFFFFFFFFE1F01FFFFFFFFFFFE1C07F66
:10247000FFFFFFFFFFE101FFFFFFFFFFFFE007FF9F
:10248000FFFFFFFFFFE01FFFFFFFFFFFFFE07FFFFA
:10249000FFFFFFFFFFE1FFFFFFFFFFFFFFE3FFFF86
:1024A000FFFFFFFFFFFFFFFFFFFFFFFFFFFFFFFF3C
:1024B000FFFFFFFFFFFFFFFFFFFFFFFFFFFFFFFF2C
:1024C000FFFFFFFFFFFFFFFFFFFFFFFFFFFFFFFF1C
:1024D000FF01FFFFFFFF80FFF8007FFFFFFE003FCF
:1024E000F0003FFFFFFC001FE0001FFFFFF8000FA0
:1024F000C0000FFFFFF0000780FE07FFFFE07C0336
:1025000007FF83FFFFE1FF010FFFC3FFFFE3FF8032
:102510003FFFE3FFFFC7FFC07FFFF1FFFFC7FFE003
:102520007FFFF1FFFFCFFFE07FFFF9FFFFCFFFF05D
:102530007FFFF9FFFFCFFFF83FFFF9FFFFCFFFF865
:102540003FFFF9FFFFCFFFF81FFFF9FFFFC7FFFCB9
:102550000FFFF1FFFFC7FFF807FFF1FFFFC3FFF019
:1025600007FFE3FFFFE1FFE101FFE3FFFFE0FF8380
:1025700000FF83FFFFF00007803E07FFFFF000072A
:10258000C00007FFFFF8000FE0000FFFFFFC003F57
:10259000F0001FFFFFFF007FFC007FFFFFFFFFFF3A
:1025A000FF01FFFFFFFFFFFFFFFFFFFFFFFFFFFF39
:1025B000FFFFFFFFFFFFFFFFFFFFFFFFFFFFFFFF2B
:1025C000FFFFFFFFFFFFFFFFFFFFFFFFFFFFF00326
:1025D000FFFFFFFFFFFF80007FFFFFFFFFFE000008
:1025E0003FFF1FFFFFFC00001FFC0FFFFFF8000074
:1025F0000FFC07FFFFF0000007FC03FFFFE03FF8C0
:1026000007FC03FFFFE0FFFF03FC01FFFFE3FFFF09
:1026100083FE01FFFFC7FFFFC3FFF1FFFFC7FFFFFF
:10262000C3FFF9FFFFCFFFFFE3FFF9FFFFCFFFFF7E
:10263000E3FFF9FFFFCFFFFFE3FFF1FFFFCFFFFF56
:10264000C3FFF1FFFFCFFFFFC3FFE3FFFFC7FFFFA4
:1026500087FFC3FFFFC3FFFF07FF03FFFFE1FFFE8D
:102660000FFC07FFFFE07FFC1FE00FFFFFF00FF004
:1026700038001FFFFFF8000000003FFFFFFC0000D4
:1026800000007FFFFFFE00000001FFFFFFFF0000D2
:102690000007FFFFFFFFE000001FFFFFFFFFFC0040
:1026A00001FFFFFFFFFFFFFFFFFFFFFFFFFFFFFF38
:1026B000FFFFFFFFFFFFFFFFFFFFFFFFFFFFFFFF2A
:1026C000FFFFFFFFFFFFFFFFFFFFFFFFFFFFFFFF1A
:1026D000FFFFFFFFFFFFFFFFFFFFFFFFFFFFFFFF0A
:1026E000FFFFFFFFFFFFFFFFFFFFFFFFFFFFFFFFFA
:1026F000FFFFFFFFFFFFFFFFFFFFFFFFFFFFFFFFEA
:10270000FFFFFFFFFFFFFFFFFFFFFFFFFFFFFFFFD9
:10271000FFFFFFFFFFFFFFFFFFFFFFFFFFFFE1FFE7
:10272000FFC3FFFFFFFFC0FFFF81FFFFFFFF807FB1
:10273000FF00FFFFFFFF807FFF00FFFFFFFF807FA5
:10274000FF00FFFFFFFF807FFF00FFFFFFFFC0FFD5
:10275000FF81FFFFFFFFE1FFFFC3FFFFFFFFFFFF61
:10276000FFFFFFFFFFFFFFFFFFFFFFFFFFFFFFFF79
:10277000FFFFFFFFFFFFFFFFFFFFFFFFFFFFFFFF69
:10278000FFFFFFFFFFFFFFFFFFFFFFFFFFFFFFFF59
:10279000FFFFFFFFFFFFFFFFFFFFFFFFFFFFFFFF49
:1027A000FFFFFFFFFFFFFFFFFFFFFFFFFFFFFFFF39
:1027B000FFFFFFFFFFFFFFFFFFFFFFFFFFFFFFFF29
:1027C000FFFFFFFFFFFFFFFFFFFFFFFFFFFFFFFF19
:1027D000FFFFFFFFFFFFFFFFFFFFFFFFFFFFFFFF09
:1027E000FFFFFFFFFFFFFFFFFFFFFFFFFFFFFFFFF9
:1027F000FFFFFFFFFFFFFFFFFFFFFFFFFFFFFFFFE9
:10280000FFFFFFFFFFFFFFFFFFFFFFFFFFFFFFFFD8
:10281000FFFFFFFFFFFFFFFFFFFFFFFFFFFFFFFFC8
:10282000FFFFFFFFFFFFFFFFFFFFFFFFFFFFFFFFB8
:10283000FFFFFFFFFFFFFFFFFFFFFFFFFFFFFFFFA8
:10284000FFFFFFFFFFFFFFFFFFFFFFFFFFFFFFFF98
:10285000FFFFFFFFFFFFFFFFFFFFFFFFFFFFFFFF88
:10286000FFFFFFFFFFFFFFFFFFFFFFFFFFFFFFFF78
:10287000FFFFFFFFFFFFFFFFFFFFFFFFFFFFFFFF68
:10288000FFFFFFFFFFFFFFFFFFFFFFFFFFFFFFFF58
:10289000FFFFFFFFFFFFFFFFFFFFFFFFFFFFFFFF48
:1028A000FFFFFFFFFFFFFFFFFFFFFFFFFFFFFFFF38
:1028B000FFFFFFFFFFFFFFFFFFFFFFFFFFFFFFFF28
:1028C000FFFFFFFFFFFFFFFFFFFFFFFFFFFFFFFF18
:1028D000FFFFFFFFFFFFFFFFFFFFFFFFFFFFFFFF08
:1028E000FFFFFFFFFFFFFFFFFFFFFFFFFFFFFFFFF8
:1028F000FFFFFFFFFFFFFFFFFFFFFFFFFFFFFFFFE8
:10290000FFFFFFFFFFFFFFFFFFFFFFFFFFFFFFFFD7
:10291000FFFFFFFFFFFFFFFFFFFFFFFFFFFFFFFFC7
:10292000FFFFFFFFFFFFFFFFFFFFFFFFFFFFFFFFB7
:10293000FFFFFFFFFFFFFFFFFFFFFFFFFFFFFFFFA7
:10294000FFFFFFFFFFFFFFFFFFFFFFFFFFFFFFFF97
:10295000FFFFFFFFFFFFFFFFFFFFFFFFFFFFFFFF87
:10296000FFFFFFFFFFFFFFFFFFFFFFFFFFFFFFFF77
:10297000FFFFFFFFFFFFFFFFFFFFFFFFFFFFFFFF67
:10298000FFFFFFFFFFFFFFFFFFFFFFFFFFFFFFFF57
:10299000FFFFFFFFFFFFFFFFFFFFFFFFFFFFFFFF47
:1029A000FFFFFFFFFFFFFFFFFFFFFFFFFFFFFFFF37
:1029B000FFFFFFFFFFFFFFFFFFFFFFFFFFFFFFFF27
:1029C000FFFFFFFFFFFFFFFFFFFFFFFFFFFFFFFF17
:1029D000FFFFFFFFFFFFFFFFFFFFFFFFFFFFFFFF07
:1029E000FFFFFFFFFFFFFFFFFFFFFFFFFFFFFFFFF7
:1029F000FFFFFFFFFFFFFFFFFFFFFFFFFFFFFFFFE7
:102A0000FFFFFFFFFFFFFFFFFFFFFFFFFFFFFFFFD6
:102A1000FFFFFFFFFFFFFFFFFFFFFFFFFFFFFFFFC6
:102A2000FFFFFFFFFFFFFFFFFFFFFFFFFFFFFFFFB6
:102A3000FFFFFFFFFFFFFFFFFFFFFFFFFFFFFFFFA6
:102A4000FFFFFFFFFFFFFFFFFFFFFFFFFFFFFFFF96
:102A5000FFFFFFFFFFFFFFFFFFFFFFFFFFFFFFFF86
:102A6000FFFFFFFFFFFFFFFFFFFFFFFFFFFFFFFF76
:102A7000FFFFFFFFFFFFFFFFFFFFFFFFFFFFFFFF66
:102A8000FFFFFFFFFFFFFFFFFFFFFFFFFFFFFFFF56
:102A9000FFFFFFFFFFFFFFFFFFFFFFFFFFFFFFFF46
:102AA000FFFFFFFFFFFFFFFFFFFFFFFFFFFFFFFF36
:102AB000FFFFFFFFFFFFFFFFFFFFFFFFFFFFFFFF26
:102AC000FFFFFFFFFFFFFFFFFFFFFFFFFFFFFFFF16
:102AD000FFFFFFFFFFFFFFFFFFFFFFFFFFFFFFFF06
:102AE000FFFFFFFFFFFFFFFFFFF7FFFFFFFFFFFFFE
:102AF000FFFFFFFFFFFFFFFFFFFFFFF7FFFFFFFFEE
:102B0000FFFFFFFFFFFFFFF7FFFFFFFFFFFFFFFFDD
:102B1000FFFFFFFFFFFFFFFFFFF7FFFFFFFFFFFFCD
:102B2000FFFFFFFFFFF7FFFFFFFFFFFFFFFFFFFFBD
:102B3000FFFFFFFFFFFFFFF7FFFFFFFFFFFFFFFFAD
:102B4000FFFFFFF7FFFFFFFFFFFFFFFFFFFFFFFF9D
:102B5000FFFFFFFFFFF7FFFFFFFFFFFFFFFFFFFF8D
:102B6000FFF7FFFFFFFFFFFFFFFFFFFFFFFFFFFF7D
:102B7000FFFFFFF7FFFFFFFFFFFFFFFFFFFFFFF775
:102B8000FFFFFFFFFFFFFFFFFFFFFFFFFFFFFFFF55
:102B9000FFF7FFFFFFFFFFFFFFFFFFFFFFF7FFFF55
:102BA000FFFFFFFFFFFFFFFFFFFFFFFFFFFFFFF73D
:102BB000FFFFFFFFFFFFFFFFFFFFFFF7FFFFFFFF2D
:102BC000FFFFFFFFFFFFFFFFFFFFFFFFFFF7F80023
:102BD00003FFFFFFFFFFFFFFFFF7FFFFFFFFFFFF09
:102BE000FFFFFFFFFFFFFFFFFFFFFFF7F80003FFFF
:102BF000FFFFFFFFFFFFFFF7FFFFFFFFFFFFFFFFED
:102C0000FFFFFFFFFFFFFFFFFFF7F80003FFFFFFDE
:102C1000FFFFFFFFFFF7FFFFFFFFFFFFFFFFFFFFCC
:102C2000FFFFFFFFFFFFFFF7F80003FFFFFFFFFFBE
:102C3000FFFFFFF7FFFFFFFFFFFFFFFFFFFFFFFFAC
:102C4000FFFFFFFFFFF7F80003FFFFFFFFFFFFFF9E
:102C5000FFF7FFDFBFFE007FE007FF8E7FFFFFFF74
:102C6000FFFFFFF7F80003FFFFFFFFFFFC00FFF788
:102C7000FF9F9FFEF7FFEEF7FF77BFFFFFFFFFFF0E
:102C8000FFF7F80003FFFFFFFFFFFC00FFF7FFBBAC
:102C9000DFFEF7FFEEF7FF77BFFFFFFFFFFFFFF756
:102CA000F80003FFFFFFFFFFFDEFFFF7FFBBDFFEB5
:102CB000F7FFEEF7FF77BFFFFFFFFFFFFFF7F8001B
:102CC00003FFFFFFFFFFFDEFFFF7FFBBDFFEF3FF9B
:102CD000EEF7FF7BBFFFFFFFFFFFFFF7F80003FFEB
:102CE000FFFFFFFFFDEFFFF7FF801FFEF4FFEEF792
:102CF000FF7BBFFFFFFFFFFFFFF7F80003FFFFFFB2
:102D0000FFFFFDEFFFF7FFC43FFF0F7FF10FFF9CB9
:102D10007FFFFFFFFFFFFFF7F80003FFFFFFFFFF4D
:102D2000FCCFFFF7FFFFFFFFFFFFFFFFFFFFFFFFEE
:102D3000FFFFFFFFFFF7F80003FFFFFFFFFFFC0FA0
:102D4000FFF7FFFFFFFFE0FFE007FF003FFFFFFF90
:102D5000FFFFFFF7F80003FFFFFFFFFFFE1FFFF776
:102D6000FFFFDFFFDB7FFFFFFF7BFFFFFFFFFFFFBB
:102D7000FFF7F80003FFFFFFFFFFFFFFFFF7FFFF75
:102D8000DFFFDB7FFECFFF7BFFFFFFFFFFFFFFF7D4
:102D9000F80003FFFFFFFFFFFF00FFF7FFFFFFFF4C
:102DA000DB7FFDB7FF7BFFFFFFFFFFFFFFF7F800B3
:102DB00003FFFFFFFFFFFF00FFF7FFBFFFFFE2FF83
:102DC000FDB7FF7BFFFFFFFFFFFFFFF7F80003FFEB
:102DD000FFFFFFFFFF3FFFF7FFBFFFFFFFFFFDAF5D
:102DE000FF7BFFFFFFFFFFFFFFF7F80003FFFFFF81
:102DF000FFFFFF7FFFF7FFBF1FFFE6FFFE07FF8715
:102E0000FFFFFFFFFFFFFFF7F80003FFFFFFFFFFDC
:102E1000FF7FFFF7FFB81FFFDB7FFFFFFFFFFFFF15
:102E2000FFFFFFFFFFF7F80003FFFFFFFFFFFD00BD
:102E3000FFF7FFA0FFFFDB7FFE0FFF003FFFFFFF5D
:102E4000FFFFFFF7F80003FFFFFFFFFFFD00FFF7A5
:102E5000FF87FFFFDB7FFDF7FFFFFFFFFFFFFFFFA8
:102E6000FFF7F80003FFFFFFFFFFFFFFFFF7FF9FE4
:102E7000FFFFECFFFDF7FFFFFFFFFFFFFFFFFFF787
:102E8000F80003FFFFFFFFFFFF81FFF7FFFFFFFFDA
:102E9000FFFFFDF7FFFFFFFFFFFFFFFFFFF7F8005A
:102EA00003FFFFFFFFFFFF00FFF7FFFFFFFFE0FF54
:102EB000FEEFFFFFFFFFFFFFFFFFFFF7F80003FF3D
:102EC000FFFFFFFFFF7EFFF7FFEFFFFFDF7FFFFF4B
:102ED000FFFFFFFFFFFFFFFFFFF7F80003FFFFFF0C
:102EE000FFFFFF7EFFF7FFCFFFFFDF7FFFFFFF004A
:102EF0003FFFFFFFFFFFFFF7F80003FFFFFFFFFFAC
:102F0000FF3EFFF7FF801FFFDF7FE007FFFFFFFFB0
:102F1000FFFFFFFFFFF7F80003FFFFFFFFFFFF1CAE
:102F2000FFF7FF801FFFE0FFFFBFFFE03FFFFFFF56
:102F3000FFFFFFF7F80003FFFFFFFFFFFF9DFFF715
:102F4000FFFFFFFFFFFFFF3FFFF7FFFFFFFFF3FB69
:102F5000FFF7F80003FFFFFFFFFFFFFFFFF7FFFF93
:102F6000FFFFFFFFFECFFFEFFFFFFFFFF3F8FFF7CD
:102F7000F80003FFFFFFFFFFFF81FFF7FFFFFFFEEA
:102F8000007FFDF7FFEFFFFFFFFFE7FCFFF7F80013
:102F900003FFFFFFFFFFFF00FFF7FFFFFFFFFFFF44
:102FA000FFFFFFF03FFFFFFFC7FE7FF7F80003FFC3
:102FB000FFFFFFFFFF6EFFF7FFFFFFFFC0FFFFFFF9
:102FC000FFEFFFFFFFFFCFBE7FF7F80003FFFFFF1C
:102FD000FFFFFF6EFFF7FFFFFFFFFF7FFFFFFF8099
:102FE0003FFFFFFFCF3E7FF7F80003FFFFFFFFFF2C
:102FF000FF6EFFF7FFFFFFFFFF7FFFFFFFEFBFFF4A
:10300000FFFFCF3E7FF7F80003FFFFFFFFFFFF0C3E
:10301000FFF7FFA01FFFFF7FFECFFFFFFFFFFFFFB8
:10302000CE3E7FF7F80003FFFFFFFFFFFF8DFFF7A6
:10303000FFA01FFFC07FFDB7FFF07FFFFFFFE21C77
:10304000FFF7F80003FFFFFFFFFFFFFFFFF7FFFFA2
:10305000FFFFDFFFFDB7FFEDBFFFFFFFE088FFF7DA
:10306000F80003FFFFFFFFFFFF7EFFF7FFE01FFFFA
:10307000007FFDAFFFEDBFFFFFFFF3C1FFF7F800DB
:1030800003FFFFFFFFFFFF7EFFF7FFE01FFFDF7F74
:10309000FE07FFEDBFFFFFFFFFE3FFF7F80003FFB1
:1030A000FFFFFFFFFFFFFFF7FFE7FFFFFFFFFFFF50
:1030B000FFF17FFFFFFFFFFFFFF7F80003FFFFFFB8
:1030C000FFFFFFFFFFF7FFEFFFFEC07FFC07FFFFE3
:1030D000FFFFFFFFFFFFFFF7F80003FFFFFFFFFF0A
:1030E000FFFFFFF7FFEFFFFFFFFFFEFFFFFFFFFF09
:1030F000FFFFFFFE7FF7F80003FFFFFFFFFFFFFF6B
:10310000FFF7FFE01FFFFFFFFDFFFFE03FFFFFFFB7
:10311000FFFE7FF7F80003FFFFFFFFFFFFFFFFF752
:10312000FFF01FFFE0FFFDFFFFF7FFFFFFFFFFFFC7
:10313000FFF7F80003FFFFFFFFFFFFFFFFF7FFFFB1
:10314000FFFFDF7FFE07FFEFFFFFFFFFFFFFFFF740
:10315000F80003FFFFFFFFFFFFFFFFF7FFF03FFF58
:10316000DF7FFFFFFF803FFFFFFFCFFFFFF7F8008C
:1031700003FFFFFFFFFFFFFFFFF7FFE01FFFDF7F02
:10318000FFFFFF6FFFFFFFFFCFFFFFF7F80003FF19
:10319000FFFFFFFFFFFFFFF7FFEFDFFFE0FFFE0F87
:1031A000FF767FFFFFFFCFFFFFF7F80003FFFFFF72
:1031B000FFFFFFFFFFF7FFEFDFFFFFFFFDF7FFED73
:1031C000BFFFFFFFCFF87FF7F80003FFFFFFFFFF10
:1031D000FFFFFFF7FFE7DFFFC07FFDF7FFEDBFFF5A
:1031E000FFFFCFC07FF7F80003FFFFFFFFFFFFFFE8
:1031F000FFF7FFE39FFFEFFFFEF7FFED7FFFFFFF0E
:10320000CF83FFF7F80003FFFFFFFFFFFFFFFFF78C
:10321000FFF3BFFFDFFFE007FFF03FFFFFFFCC0F33
:10322000FFF7F80003FFFFFFFFFFFFFFFFF7FFFFC0
:10323000FFFFDFFFFFFFFFFFFFFFFFFFCC7FFFF779
:10324000F80003FFFFFFFFFFFFFFFFF7FF801FFFF7
:10325000E07FFFFFFFF07FFFFFFFC0FFFFF7F800F9
:1032600003FFFFFFFFFFFFFFFFF7FF801FFFFFFFD1
:10327000FFFFFFEFBFFFFFFFC3FFFFF7F80003FFF4
:10328000FFFFFFFFFFFFFFF7FFE7FFFFFFFFE7FF86
:10329000FFEFBFFFFFFFCFFFFFF7F80003FFFFFFC8
:1032A000FFFFFFFFFFF7FFEFFFFFFFFFF8FFFFEF5D
:1032B000BFFFFFFFCFFFFFF7F87FE3FFFFFFFFFF39
:1032C000FFFFFFF7FFEFFFFFFFFFFF1FFFF77FFF8E
:1032D000FFFFFFFFFFF7F87FE3FFFFFFFFFFFFFFA9
:1032E000FFF7FFE01FFFDF7FFFE7FFFFFFFFFFFFAD
:1032F000FFFFFFF7F83803FFFFFFFFFFFFFFFFF7B8
:10330000FFF01FFFFFFFFF1FFFFFFFFFFFFFFFFF9C
:10331000FFF7F81C03FFFFFFFFFFFFFFFFF7FFFFB3
:10332000FFFFFFFFF0FFFFF07FFFFFFFFFFFFFF753
:10333000F80703FFFFFFFFFFFFFFFFF7FFFFFFFFA0
:10334000FFFFEFFFFFEDBFFFFFFFFBFFFFF7F803FE
:1033500083FFFFFFFFFFFFFFFFF7FFFFFFFFFFFF01
:10336000F0FFFFEDBFFFFFFFF3FFFFF7F800C3FF24
:10337000FFFFFFFFFFFFFFF7FFFFFFFFFFFFFF1F45
:10338000FFEDBFFFFFFFE3FFFFF7F87FE3FFFFFF66
:10339000FFFFFFFFFFF7FFFFFFFFFDFFFFE7FFF16D
:1033A0007FFFFFFFC0007FF7F87FE3FFFFFFFFFF16
:1033B000FFFFFFF7FFFFFFFFF1FFFF1FFFFFFFFF13
:1033C000FFFFC0007FF7F80003FFFFFFFFFFFFFFD5
:1033D000FFF7FF801FFFCDFFF8FFFFFFFFFFFFFF9D
:1033E000FFFFFFF7F87FE3FFFFFFFFFFFFFFFFF7A0
:1033F000FF801FFF3DFFE7FFFFFFFFFFFFFFFFFF16
:10340000FFF7F87FE3FFFFFFFFFFFFFFFFF7FFBBC3
:10341000DFFE007FE007FFFFFFFFFFFFFFFFFFF77B
:10342000F84423FFFFFFFFFFFFFFFFF7FFBBDFFFB6
:10343000FDFFFEFFFFFFFFFFFFFFFFFFFFF7F84469
:1034400023FFFFFFFFFFFFFFFFF7FFBBDFFFFFFFD4
:10345000FDFFFFFFFFFFFFFFFFFFFFF7F84423FF24
:10346000FFFFFFFFFFFFFFF7FFBBDFFFBFFFFDFF1A
:10347000FFFFFFFFFFFFFFFFFFF7F84423FFFFFF02
:10348000FFFFFFFFFFF7FFBBDFFF7FFFFE07FFFF31
:10349000FFFFFFFFFFFFFFF7F84423FFFFFFFFFFE2
:1034A000FFFFFFF7FFBBDFFE007FFFFFFFFFFFFF18
:1034B000FFFFFFFFFFF7F84423FFFFFFFFFFFFFFC2
:1034C000FFF7FFBBDFFFFFFFFFFFFFFFFFFFFFFF78
:1034D000FFFFFFF7F84423FFFFFFFFFFFFFFFFF7AA
:1034E000FFFEFFFFFFFFEC07FFFFFFFFFFFFFFFFF8
:1034F000FFF7F86003FFFFFFFFFFFFFFFFF7FFFE8F
:10350000FFFF00FFFDFFFFFFFFFFFFFFFFFFFFF7D4
:10351000F87C03FFFFFFFFFFFFFFFFF7FFFEFFFE4B
:10352000F77FF007FFFFFFFFFFFFC0007FF7F81FE7
:10353000C3FFFFFFFFFFFFFFFFF7FFFEFFFEEF7F71
:10354000FDF7FFFFFFFFFFFFC0007FF7F803E3FF7A
:10355000FFFFFFFFFFFFFFF7FFFEFFFEEF7FFFFF15
:10356000FFFFFFFFFFFFFFFFFFF7F801E3FFFFFF94
:10357000FFFFFFFFFFF7FFFFFFFEEF7FFE0FFFFFE5
:10358000FFFFFFFFFFFFFFF7F80783FFFFFFFFFFCE
:10359000FFFFFFF7FFE003FF70FFFDB7FFFFFFFF37
:1035A000FFFFFFFFFFF7F83E03FFFFFFFFFFFFFFF7
:1035B000FFF7FFE003FFFFFFFDB7FFFFFFFFFFFF88
:1035C000C0007FF7F87803FFFFFFFFFFFFFFFFF763
:1035D000FFE79FFFFFFFFDB7FFFFFFFFFFFFC000FB
:1035E0007FF7F87803FFFFFFFFFFFFFFFFF7FFEF15
:1035F000DFFFFFFFFE2FFFFFFFFFFFFFE3FFFFF7F0
:10360000F83E03FFFFFFFFFFFFFFFFF7FFEFDFFFC6
:10361000FFFFFFFFFFFFFFFFFFFFF9FFFFF7F807C7
:1036200083FFFFFFFFFFFFFFFFF7FFE01FFFFFFF2D
:10363000FFFFFFFFFFFFFFFFF8FFFFF7F801E3FFCA
:10364000FFFFFFFFFFFFFFF7FFF03FFFDF7FFFFF01
:10365000FFFFFFFFFFFFFE3FFFF7F803E3FFFFFF62
:10366000FFFFFFFFFFF7FFFFFFFFE4FFFFFFFFFF8D
:10367000FFFFFFFFFF1FFFF7F81FC3FFFFFFFFFF65
:10368000FFFFFFF7FFF63FFFFBFFFFFFFFFFFFFF1F
:10369000FFFFFF8FFFF7F87C03FFFFFFFFFFFFFF38
:1036A000FFF7FFE61FFFE4FFFFFFFFFFFFFFFFFF46
:1036B000FFE7FFF7F86003FFFFFFFFFFFFFFFFF7E4
:1036C000FFECDFFFDF7FFFFFFFFFFFFFFFFFFFF1EB
:1036D000FFF7F80003FFFFFFFFFFFE39FFF7FFEDE5
:1036E000DFFFFFFFFFFFFFFFFFFFFFFFFFF8FFF719
:1036F000F80003FFFFFFFFFFFC18FFF7FFED9FFF40
:10370000FFFFFFFFFFFFFFFFFFFFC0007FF7F80095
:1037100003FFFFFFFFFFFCDCFFF7FFE01FFFFFFFE2
:10372000FFFFFFFFFFFFFFFFC0007FF7F80003FF71
:10373000FFFFFFFFFC007FF7FFF01FFF7F7FFFFF12
:10374000FFFFFFFFFFFFFFFFFFF7F80003FFFFFF93
:10375000FFFFFC007FF7FFFFFFFEFE7FFFFFFFFF85
:10376000FFFFFFFFFFFFFFF7F87FE3FFFFFFFFFF14
:10377000FDECFFF7FFE003FEFD7FFFFFFFFFFFFF14
:10378000FFFFFF07FFF7F87FE3FFFFFFFFFFFCE00E
:10379000FFF7FFE003FEFB7FFFFFFFFFFFFFFFFFE1
:1037A000F803FFF7F84203FFFFFFFFFFFEF1FFF70B
:1037B000FFE79FFEF77FFFFFFFFFFFFFFFFFF0F137
:1037C000FFF7F84203FFFFFFFFFFFFFFFFF7FFEFE9
:1037D000DFFF0F7FFFFFFFFFFFFFFFFFE3F8FFF7B4
:1037E000F84203FFFFFFFFFFFFFFFFF7FFEFDFFFE1
:1037F000FFFFFFFFFFFFFFFFFFFFE7FCFFF7F842C0
:1038000003FFFFFFFFFFFFFFFFF7FFE01FFFFDFFCD
:10381000FFFFFFFFFFFFFFFFE7FC7FF7F86603FFF7
:10382000FFFFFFFFFFFFFFF7FFF03FFFF1FFFFFF8D
:10383000FFFFFFFFFFFFCFFE7FF7F87E03FFFFFFD5
:10384000FFFFFFFFFFF7FFFFFFFFCDFFFFFFFFFFC2
:10385000FFFFFFFFCFFE7FF7F83C03FFFFFFFFFFF7
:10386000FFFFFFF7FFF03FFF3DFFFFFFFFFFFFFF01
:10387000FFFFCFFE7FF7F80003FFFFFFFFFFFFFF13
:10388000FFF7FFE01FFE007FFFFFFFFFFFFFFFFFCF
:10389000CFFE7FF7F87FE3FFFFFFFFFFFFFFFFF79C
:1038A000FFEDDFFFFDFFFFFFFFFFFFFFFFFFCFFE8D
:1038B0007FF7F87FE3FFFFFFFFFFFFFFFFF7FFED5D
:1038C000DFFF00FFFFFFFFFFFFFFFFFFCFFCFFF762
:1038D000F84203FFFFFFFFFFFFFFFFF7FFEDDFFEF3
:1038E000FF7FFFFFFFFFFFFFFFFFE7FCFFF7F8424F
:1038F00003FFFFFFFFFFFFFFFFF7FFE19FFEFF7FDB
:10390000FFFFFFFFFFFFFFFFE1F0FFF7F84203FFBC
:10391000FFFFFFFFFFFFFFF7FFF1BFFEFF7FFFFF8E
:10392000FFFFFFFFFFFFF9F1FFF7F84303FFFFFF82
:10393000FFFFFFFFFFF7FFFFFFFEFF7FFFFFFFFF20
:10394000FFFFFFFFFFF7FFF7F84383FFFFFFFFFFD6
:10395000FFFFFFF7FFE01FFF00FFFFFFFFFFFFFF7D
:10396000FFFFFFFFFFF7F862C3FFFFFFFFFFFFFF4F
:10397000FFF7FFE01FFFFFFFFFFFFFFFFFFFFFFF5E
:10398000FFFFFFF7F87E63FFFFFFFFFFFFFFFFF77B
:10399000FFE7FFFFFFFFFFFFFFFFFFFFFFFFC0008D
:1039A0007FF7F83C23FFFFFFFFFFFFFFFFF7FFEF6D
:1039B000FFFFFFFFFFFFFFFFFFFFFFFFC0007FF7DD
:1039C000F80003FFFFFFFFFFFFFFFFF7FFEFFFFF21
:1039D000FFFFFFFFFFFFFFFFFFFFFF3FFFF7F80FB6
:1039E00003FFFFFFFFFFFFFFFFF7FFFFFFFFFFFFEB
:1039F000FFFFFFFFFFFFFFFFFF3FFFF7F83FC3FFA2
:103A0000FFFFFFFFFFFFFFF7FFFFFFFFFFFFFFFFCE
:103A1000FFFFFFFFFFFFFF3FFFF7F830C3FFFFFF90
:103A2000FFFFFFFFFFF7FFFFFFFFFFFFFFFFFFFFAE
:103A3000FFFFFFFFFF3FFFF7F86063FFFFFFFFFFA0
:103A4000FFFFFFF7FFFFFFFFFFFFFFFFFFFFFFFF8E
:103A5000FFFFFF3FFFF7F84023FFFFFFFFFFFFFFE0
:103A6000FFF7FFFFFFFFFFFFFFFFFFFFFFFFFFFF6E
:103A7000FF3FFFF7F84023FFFFFFFFFFFFFFFFF7C8
:103A8000FFFFFFFFFFFFFFFFFFFFFFFFFFFFFF3F06
:103A9000FFF7F84023FFFFFFFF83FFFFFFF7FFFF64
:103AA000FFFFFFFFFFFFFFFFFFFFFFFFFF3FFFF7EE
:103AB000F86063FFFFFFFF83FFFFFFF7FFFFFFFFDC
:103AC000FFFFFFFFFFFFFFFFFFFFFF3FFFF7F830A4
:103AD000C3FFFFFFFF07FFFFFFF7FFFFFFFFFFFF32
:103AE000FFFFFFFFFFFFFFFFFF3FFFF7F83FC3FFB1
:103AF000FFFFFE07FFFFFFF7FFFFFFFFFFFFFFFFD7
:103B0000FFFFFFFFFFFFC0007FF7F80F03FFFFFF7E
:103B1000FE0FFFFFFFF7FFFFFFFFFFFFFFFFFFFFAE
:103B2000FFFFFFFFC0007FF7F80003FFFFFFFC0F60
:103B3000FFFFFFF7FFFFFFFFFFFFFFFFFFFFFFFF9D
:103B4000FFFFFFFFFFF7F87FE3FFFFFFF81FFFFF17
:103B5000FFF7FFFFFFFFFFFFFFFFFFFFFFFFFFFF7D
:103B6000FFFFFFF7F87FE3FFFFFFF00000007FF7A4
:103B7000FFFFFFFFFFFFFFFFFFFFFFFFFFFFFFFF55
:103B8000FFF7F84023FFFFFFC00000007FF7FFFFB3
:103B9000FFFFFFFFFFFFFFFFFFFFFFFFFFFFFFF73D
:103BA000F84023FFFFFFC00000007FF7FFFFFFFF8B
:103BB000FFFFFFFFFFFFFFFFFFFFFFFFFFF7F840E3
:103BC00023FFFFFFC00000007FF7FFFFFFFFFFFFA5
:103BD000FFFFFFFFFFFFFFFFFFFFFFF7F84023FF9F
:103BE000FFFFC00000007FF7FFFFFFFFFFFFFFFFA9
:103BF000FFFFFFFFFFFFFFFFFFF7F86063FFFFFF1F
:103C0000FFFFFFFFFFF7FFFFFFFFFFFFFFFFFFFFCC
:103C1000FFFFFFFFFFFFFFF7F870E3FFFFFFFFFF6E
:103C2000FFFFFFF7FFFFFFFFFFFFFFFFFFFFFFFFAC
:103C3000FFFFC0007FF7F83FC3FFFFFFFFFFFFFF5D
:103C4000FFF7FFFFFFFFFFFFFFFFFFFFFFFFFFFF8C
:103C5000C0007FF7F81F83FFFFFFFFFFFFFFFFF7A5
:103C6000FFFFFFFFFFFFFFFFFFFFFFFFFFFFCF3E55
:103C70007FF7F80003FFFFFFFFFFFFFFFFF7FFFFE6
:103C8000FFFFFFFFFFFFFFFFFFFFFFFFCF3E7FF7BD
:103C9000F87F83FFFFFFFFFFFFFFFFF7FFFFFFFF3F
:103CA000FFFFFFFFFFFFFFFFFFFFCF3E7FF7F87F24
:103CB000C3FFFFFFFFFFFFFFFFF7FFFFFFFFFFFF58
:103CC000FFFFFFFFFFFFFFFFCF3E7FF7F80063FF1F
:103CD000FFFFFFFFFFFFFFF7FFFFFFFFFFFFFFFFFC
:103CE000FFFFFFFFFFFFCF3E7FF7F80023FFFFFF3F
:103CF000FF007FFFFFF7FFFFFFFFFFFFFFFFFFFF5B
:103D0000FFFFFFFFCF3E7FF7F80023FFFFFFFC0020
:103D10001F1FFFF7FFFFFFFFFFFFFFFFFFFFFFFF7B
:103D2000FFFFCF3E7FF7F80023FFFFFFF8000F03F0
:103D3000FFF7FFFFFFFFFFFFFFFFFFFFFFFFFFFF9B
:103D4000CF3E7FF7F80063FFFFFFF0000701FFF7AA
:103D5000FFFFFFFFFFFFFFFFFFFFFFFFFFFFCF3E64
:103D60007FF7F87FC3FFFFFFE0000300FFF7FFFFCF
:103D7000FFFFFFFFFFFFFFFFFFFFFFFFCF3E7FF7CC
:103D8000F87F83FFFFFFE03E0300FFF7FFFFFFFF29
:103D9000FFFFFFFFFFFFFFFFFFFFCFFE7FF7F800F2
:103DA00003FFFFFFC07F81C07FF7FFFFFFFFFFFF23
:103DB000FFFFFFFFFFFFFFFFFFFFFFF7F80F03FF0E
:103DC000FFFFC0FF81E07FF7FFFFFFFFFFFFFFFF67
:103DD000FFFFFFFFFFFFFFCFFFF7F83FC3FFFFFF2E
:103DE000C1FFC1F07FF7FFFFFFFFFFFFFFFFFFFFF6
:103DF000FFFFFFFFFFCFFFF7F830E3FFFFFFC1FF3B
:103E0000C1F07FF7FFFFFFFFFFFFFFFFFFFFFFFF97
:103E1000FFFFFFCFFFF7F86063FFFFFFC1FFC1F0B7
:103E20007FF7FFFFFFFFFFFFFFFFFFFFFFFFFFFF2A
:103E3000FFCFFFF7F84023FFFFFFC1FFC1F07FF77F
:103E4000FFFFFFFFFFFFFFFFFFFFFFFFFFFFFFCFB2
:103E5000FFF7F84023FFFFFFC0FF83E07FF7FFFF7E
:103E6000FFFFFFFFFFFFFFFFFFFFFFFFFFCFFFF79A
:103E7000F84023FFFFFFE0FF03C0FFF7FFFFFFFF56
:103E8000FFFFFFFFFFFFFFFFFFFFFFFFFFF7F860F0
:103E900063FFFFFFE03E0600FFF7FFFFFFFFFFFFAE
:103EA000FFFFFFFFFFFFFFFFFFFFFFF7F830C3FF3C
:103EB000FFFFF0000001FFF7FFFFFFFFFFFFFFFF25
:103EC000FFFFFFFFFFFFC0007FF7F81083FFFFFF3A
:103ED000F8000003FFF7FFFFFFFFFFFFFFFFFFFFFB
:103EE000FFFFFFFFC0007FF7F84003FFFFFFFC006C
:103EF0000007FFF7FFFFFFFFFFFFFFFFFFFFFFFFD1
:103F0000FFFFCF9FFFF7F84003FFFFFFFE00001FFA
:103F1000FFF7FFFFFFFFFFFFFFFFFFFFFFFFFFFFB9
:103F2000CF9FFFF7F84003FFFFFFFFC000FFFFF741
:103F3000FFFFFFFFFFFFFFFFFFFFFFFFFFFFCF9F21
:103F4000FFF7F84003FFFFFFFFFFFFFFFFF7FFFF53
:103F5000FFFFFFFFFFFFFFFFFFFFFFFFCF9FFFF709
:103F6000F87FE3FFFFFFFFFFFFFFFFF7FFFFFFFF0C
:103F7000FFFFFFFFFFFFFFFFFFFFCF9FFFF7F87F70
:103F8000E3FFFFFFFFFFFFFFFFF7FFFFFFFFFFFF65
:103F9000FFFFFFFFFFFFFFFFCF9FFFF7F84003FF8B
:103FA000FFFFFFFFFFF07FF7FFFFFFFFFFFFFFFFB8
:103FB000FFFFFFFFFFFFCF9FFFF7F84003FFFFFF6B
:103FC000FFFFFFF07FF7FFFFFFFFFFFFFFFFFFFF98
:103FD000FFFFFFFFCF9FFFF7F84003FFFFFFFFFF4B
:103FE000FFF07FF7FFFFFFFFFFFFFFFFFFFFFFFF78
:103FF000FFFFE73FFFF7F84003FFFFFFFFFFFFF082
:104000007FF7FFFFFFFFFFFFFFFFFFFFFFFFFFFF48
:10401000E03FFFF7F80003FFFFFFFFFFFFF07FF730
:10402000FFFFFFFFFFFFFFFFFFFFFFFFFFFFE07F3F
:10403000FFF7F80003FFFFFFFFFFFFFFFFF7FFFFA2
:10404000FFFFFFFFFFFFFFFFFFFFFFFFFFFF7FF708
:10405000F80003FFFFFFFFFFFFFFFFF7FFFFFFFF7A
:10406000FFFFFFFFFFFFFFFFFFFFFFF87FF7F800F5
:1040700003FFFFFFFFFFFFFFFFF7FFFFFFFFFFFF54
:10408000FFFFFFFFFFFFFFFFFFF0FFF7F80003FF59
:10409000FFFFFFFFFFFFFFF7FFFFFFFFFFFFFFFF38
:1040A000FFFFFFFFFFFFFF83FFF7F87FA3FFFFFF87
:1040B000FFFFE01FFFF7FFFFFFFFFFFFFFFFFFFF17
:1040C000FFFFFFFFFE07FFF7F87FA3FFFFFFFE07DD
:1040D000C007FFF7FFFFFFFFFFFFFFFFFFFFFFFF2F
:1040E000FFFFF80FFFF7F80003FFFFFFF80380035F
:1040F000FFF7FFFFFFFFFFFFFFFFFFFFFFFFFFFFD8
:10410000E0CFFFF7F80003FFFFFFF0010001FFF72A
:10411000FFFFFFFFFFFFFFFFFFFFFFFFFFFFC3CF1B
:10412000FFF7F80003FFFFFFE0000000FFF7FFFFCD
:10413000FFFFFFFFFFFFFFFFFFFFFFFFC7CFFFF7FF
:10414000F80003FFFFFFE0000780FFF7FFFFFFFF1E
:10415000FFFFFFFFFFFFFFFFFFFFE1CFFFF7F800CB
:1041600003FFFFFFC0601FE07FF7FFFFFFFFFFFFC0
:10417000FFFFFFFFFFFFFFFFF84FFFF7F80003FF10
:10418000FFFFC0F01FE07FF7FFFFFFFFFFFFFFFF14
:10419000FFFFFFFFFFFFFC0FFFF7F80003FFFFFF2C
:1041A000C1F83FF07FF7FFFFFFFFFFFFFFFFFFFFBB
:1041B000FFFFFFFFFF03FFF7F80003FFFFFFC1F85A
:1041C0003FF07FF7FFFFFFFFFFFFFFFFFFFFFFFF56
:1041D000FFFFFFE1FFF7F80003FFFFFFC1F83FF02B
:1041E0007FF7FFFFFFFFFFFFFFFFFFFFFFFFFFFF67
:1041F000FFF07FF7F80003FFFFFFC1F83FF07FF704
:10420000FFFFFFFFFFFFFFFFFFFFFFFFFFFFFFFCC1
:104210007FF7F80003FFFFFFC0F01FE07FF7FFFF0D
:10422000FFFFFFFFFFFFFFFFFFFFFFFFFFFFFFF7A6
:10423000F80003FFFFFFC0601FE07FF7FFFFFFFFF5
:10424000FFFFFFFFFFFFFFFFFFFFC0007FF7F8004A
:1042500003FFFFFFE0000780FFF7FFFFFFFFFFFF07
:10426000FFFFFFFFFFFFFFFFC0007FF7F80003FF26
:10427000FFFFE0000000FFF7FFFFFFFFFFFFFFFF72
:10428000FFFFFFFFFFFFCF9FFFF7F80003FFFFFFD8
:10429000F0010001FFF7FFFFFFFFFFFFFFFFFFFF40
:1042A000FFFFFFFFCF9FFFF7F80003FFFFFFF803BB
:1042B0008003FFF7FFFFFFFFFFFFFFFFFFFFFFFF91
:1042C000FFFFCF9FFFF7F80003FFFFFFFE07C007C8
:1042D000FFF7FFFFFFFFFFFFFFFFFFFFFFFFFFFFF6
:1042E000CF9FFFF7F80003FFFFFFFFFFF01FFFF76F
:1042F000FFFFFFFFFFFFFFFFFFFFFFFFFFFFCF9F5E
:10430000FFF7F80003FFFFFFFFFFFFFFFFF7FFFFCF
:10431000FFFFFFFFFFFFFFFFFFFFFFFFCF9FFFF745
:10432000F80003FFFFFFFFE000FFFFF7FFFFFFFFC5
:10433000FFFFFFFFFFFFFFFFFFFFCF9FFFF7F8002B
:1043400003FFFFFFFE00000FFFF7FFFFFFFFFFFF70
:10435000FFFFFFFFFFFFFFFFCF9FFFF7F80003FF07
:10436000FFFFF8000003FFF7FFFFFFFFFFFFFFFF66
:10437000FFFFFFFFFFFFC73FFFF7F80003FFFFFF4F
:10438000F0000001FFF7FFFFFFFFFFFFFFFFFFFF50
:10439000FFFFFFFFE03FFFF7F80003FFFFFFE00034
:1043A0000000FFF7FFFFFFFFFFFFFFFFFFFFFFFF23
:1043B000FFFFF07FFFF7F80003FFFFFFE00FFE00B5
:1043C000FFF7FFFFFFFFFFFFFFFFFFFFFFFFFFFF05
:1043D000FFFFFFF7F80003FFFFFFC07FFFC07FF77D
:1043E000FFFFFFFFFFFFFFFFFFFFFFFFFFFFFFFFDD
:1043F000FFF7F80003FFFFFFC0FFFFE07FF7FFFFBD
:10440000FFFFFFFFFFFFFFFFFFFFFFFFFFFFFFF7C4
:10441000F80003FFFFFFC1FFFFF07FF7FFFFFFFF83
:10442000FFFFFFFFFFFFFFFFFFFFC0007FF7F80068
:1044300003FFFFFFC1FFFFF07FF7FFFFFFFFFFFF5D
:10444000FFFFFFFFFFFFFFFFC0007FF7F80003FF44
:10445000FFFFC1FFFFF07FF7FFFFFFFFFFFFFFFF41
:10446000FFFFFFFFFFFFCF3E7FF7F80003FFFFFFD7
:10447000C1FFFFF07FF7FFFFFFFFFFFFFFFFFFFF21
:10448000FFFFFFFFCF3E7FF7F80003FFFFFFC0FFF6
:10449000FFE07FF7FFFFFFFFFFFFFFFFFFFFFFFFD3
:1044A000FFFFCF3E7FF7F80003FFFFFFC07FFFC095
:1044B0007FF7FFFFFFFFFFFFFFFFFFFFFFFFFFFF94
:1044C000CF3E7FF7F80003FFFFFFE00FFE00FFF78E
:1044D000FFFFFFFFFFFFFFFFFFFFFFFFFFFFCF3EDD
:1044E0007FF7F80003FFFFFFE0000000FFF7FFFF8A
:1044F000FFFFFFFFFFFFFFFFFFFFFFFFCF3E7FF745
:10450000F80003FFFFFFF0000001FFF7FFFFFFFFD0
:10451000FFFFFFFFFFFFFFFFFFFFCF3E7FF7F8002A
:1045200003FFFFFFF8000003FFF7FFFFFFFFFFFFA0
:10453000FFFFFFFFFFFFFFFFCF3E7FF7F80003FF06
:10454000FFFFFE00000FFFF7FFFFFFFFFFFFFFFF72
:10455000FFFFFFFFFFFFCF3E7FF7F80003FFFFFFE6
:10456000FFE000FFFFF7FFFFFFFFFFFFFFFFFFFF81
:10457000FFFFFFFFCF3E7FF7F80003FFFFFFFFFFC6
:10458000FFFFFFF7FFFFFFFFFFFFFFFFFFFFFFFF43
:10459000FFFFFFFE7FF7F80003FFFFFFFFFFFFFFB6
:1045A000FFF7FFFFFFFFFFFFFFFFFFFFFFFFFFFF23
:1045B000FFFFFFF7F80003FFFFFFFFFFFFFFFFF71D
:1045C000FFFFFFFFFFFFFFFFFFFFFFFFFFFFFFFFFB
:1045D000FFF7F80003FFFFFFFFFFFFFFFFF7FFFFFD
:1045E000FFFFFFFFFFFFFFFFFFFFFFFFC0007FF7A1
:1045F000F80003FFFFFFFFFFFFFFFFF7FFFFFFFFD5
:10460000FFFFFFFFFFFFFFFFFFFFC0007FF7F80086
:1046100003FFFFFFFFFFFFFFFFF7FFFFFFFFFFFFAE
:10462000FFFFFFFFFFFFFFFFCF3FFFF7F80003FF94
:10463000FFFFFFFFFFFFFFF7FFFFFFFFFFFFFFFF92
:10464000FFFFFFFFFFFFCF3FFFF7F80003FFFFFF74
:10465000FFFFFFFFFFF7FFFFFFFFFFFFFFFFFFFF72
:10466000FFFFFFFFCF3FFFF7F80003FFFFFFFFFF54
:10467000FFFFFFF7FFFFFFFFFFFFFFFFFFFFFFFF52
:10468000FFFFCF3FFFF7F80003FFFFFFFFFFFFFF34
:10469000FFF7FFFFFFFFFFFFFFFFFFFFFFFFFFFF32
:1046A000CF3FFFF7F80003FFFFFFFFFFFFFFFFF71C
:1046B000FFFFFFFFFFFFFFFFFFFFFFFFFFFFCF1F1A
:1046C000FFF7F80003FFFFFFFFFFFFFFFFF7FFFF0C
:1046D000FFFFFFFFFFFFFFFFFFFFFFFFCF1FFFF702
:1046E000F80003FFFFFFFFFFFFFFFFF7FFFFFFFFE4
:1046F000FFFFFFFFFFFFFFFFFFFFCF07FFF7F80000
:1047000003FFFFFFFFFFFFFFFFF7FFFFFFFFFFFFBD
:10471000FFFFFFFFFFFFFFFFC761FFF7F80003FF89
:10472000FFFFFFFFFFFFFFF7FFFFFFFFFFFFFFFFA1
:10473000FFFFFFFFFFFFE670FFF7F80003FFFFFF3B
:10474000FFFFFFFFFFF7FFFFFFFFFFFFFFFFFFFF81
:10475000FFFFFFFFE07C7FF7FFFFFFFFFFFFFFFF93
:10476000FFFFFFF7FFFFFFFFFFFFFFFFFFFFFFFF61
:10477000FFFFF9FE7FF7FFFFFFFFFFFFFFFFFFFFD8
:10478000FFF7FFFFFFFFFFFFFFFFFFFFFFFFFFFF41
:10479000FFFFFFF7FFFFFFFFFFFFFFFFFFFFFFF739
:1047A000FFFFFFFFFFFFFFFFFFFFFFFFFFFFFFFF19
:1047B000FFF7FFFFFFFFFFFFFFFFFFFFFFF7FFFF19
:1047C000FFFFFFFFFFFFFFFFFFFFFFFFFFFFFFF701
:1047D000FFFFFFFFFFFFFFFFFFFFFFF7FFFFFFFFF1
:1047E000FFFFFFFFFFFFFFFFFFFFFFFFFFF7FFFFE1
:1047F000FFFFFFFFFFFFFFFFFFF7FFFFFFFFFFFFD1
:10480000FFFFFFFFFFFFFFFFFFFFFFF7FFFFFFFFC0
:10481000FFFFFFFFFFFFFFF7FFFFFFFFFFFFFFFFB0
:10482000FFFFFFFFFFFFFFFFFFF7FFFFFFFFFFFFA0
:10483000FFFFFFFFFFF7FFFFFFFFFFFFFFFFFFFF90
:10484000FFFFFFFFFFFFFFF7FFFFFFFFFFFFFFFF80
:10485000FFFFFFF7FFFFFFFFFFFFFFFFFFFFFFFF70
:10486000FFFFFFFFFFF7FFFFFFFFFFFFFFFFFFFF60
:10487000FFF7FFFFFFFFFFFFFFFFFFFFFFFFFFFF50
:10488000C0007FF7FFFFFFFFFFFFFFFFFFFFFFF706
:10489000FFFFFFFFFFFFFFFFFFFFFFFFFFFFC00066
:1048A0007FF7FFFFFFFFFFFFFFFFFFFFFFF7FFFFA8
:1048B000FFFFFFFFFFFFFFFFFFFFFFFFCFFE7FF7C1
:1048C000FFFFFFFFFFFFFFFFFFFFFFF7FFFFFFFF00
:1048D000FFFFFFFFFFFFFFFFFFFFCFFE7FF7F800A7
:1048E00000000000000000000000000000000000C8
:1048F000000000003FFFFFFFCFFE7FF7FFFFFFFF3D
:10490000FFFFFFFFFFFFFFF7FFFFFFFFFFFFFFFFBF
:10491000FFFFFFFFFFFFCFFE7FF7FFFFFFFFFFFF60
:10492000FFFFFFFFFFF7FFFFFFFFFFFFFFFFFFFF9F
:10493000FFFFFFFFCFFE7FF7FFFFFFFFFFFFFFFF40
:10494000FFFFFFF7FFFFFFFFFFFFFFFFFFFFFFFF7F
:10495000FFFFCFFE7FF7FFFFFFFFFFFFFFFFFFFF20
:10496000FFF7FFFFFFFFFFFFFFFFFFFFFFFFFFFF5F
:10497000CFFE7FF7FFFFFFFFFFFFFFFFFFFFFFF708
:10498000FFFFFFFFFFFFFFFFFFFFFFFFFFFFC7FC72
:10499000FFF7FFFFFFFFFFFFFFFFFFFFFFF7FFFF37
:1049A000FFFFFFFFFFFFFFFFFFFFFFFFE3FCFFF73E
:1049B000FFFFFFFFFFFFFFFFFFFFFFF7FFFFFFFF0F
:1049C000FFFFFFFFFFFFFFFFFFFFF1E1FFF7FFFF2B
:1049D000FFFFFFFFFFFFFFFFFFF7FFFFFFFFFFFFEF
:1049E000FFFFFFFFFFFFFFFFF001FFF7FFFFFFFFEC
:1049F000FFFFFFFFFFFFFFF7FFFFFFFFFFFFFFFFCF
:104A0000FFFFFFFFFFFFFC07FFF7FFFFFFFFFFFFB9
:104A1000FFFFFFFFFFF7FFFFFFFFFFFFFFFFFFFFAE
:104A2000FFFFFFFFFFFFFFF7FFFFE7FFFFFFFFFFB6
:104A3000FFFFFFF7FFFFFFFFFFFFFFFFFFFFFFFF8E
:104A4000FFFFFFFFFFF7FFFFF8FFFF807FFFFFFF84
:104A5000FFF7FFFFFFFFFFFFFFFFFFFFFFFFFFFF6E
:104A6000FFFFFFF7FFFFFF1FFFFFBFFF00FFFFF785
:104A7000FFFFFFFFFFFFFFFFFFFFFFFFFFFFC00084
:104A80007FF7FFFFFFE7FFFFDFFFFF7FFFF7FFFF7E
:104A9000FFFFFFFFFFFFFFFFFFFFFFFFC0007FF7EC
:104AA000FFFFFF1FFFFFDFFFFFBFFFF7FFFFFFFF5E
:104AB000FFFFFFFFFFFFFFFFFFFFFFFFFFF7FFFF0E
:104AC000F0FFFFFFDFFFFFBFFFF7FFFFFFFFFFFF6D
:104AD000FFFFFFFFFFFFFFFFFFF7FFF7FFFFEFFF06
:104AE000FFFFBFFFFFBFFFF7FFFFFFFFFFFFFFFF5E
:104AF000FFFFFFFFFFFFFFF1FFF7FFFFF0FFFF806A
:104B00007FFFFF7FFFF7FFFFFFFFFFFFFFFFCFFFED
:104B1000FFFFFFFFF0F0FFF7FFFFFF1FFFFFFFFFAB
:104B200000FFFFF7FFFFFFFFFFFFFFFE03FFFFFF99
:104B3000FFFFE27CFFF7FFFFFFE7FF801FFFFFFFA4
:104B4000FFF7FFFFFFFFFFFFFFFC01FFFFFFFFFF7E
:104B5000C67C7FF7FFFFFF1FFFF7FFFF003FFFF758
:104B6000FFFFFFFFFFFFFFF8F8FFFFFFFFFFCF3E54
:104B70007FF7FFFFF8FFFFC01FFFFFFFFFF7FFFFFB
:104B8000FFFFFFFFFFF1FCFFFFFFFFFFCF3E7FF7BF
:104B9000FFFFE7FFFFF7DFFFEFFFFFF7FFFFFFFF7D
:104BA000FFFFFFF3FCFFFFFFFFFFCF3E7FF7FFFF9D
:104BB000FFFFFFFFFFFF803FFFF7FFFFFFFFFFFF4C
:104BC000FFF3DCFFFFFFFFFFCFBE7FF7FFFFEC0728
:104BD000FFF01FFFEFBFFFF7FFFFFFFFFFFFFFF338
:104BE000D9FFFFFFFFFFCFBE7FF7FFFFFFFFFFFBF8
:104BF000FFFFFFFFFFF7FFFFFFFFFFFFFFF1C1FF19
:104C0000FFFFFFFFC79E7FF7FFFFFE0FFFF7FFFFCE
:104C1000E03FFFF7FFFFFFFFFFFFFFF8C1FFFFFFD0
:104C2000FFFFE79C7FF7FFFFFDF7FFFFFFFFF7FFA9
:104C3000FFF7FFFFFFFFFFFFFFFCCFFFFFFFFFFFBF
:104C4000E388FFF7FFFFFDF7FFFB3FFFEFFFFFF7F5
:104C5000FFFFFFFFFFFFFFFFFFFFFFFFFFFFF3C1AE
:104C6000FFF7FFFFFEF7FFF6DFFFF67FFFF7FFFF1F
:104C7000FFFFFFFFFFFFFFFFFFFFFFFFFFF3FFF758
:104C8000FFFFE007FFF6DFFFEDBFFFF7FFFFFFFFCE
:104C9000FFFFFFFF81FFFFFFFFFFFFFFFFF7FFFFAA
:104CA000FFFFFFF6BFFFEDBFFFF7FFFFFFFFFFFFB7
:104CB000FFFF01FFFFFFFFFFFFFFFFF7FFFFFE0FFB
:104CC000FFF81FFFED7FFFF7FFF80000000001FE77
:104CD0003CFFFFFFFFFFC0007FF7FFFFFDB7FFFFB7
:104CE000FFFFF03FFFF7FFF80000000001FE7CFF30
:104CF000FFFFFFFFC0007FF7FFFFFDB7FFFFFFFFD4
:104D0000FFFFFFF7FFF80000000001FE7CFFFFFF40
:104D1000FFFFCF9FFFF7FFFFFDB7FFFFFFFFFFFF85
:104D2000FFF7FFF80000000001FE71FFFFFFFFFF2B
:104D3000CF9FFFF7FFFFFE2FFFFFFFFFFFFFFFF7F4
:104D4000FFF80000000001FF01FFFFFFFFFFCF9F02
:104D5000FFF7FFFFFFFFFF801FFFFFFFFFF7FFF8D9
:104D60000000000001FF87FFFFFFFFFFCF9FFFF75D
:104D7000FFFFFFFFFFFFFFFFEFFFFFF7FFF8000060
:104D8000000001FFFFFFFFFFFFFFCF9FFFF7FFFFC7
:104D9000FFFFFFF83FFF803FFFF7FFF80000000034
:104DA00001FFFFFFFFFFFFFFCF9FFFF7FFFFFFFFA9
:104DB000FFF7DFFFEFBFFFF7FFF80000000001FF84
:104DC00081FFFFFFFFFFCF9FFFF7FFFFFCFFFFF714
:104DD000DFFFFFFFFFF7FFF80000000001FF01FF0A
:104DE000FFFFFFFFC71FFFF7FFFFFF1FFFF7DFFFFB
:104DF000003FFFF7FFF8003FFFFF01FF3CFFFFFF11
:104E0000FFFFE73FFFF7FFFFFFE7FFF83FFFF7FF79
:104E1000FFF7FFF8003FFFFF01FE7CFFFFFFFFFFF2
:104E2000E03FFFF7FFFFFF1FFFFFFFFFEFFFFFF771
:104E3000FFF8003FFFFF01FE7DFFFFFFFFFFF0FFD8
:104E4000FFF7FFFFFCFFFFF3FFFFEFFFFFF7FFF8A8
:104E5000003FFFFF01FE31FFFFFFFFFFFFFFFFF7F6
:104E6000FFFFEC07FFFC7FFFF03FFFF7FFF8003F7D
:104E7000FFFF01FF01FFFFFFFFFFFFFFFFF7FFFF46
:104E8000FFFFFFFF9FFFFFFFFFF7FFF8003FFFFF60
:104E900001FF87FFFFFFFFFFC0007FF7FFFFFE0F4F
:104EA000FFFC7FFF603FFFF7FFF80000001F01FFDE
:104EB000FFFFFFFFFFFFC0007FF7FFFFFDB7FFF31E
:104EC000FFFFFFFFFFF7FFF80000001F01FFFFFFDC
:104ED000FFFFFFFFFFFE7FF7FFFFFDB7FFFC7FFF38
:104EE000E03FFFF7FFF80000001F01FF80FFFFFF1A
:104EF000FFFFFFFE7FF7FFFFFDB7FFFF9FFFF7FFFD
:104F0000FFF7FFF80000001F01F000FFFFFFFFFFA9
:104F1000FFFE7FF7FFFFFE2FFFFC7FFFEFFFFFF796
:104F2000FFF80000001F01F014FFFFFFFFFFFFFE6E
:104F30007FF7FFFFFCFFFFF3FFFFEFFFFFF7FFF837
:104F40001FFFFE1F01F2F4FFFFFFFFFFFFFE7FF7D1
:104F5000FFFFFF1FFFFFFFFFF03FFFF7FFF81FFFFF
:104F6000FE1F01F2F4FFFFFFFFFFFFFE7FF7FFFFD1
:104F7000FFE7FFFFFFFFFFFFFFF7FFF81FFFFE1F29
:104F800001F2ECFFFFFFFFFFFFFE7FF7FFFFFF1FB8
:104F9000FFFFFFFFFFFFFFF7FFF81FFFFE1F01F3FB
:104FA00019FFFFFFFFFFFFFE7FF7FFFFFCFFFFF88A
:104FB0003FFFFFFFFFF7FFF81FFFFE1F01F8F3FFA2
:104FC000FFFFFFFFFFFE7FF7FFFFFF1FFFF7DFFF82
:104FD000FFFFFFF7FFF81F003E1F01F807FFFFFF6D
:104FE000FFFFFFF87FF7FFFFFFE7FFF7DFFFFFFFA0
:104FF000FFF7FFF81F003E1F01FE0FFFFFFFFFFF3F
:10500000FFE0FFF7FFFFFF1FFFF7DFFFFFFFFFF7E7
:10501000FFF81F003E1F01FFFFFFFFFFFFFFFF83A1
:10502000FFF7FFFFFCFFFFFBBFFFFFFFFFF7FFF8EE
:105030001F003E1F01FFF9FFFFFFFFFFFF0FFFF7FC
:10504000FFFFFFFFFFFFFFFFFFFFFFF7FFF81F005E
:105050003E1F01FF01FFFFFFFFFFF80FFFF7FFFFFC
:10506000EC07FFF83FFFFFFFFFF7FFF81F003E00D0
:1050700001F203FFFFFFFFFFE0CFFFF7FFFFFFFF9E
:10508000FFF7DFFFFFFFFFF7FFF81F003E0001F211
:105090007FFFFFFFFFFFC3CFFFF7FFFFFC07FFF717
:1050A000DFFFFFFFFFF7FFF81F003E0001FFFFFFDC
:1050B000FFFFFFFFC7CFFFF7FFFFFEFFFFF7DFFF99
:1050C000FFFFFFF7FFF81F003E0001FFF9FFFFFFA2
:1050D000FFFFE1CFFFF7FFFFFDFFFFF83FFFFFFFFF
:1050E000FFF7FFF81F003E0001FF09FFFFFFFFFF72
:1050F000F00FFFF7FFFFFDFFFFFFFFFFFFFFFFF7D1
:10510000FFF8003E001F01FE0CFFFFFFFFFFFE0F38
:10511000FFF7FFFFFE07FFFFFFFFFFFFFFF7FFF8AF
:10512000003E001F01FE4CFFFFFFFFFFFF03FFF7E4
:10513000FFFFFFFFFFF01FFFFFFFFFF7FFF8003E3D
:10514000001F01FE44FFFFFFFFFFFFE1FFF7FFFF2E
:10515000FE0DFFFBFFFFFFFFFFF7FFF8003E001F04
:1051600001FE61FFFFFFFFFFFFF07FF7FFFFFDF68E
:10517000FFF7FFFFFFFFFFF7FFF8003E001F01FFF3
:1051800021FFFFFFFFFFFFFC7FF7FFFFFDF6FFF7AB
:10519000FFFFFFFFFFF7FFF8003E001F01FFFFFFCB
:1051A000FFFFFFFFDFFF7FF7FFFFFEEEFFF81FFFB0
:1051B000FFFFFFF7FFF8003E001F01FFFF9FFFFF0B
:1051C000FFFFCFFFFFF7FFFFFC01FFFFFFFFFFFF28
:1051D000FFF7FFF8003E001F01FFE01FFFFFFFFF8A
:1051E000C3FFFFF7FFFFFFFFFFF9BFFFFFFFFFF761
:1051F000FFF8003E001F01FF003FFFFFFFFFF3FF2E
:10520000FFF7FFFFFFFFFFF6DFFFFFFFFFF7FFF8EE
:10521000003E001F01FE01FFFFFFFFFFF8FFFFF749
:10522000FFFFFFFFFFF6DFFFFFFFFFF7FFF8003E86
:10523000001F01FE3CFFFFFFFFFFFE7FFFF7FFFFA8
:10524000FFFFFFF6DFFFFFFFFFF7FFF8003FFFFF65
:1052500001FE7CFFFFFFFFFFFE1FFFF7FFFFFFFFC9
:10526000FFFB3FFFFFFFFFF7FFF8003FFFFF01FEDF
:105270007CFFFFFFFFFFFF807FF7FFFFFECFFFFFF9
:10528000FFFFFFFFFFF7FFF8003FFFFF01FE21FFD9
:10529000FFFFFFFFFF007FF7FFFFFDB7FFF03FFFBE
:1052A000FFFFFFF7FFF8003FFFFF01FF03FFFFFFD6
:1052B000FFFFFE3FFFF7FFFFFDB7FFFFDFFFFFFF31
:1052C000FFF7FFF8003FFFFF01FF8FFFFFFFFFFF2A
:1052D000FC7FFFF7FFFFFDAFFFFFDFFFFFFFFFF7E3
:1052E000FFF8003FFFFF01FFFFFFFFFFFFFFF9FF98
:1052F000FFF7FFFFFE07FFFFDFFFFFFFFFF7FFF8EE
:105300000000000001FFF0FFFFFFFFFFF3FFFFF7CA
:10531000FFFFFFFFFFF01FFFFFFFFFF7FFF8000099
:10532000000001FE00FFFFFFFFFFC7FFFFF7FFFFC9
:10533000FC07FFFFFFFFFFFFFFF7FFF80000000083
:1053400001F007FFFFFFFFFFCFFFFFF7FFFFFEFFAB
:10535000FFF01FFFFFFFFFF7FFF80000000001F163
:10536000FFFFFFFFFFFFFFFFFFF7FFFFFDFFFFFB5B
:10537000FFFFFFFFFFF7FFF80000000001FFFFFF46
:10538000FFFFFFFFFFFFFFF7FFFFFDFFFFF7FFFF3F
:10539000FFFFFFF7FFF80000000001FFE1FFFFFF44
:1053A000FFFFFFFFFFF7FFFFFE07FFF7FFFFFFFF16
:1053B000FFF7FFF80000000001FF20FFFFFFFFFFE5
:1053C000FFFFFFF7FFFFFFFFFFF81FFFFFFFFFF7E4
:1053D000FFF80000000001FE2CFFFFFFFFFFFFFFB2
:1053E000FFF7FFFFFE0DFFFBFFFFFFFFFFF7FFF8DB
:1053F0000000000001FE6DFFFFFFFFFFFFFFFFF752
:10540000FFFFFDF6FFF7FFFFFFFFFFF7FFFFFFFFC7
:10541000FFFFFFFE69FFFFFFFFFFFFFFFFF7FFFF3B
:10542000FDF6FFF7FFFFFFFFFFF7FFFFFFFFFFFFA7
:10543000FFFE01FFFFFFFFFFFFFFFFF7FFFFFEEE95
:10544000FFF81FFFFFFFFFF7FFFFFFFFFFFFFFFF5B
:1054500000FFFFFFFFFFFFFFFFF7FFFFFC01FFFF64
:10546000FFFFFFFFFFF7FFFFFFFFFFFFFFFFFFFF54
:10547000FFFFFFFFFFFFFFF7FFFFFFFFFFFFFFFF44
:10548000FFFFFFF7FFFFFFFFFFFFFFFFFF9FFFFF94
:10549000FFFFFFFFFFF7FFFFE007FFF003FFFFFF46
:1054A000FFF7FFFFFFFFFFFFFFFFFF9FFFFFFFFF74
:1054B000FFFFFFF7FFFFFFFFFFFBBFFFFFFFFFF750
:1054C000FFFFFFFFFFFFFFFE031FFFFFFFFFFFFFC9
:1054D000FFF7FFFFFFFFFFF7DFFFFFFFFFF7FFFF14
:1054E000FFFFFFFFFFFE003FFFFFFFFFFFFFFFF794
:1054F000FFFFFE0FFFF7DFFFFFFFFFF7FFFFFFFFDD
:10550000FFFFFFFFF87FFFFFFFFFFFFFFFF7FFFF3A
:10551000FDB7FFF83FFFFFFFFFF7FFFFFFFFFFFFB4
:10552000FFFFE1FFFFFFFFFFFFFFFFF7FFFFFDB7FB
:10553000FFF7FFFFFFFFFFF7FFFFFFFFFFFFFFFF8B
:1055400087FFFFFFFFFFFFFFFFF7FFFFFDB7FFC074
:105550001FFFFFFFFFF7FFFFFFFFFFFFFFFE1FFF24
:10556000FFFFFFFFFFFFFFF7FFFFFE2FFFF7DFFF4C
:10557000FFFFFFF7FFFFFFFFFFFFFFFE3FFFFFFF04
:10558000FFFFFFFFFFF7FFFFFFFFFFFFFFFFFFFF33
:10559000FFF7FFFFFFFFFFFFFFFFFFFFFFFFFFFF23
:1055A000FFFFFFF7FFFFFFFFFFB01FFFFFFFFFF74A
:1055B000FFFFFFFFFFFFFFFFFFFFFFFFFFFFFFFFFB
:1055C000FFF7FFFFFFFFFFFFFFFFFFFFFFF7FFFFFB
:1055D000FFFFFFFFFFFFFFFFFFFFFFFFFFFFFFF7E3
:1055E000FFFFFFFFFFF83FFFFFFFFFF7FFFFFFFF9A
:1055F000FFFFFFFFFFFFFFFFFFFFFFFFFFF7FFFFC3
:10560000FFFFFFF7DFFFFFFFFFF7FFFFFFFFFFFFDA
:10561000FFFFFFFFFFFFFFFFFFFFFFF7FFFFFFFFA2
:10562000FFF7DFFFFFFFFFF7FFFFFFFFFFFFFFFFBA
:10563000FFFFFFFFFFFFFFFFFFF7FFFFFFFFFFF78A
:10564000DFFFFFFFFFF7FFFFFFFFFFFFFFFFFFFF92
:10565000FFFFFFFFFFFFFFF7FFFFFFFFFFF83FFF29
:10566000FFFFFFF7FFFFFFFFFFFFFFFFFFFFFFFF52
:10567000FFFFFFFFFFF7FFFFFFFFFFFFFFFFFFFF42
:10568000FFF7FFFFFFFFFFFFFFFFFFFFFFFFFFFF32
:10569000FFFFFFF7FFFFFFFFFFFFFFFFFFFFFFF72A
:1056A000FFFFFFFFFFFFFFFFFFFFFFFFFFFFFFFF0A
:1056B000FFF7FFFFFFFFFFF01FFFFFFFFFF7FFFFF9
:1056C000FFFFFFFFFFFFFFFFFFFFFFFFFFFFFFF7F2
:1056D000FFFFFFFFFFFBFFFFFFFFFFF7FFFFFFFFE6
:1056E000FFFFFFFFFFFFFFFFFFFFFFFFFFF7FFFFD2
:1056F000FFFFFFF7FFFFFFFFFFF7FFFFFFFFFFFFCA
:10570000FFFFFFFFFFFFFFFFFFFFFFF7FFFFFFFFB1
:10571000FFF7FFFFFFFFFFF7FFFFFFFFFFFFFFFFA9
:10572000FFFFFFFFFFFFFFFFFFFFFFFFFFFFFFF890
:105730001FFFFFFFFFFFFFFFFFFFFFFFFFFFFFFF59
:10574000FFFFFFFFFFFFFFFFFFFFFFFFFFFFFFFF69
:10575000FFFFFFFFFFFFFFFFFFFFFFFFFFFFFFFF59
:10576000FFFFFFFFFFFFFFFFFFFFFFFFFFFFFFFF49
:10577000FFFFFFFFFFFFFFFFFFFFFFFFFFFFFFFF39
:10578000FFFFFFFFFFFFFFFFFFFFFFFFFFFFFFFF29
:10579000FFFFFFFFFFFFFFFFFFFFFFFFFFFFFFFF19
:1057A000FFFFFFFFFFFFFFFFFFFFFFFFFFFFFFFF09
:1057B000FFFFFFFFFFFFFFFFFFFFFFFFFFFFFFFFF9
:1057C000FFFFFFFFFFFFFFFFFFFFFFFFFFFFFFFFE9
:1057D000FFFFFFFFFFFFFFFFFFFFFFFFFFFFFFFFD9
:1057E000FFFFFFFFFFFFFFFFFFFFFFFFFFFFFFFFC9
:1057F000FFFFFFFFFFFFFFFFFFFFFFFFFFFFFFFFB9
:10580000FFFFFFFFFFFFFFFFFFFFFFFFFFFFFFFFA8
:10581000FFFFFFFFFFFFFFFFFFFFFFFFFFFFFFFF98
:10582000FFFFFFFFFFFFFFFFFFFFFFFFFFFFFFFF88
:10583000FFFFFFFFFFFFFFFFFFFFFFFFFFFFFFFF78
:10584000FFFFFFFFFFFFFFFFFFFFFFFFFFFFFFFF68
:10585000FFFFFFFFFFFFFFFFFFFFFFFFFFFFFFFF58
:10586000FFFFFFFFFFFFFFFFFFFFFFFFFFFFFFFF48
:10587000FFFFFFFFFFFFFFFFFFFFFFFFFFFFFFFF38
:10588000FFFFFFFFFFFFFFFFFFFFFFFFFFFFFFFF28
:10589000FFFFFFFFFFFFFFFFFFFFFFFFFFFFFFFF18
:1058A000FFFFFFFFFFFFFFFFFFFFFFFFFFFFFFFF08
:1058B000FFFFFFFFFFFFFFFFFFFFFFFFFFFFFFFFF8
:1058C000FFFFFFFFFFFFFFFFFFFFFFFFFFFFFFFFE8
:1058D000FFFFFFFFFFFFFFFFFFFFFFFFFFFFFFFFD8
:1058E000FFFFFFFFFFFFFFFFFFFFFFFFFFFFFFFFC8
:1058F000FFFFFFFFFFFFFFFFFFFFFFFFFFFFFFFFB8
:10590000FFFFFFFFFFFFFFFFFFFFFFFFFFFFFFFFA7
:10591000FFFFFFFFFFFFFFFFFFFFFFFFFFFFFFFF97
:10592000FFFFFFFFFFFFFFFFFFFFFFFFFFFFFFFF87
:10593000FFFFFFFFFFFFFFFFFFFFFFFFFFFFFFFF77
:10594000FFFFFFFFFFFFFFFFFFFFFFFFFFFFFFFF67
:10595000FFFFFFFFFFFFFFFFFFFFFFFFFFFFFFFF57
:10596000FFFFFFFFFFFFFFFFFFFFFFFFFFFFFFFF47
:10597000FFFFFFFFFFFFFFFFFFFFFFFF0000000033
:105980000000000000000000000000000000000017
:105990000000000000000000000000000000000007
:1059A00000000000000000000000000000000000F7
:1059B00000000000000000000000000000000000E7
:1059C00000000000000000000000000000000000D7
:1059D00000000000000000000000000000000000C7
:1059E00000000000000000000000000000000000B7
:1059F00000000000000000000000000000000000A7
:105A00000000000000000000000000000000000096
:105A10000000000000000000000000000000000086
:105A20000000000000000000000000000000000076
:105A30000000000000000000000000000000000066
:105A40000000000000000000000000000000000056
:105A50000000000000000000000000000000000046
:105A60000000000000000000000000000000000036
:105A70000000000000000000000000000000000026
:105A80000000000000000000000000000000000016
:105A90000000000000000000000000000000000006
:105AA00000000000000000000000000000000000F6
:105AB00000000000000000000000000000000000E6
:105AC00000000000000000000000000000000000D6
:105AD00000000000000000000000000000000000C6
:105AE00000000000000000000000000000000000B6
:105AF00000000000000000000000000000000000A6
:105B00000000000000000000000000000000000095
:105B10000000000000000000000000000000000085
:105B20000000000000000000000000000000000075
:105B30000000000000000000000000000000000065
:105B40000000000000000000000000000000000055
:105B50000000000000000000000000000000000045
:105B60000000000000000000000000000000000035
:105B70000000000000000000000000000000000025
:105B80000000000000000000000000000000000015
:105B90000000000000000000000000000000000005
:105BA00000000000000000000000000000000000F5
:105BB00000000000000000000000000000000000E5
:105BC00000000000000000000000000000000000D5
:105BD00000000000000000000000000000000000C5
:105BE00000000000000000000000000000000000B5
:105BF00000000000000000000000000000000000A5
:105C00000000000000000000000000000000000094
:105C10000000000000000000000000000000000084
:105C20000000000000000000000000000000000074
:105C30000000000000000000000000000000000064
:105C40000000000000000000000000000000000054
:105C50000000000000000000000000000000000044
:105C60000000000000000000000000000000000034
:105C70000000000000000000000000000000000024
:105C80000000000000000000000000000000000014
:105C90000000000000000000000000000000000004
:105CA00000000000000000000000000000000000F4
:105CB00000000000000000000000000000000000E4
:105CC00000000000000000000000000000000000D4
:105CD00000000000000000000000000000000000C4
:105CE00000000000000000000000000000000000B4
:105CF00000000000000000000000000000000000A4
:105D00000000000000000000000000000000000093
:105D1000000000000000000000001F000000000064
:105D20000000000000000000000000000000000073
:105D300000000000000000007F8000000000000064
:105D40000000000000000000000000000000000053
:105D5000000000000000FFC0000000000000000084
:105D60000000000000000000000000000000000033
:105D700000000001E0E00000000000000000000062
:105D80000000000000000000000000000000000013
:105D90000001806000000000000000000000000022
:105DA00000000000000000000000000000000003F0
:105DB00000300000000000000000000000000000B3
:105DC00000000000000000000000000000020010C1
:105DD00000000000000000000000000000000000C3
:105DE00000000000000000000000000200100000A1
:105DF00000000000000000000000000000000000A3
:105E00000000000000000000000200100000000080
:105E10000000000000000000000000000000000082
:105E20000000000000000002001000000000000060
:105E30000007FFE00000000000000000000000007C
:105E40000000000000020010000000000000000739
:105E5000FFE0000000000000000000000000000063
:105E60000000000303F00000000000000007FFE056
:105E70000000000000000000000000000000000022
:105E8000000103E0000000000000000610600000B8
:105E90000000000000000000000000000000000002
:105EA00003E0000000000000000610600000000099
:105EB00000000000000000000000000000001F00C3
:105EC000000000000000000610600000000000005C
:105ED0000000000000000000000000007FC0000083
:105EE000000000000006106000000000000000003C
:105EF00000000000000000000000FFC000000000E3
:105F0000000000060060000000000000000000002B
:105F10000000000000000001C0E0000000000000E0
:105F20000000000000000000000000000000000071
:105F300000000000000180200000000000000000C0
:105F4000030000000000000000000000000000004E
:105F5000000000030030000000000000000003000B
:105F6000000000000000000007C00000000000006A
:105F7000000200100000000000000000030000000C
:105F800000000000000007C0000000000000000248
:105F900000100000000000000000030000000000EE
:105FA0000000000007C00000000000000002001018
:105FB00000000000000000000300000000000000DE
:105FC000000007C0000000000000000200100000F8
:105FD00000000000000000000000000000000000C1
:105FE00007C00000000000000003003000000000B7
:105FF000000000007FFF000000000000000007C05C
:10600000000000000000000100600000000000002F
:1060100000007FFF000000000000000007C000003B
:10602000000000000001C0E00000000000000000CF
:106030007FFF000000000000000007C0000000001B
:1060400000000000FFC00000000000000000204031
:10605000000000000000000007C000000000000079
:1060600000007F80000000000000000040200000D1
:1060700000000000000007C0000000000000000059
:106080003F00000000000000000040200000000071
:106090000000000007C00000000C000000001F000E
:1060A0000000000000000000606000000000000030
:1060B000000007C00000001E000000007FC00000BC
:1060C0000000000008007FE0000000000800000061
:1060D00007C00000003F00000000FFC000000000FB
:1060E00000601C003FC0000000001C00000007C052
:1060F0000000007F00000001C0E00000000000C0C0
:1061000004001F80000000003E00000007C00000E7
:1061100000FE00000001802000000000008204005A
:1061200001C0000000007F00000007C0000001FC6B
:10613000000000030030000000000082040023E0A3
:10614000000000003F80000007C0000003F80000CE
:10615000000200100000000000C70C0043E0000037
:1061600000001FC000000000000007F00000000257
:1061700000100000000000FDF800462000000000B4
:106180000FE00000000000000FE00000000200101F
:1061900000000000007DF80044200000000007F02F
:1061A0000000000000001FC00000000200100000FE
:1061B00000000078F00064400000000003F80000D8
:1061C000000000003F8000000003003000000000DD
:1061D000000000007FE00000000001FC0000000063
:1061E00000007F00000000010060000000000000CF
:1061F00000003FE00000000000FE00001FF0000073
:10620000FE0000000001C0E00000000000001C00D3
:106210003FE000000000007F0001FFFF80007C00E5
:1062200000000000FFC00000000000001C00002073
:1062300000000000003F0007FFFFE0003800000002
:1062400000007F800000000000001C000000000033
:106250000000001E003FFFFFFC00100000000000D7
:106260003F0000000000000000007FFF0000000071
:10627000000C007FFFFFFE00000000000000000097
:1062800000000000000000007FFF00000000000090
:1062900001FFFFFFFF000000000000000000000001
:1062A000000000E000007FFF00000000000003FF8E
:1062B000FFFFFFC0000000000003FFF0000000002F
:1062C00000E00C00204000000000000007FFFFFF7E
:1062D000FFE0000000000003FFF00000000000E00D
:1062E0001C0040200000000000001FFFFFFFFFF027
:1062F000000000000003FFF00000000000E0780054
:1063000040200000000000001FFFFFFFFFF800001A
:106310000000000200100000000000E0E0006060EB
:106320000000000000003FFFFFFFFFFC0000000036
:10633000000200100000000000E380007FE0000089
:10634000000000007FFFFFFFFFFE000000000002D2
:1063500000100000000000EE00003FC00000000040
:106360000000FFFFFFFFFFFE000000000002001022
:106370000000000000F800001F8000000000000086
:10638000FFFFFFFFFFFF0000000000020010000001
:10639000000000E000003FC0000000000001FFFF1F
:1063A000FFFFFFFF8000000000030030000000003E
:1063B000008000007FC0000000000003FFFFFFFF1F
:1063C000FFFF8000000000030060000000000000EC
:1063D00000004460000000000003FFFFFFFFFFFF1C
:1063E000C00000000001C0E000000000001000003C
:1063F0004420000000000007FFFFFFFFFFFFC00078
:1064000000000001FFC00000000000300000442038
:10641000000000000007FFFFFFFFFFFFE00000009B
:106420000000FF8000000000002000007C20000031
:1064300000000007FFFFFFFFFFFFE000000000007B
:106440003E0000000000007FFC003C200000000037
:10645000000FFFFFFFFFFFFFE00000000000000053
:1064600000000000007FFC001C4000000000000F46
:10647000FFFFFFFFFFFFF000000000000000000032
:10648000000000FFFC00000000000000000FFFFF04
:10649000FFFFFFFFF0000000000000000000000010
:1064A00000000000000000000000001FFFFFFFFFD1
:1064B000FFFFF000000000000000000000000000EE
:1064C00000007FE000000000001FFFFFFFFFFFFF54
:1064D000F8000000000000000000000000000000C4
:1064E0007FE000000000001FFFFFFFFFFFFFF8003C
:1064F00000000003FFF000000000000000007FE04B
:1065000000000000001FFFFFFFFFFFFFF80000007A
:106510000003FFF000000000000000001000000079
:1065200003FFFC1FFFFFFFFFFFFFF8000000000359
:10653000FFF000000000000000003000000003FF3A
:10654000FC1FFFFFFFFFFFFFF81FFFE0000200102E
:1065500000000000000000007000000003FFFC1FAE
:10656000FFFFFFFFFFFFF81FFFE000020010000029
:106570000000000000000000000003FFFC1FFFFF00
:10658000FFFFFFFFF81FFFE0000200100000000007
:10659000000000000000000003FFFC1FFFFFFFFFE2
:1065A000FFFFF81FFFE000020010000000000000E5
:1065B0000000000000000000001FFFFFFFFFFFFFC2
:1065C000F81FFFE0000200100000000000FFFC00C8
:1065D000000000000000001FFFFFFFFFFFFFF000B2
:1065E0000000000300300000000000FFFC0000007D
:1065F00000000000000FFFFFFFFFFFFFF0000000A2
:10660000000300600000000000FFFC00000000002C
:106610000000000FFFFFFFFFFFFFF0000000000180
:10662000C0E00000000000000000000000000000CA
:10663000000FFFFFFFFFFFFFF00000000001FFC0A1
:106640000000000000000007FFE000000000000F55
:10665000FFFFFFFFFFFFF00000000000FF800000D1
:106660000000000FFC07FFE0000000000007FFFF34
:10667000FFFFFFFFE000000000003E000000000000
:10668000000FFC07FFE0000000000007FFFFFFFF16
:10669000FFFFE00000000000000000000000000F0D
:1066A000FC040020000000000007FFFFFFFFFFFFC9
:1066B000C00000000003FFF0000000000004000420
:1066C0000020000000000003FFFFFFFFFFFFC000ED
:1066D00000000003FFF0000000000008000400209C
:1066E000000000000003FFFFFFFFFFFF800000002D
:1066F0000003FFF000000000000C00040020000078
:1067000000000001FFFFFFFFFFFF8000000000000E
:10671000000000000000000FFC040020000000004A
:106720000000FFFFFFFFFFFF00000000000000006F
:1067300000000000000FFC060060000000000000E8
:10674000FFFFFFFFFFFF000000000000F0700000EF
:1067500000000007FC0600C00000000000007FFFF2
:10676000FFFFFFFE000000000001F8300000000005
:106770000000000381C00000000000003FFFFFFF99
:10678000FFFC000000000001FC1000000000000001
:106790000003FF800000000000001FFFFFFFFFF864
:1067A0000000000000033C10000000000001E001B8
:1067B000FF000000000000000FFFFFFFFFF80000D7
:1067C000000000021E10000000000007F80E7FE02D
:1067D00000000000000007FFFFFFFFE000000000D6
:1067E00000021F30000000000007F80E7FE00000EC
:1067F0000000000003FFFFFFFFC0000000000002D8
:106800000FE000000000000E1C0E7FE00000000002
:10681000000001FFFFFFFF800000000000030FE009
:10682000000000000008040000000000000000005C
:10683000007FFFFFFE0010000000000003C000000A
:106840000000000804003CE0000000000000003FE1
:10685000FFFFFC00380000000003FFF00000000014
:10686000000804007E20000000000002000FFFFF6F
:10687000E0007C0000000003FFF000000000000CBE
:1068800004004E200000000000070001FFFF800010
:10689000FE0000000003FFF00000000000040800FC
:1068A000472000000000000F80001FF800007F005C
:1068B0000000000204000000000001FFFC0067E08F
:1068C00000000000001FC000000000003F8000002A
:1068D000000204000000000003FFFC0077C000007D
:1068E0000000003F8000000000001FC00000000208
:1068F00004000000000001FFFC0001800000000017
:10690000007F0000000000000FE0000000030C000A
:10691000000000000004000000000000000000FE75
:1069200000000000000007F000000003F800000075
:106930000000000800007FFF0000000001FC0000D4
:106940000000000003F800000001F8000000000053
:10695000000C00007FFF0000000003F800000000B2
:10696000000001FC00000000F00000000000000F2B
:10697000FC007FFF0000000007F000000F80000017
:1069800000FE00000000000000000000000FFC00FE
:106990002040000000000FE000000F800000007F9A
:1069A00000000003FFF0000000000007FC00402092
:1069B000000000001FC000000F800000003E00002B
:1069C0000003FFF000000000000000004020000075
:1069D00000000F8000000F800000001C000000037A
:1069E000FFF00000000000000000606000000000F8
:1069F000070000000F8000000008000000000030C9
:106A000000000000000000007FE000000000020025
:106A100000000F80000000000000000000300000B7
:106A20000000000000003FC0000000000000000067
:106A30000F80000000000000000000300000000097
:106A4000000000001F8000000000000000000F8018
:106A50000000000000000000003000000000000006
:106A60000000000000000000000000000F80000097
:106A70000000000000000030000000000000000FD7
:106A8000FFE000000000000000000F800000000098
:106A9000000000000000000000000000001FFFE0F8
:106AA00000000000000000000F8000000000000057
:106AB00000000000000000000000001FFFE00000D8
:106AC0000000000000000F80000000000000000037
:106AD0000070000000000000000001C00000000085
:106AE000000000000F80000000000000000001F026
:106AF000000000000000000023E000000000000093
:106B000000000F80000000000000000007C000002F
:106B100000000000000043E0000000000000000052
:106B20000F8000000000000000003F000000000097
:106B300000000000462000000000000000000F8060
:106B40000000000000000000F9000000000000004C
:106B500000004420000000000000000000000000D1
:106B6000000000000003E100000000000000000041
:106B70006440000000000000000000000000000071
:106B800000000003FD0000000000000000007FE0A6
:106B900000000000000000000000000000000000F5
:106BA0000000FF0000000000000000003FE00000C7
:106BB00000000000000000000000000000000000D5
:106BC0003FC000000000000000003FE000000000A7
:106BD00000000000000000000000000000000FF0B6
:106BE0000000000000000000002000000000000085
:106BF00000000000000000000000000001F00000A4
:106C00000000000000000000000000000000000084
:106C10000000000000000000000000700000000004
:106C20000000000060000000000000000000000004
:106C30000000000000000002000000000000000052
:106C400000007C01000000000000000000000000C7
:106C500000000000000380000000000000000000B1
:106C60007F0700000000000000000000000000009E
:106C700000000003E00000000000000000001FDC36
:106C80000000000000000000000000000000000004
:106C90000003F800000000000000000007F0000002
:106CA00000000000000000000000000000000000E4
:106CB000FFF0000000000000000003800000000062
:106CC00000000000000000000000000000003FF095
:106CD00000000000000000000E00000000000000A6
:106CE0000000000000000000000000000FF00000A5
:106CF000000000000000780000000000000000001C
:106D00000000000000000000000030000000000053
:106D10000000000060000000000000000000000013
:106D20000000000000000001C000000000000000A2
:106D30000000000000000000000000000000000053
:106D40000000000000030000000000000000000040
:106D50000000000000000000000000000000000033
:106D60000000000000000000000000000000000023
:106D70000000000000000000000000000000000013
:106D80000000000000000000000000000000000003
:106D900000000000000000000000000000000000F3
:106DA00000000000000000000000000000000000E3
:106DB00000000000000000000000000000000000D3
:106DC00000000000000000000000000000000000C3
:106DD00000000000000000000000000000000000B3
:106DE00000000000000000000000000000000000A3
:106DF0000000000000000000000000000000000093
:106E00000000000000000000000000000000000082
:106E10000000000000000000000000000000000072
:106E20000000000000000000000000000000000062
:106E30000000000000000000000000000000000052
:106E40000000000000000000000000000000000042
:106E50000000000000000000000000000000000032
:106E60000000000000000000000000000000000022
:106E70000000000000000000000000000000000012
:106E80000000000000000000000000000000000002
:106E900000000000000000000000000000000000F2
:106EA00000000000000000000000000000000000E2
:106EB00000000000000000000000000000000000D2
:106EC00000000000000000000000000000000000C2
:106ED00000000000000000000000000000000000B2
:106EE00000000000000000000000000000000000A2
:106EF0000000000000000000000000000000000092
:106F00000000000000000000000000000000000081
:106F10000000000000000000000000000000000071
:106F20000000000000000000000000000000000061
:106F30000000000000000000000000000000000051
:106F40000000000000000000000000000000000041
:106F50000000000000000000000000000000000031
:106F60000000000000000000000000000000000021
:106F70000000000000000000000000000000000011
:106F80000000000000000000000000000000000001
:106F900000000000000000000000000000000000F1
:106FA00000000000000000000000000000000000E1
:106FB00000000000000000000000000000000000D1
:106FC00000000000000000000000000000000000C1
:106FD00000000000000000000000000000000000B1
:106FE00000000000000000000000000000000000A1
:106FF0000000000000000000000000000000000091
:107000000000000000000000000000000000000080
:107010000000000000000000000000000000000070
:107020000000000000000000000000000000000060
:107030000000000000000000000000000000000050
:107040000000000000000000000000000000000040
:107050000000000000000000000000000000000030
:107060000000000000000000000000000000000020
:107070000000000000000000000000000000000010
:107080000000000000000000000000000000000000
:1070900000000000000000000000000000000000F0
:1070A00000000000000000000000000000000000E0
:1070B00000000000000000000000000000000000D0
:1070C00000000000000000000000000000000000C0
:1070D00000000000000000000000000000000000B0
:1070E00000000000000000000000000000000000A0
:1070F0000000000000000000000000000000000090
:10710000000000000000000000000000000000007F
:10711000000000000000000000000000000000006F
:10712000000000000000000000000000000000005F
:10713000000000000000000000000000000000004F
:10714000000000000000000000000000000000003F
:10715000000000000000000000000000000000002F
:10716000000000000000000000000000000000001F
:10717000000000000000000000000000000000000F
:1071800000000000000000000000000000000000FF
:1071900000000000000000000000000000000000EF
:1071A000FFFFFFFFFFFFFFFFFFFFFFFFFFFFCFFF1F
:1071B000FFFFFFFFFFFF9FFFFFFFFFFFFFFFFFFF3F
:1071C000FFFFFFFFFFFFFFFFFFFFFFFFCFFFFFFFFF
:1071D000FFFFFFFF9FFFFFFFFFFFFFFFFFFFFFFF1F
:1071E000FFFFFFFFFFFFFFFFFFFFCFFFFFFFFFFFDF
:1071F000FFFF9FFFFFFFFFFFFFFFFFFFFFFFFFFFFF
:10720000FFFFFFFFFFFFFFFFCFFFFFFFFFFFFFFFBE
:107210009FFFFFFFFFFFFFFFFFFFFFFFFFFFFFFFDE
:10722000FFFFFFFFFFFFCFFFFFFFFFFFFFFF9FFFFE
:10723000FFFFFFFFFFFFFFFFFFFFFFFFFFFFFFFF5E
:10724000FFFFFFFFCFFFFFFFFFFFFFFF9FFFFFFFDE
:10725000FFFFFFFFFFFFFFFFFFFFFFFFFFFFFFFF3E
:10726000FFFFCFFFFFFFFFFFFFFF9FFFFFFFFFFFBE
:10727000FFFFFFFFFFFFFFFFFFFFFFFFFFFFFFFF1E
:10728000CFFFFFFFFFFFFFFF9FFFFFFFFFFFFFFF9E
:10729000FFFFFFFFFFFFFFFFFFFFFFFFFFFFCFFF2E
:1072A000FFFFFFFFFFFF9FFFFFFFFFFFFFFFFFFF4E
:1072B000FFFFFFFFFFFFFFFFFFFFFFFFCFFFFFFF0E
:1072C000FFFFFFFF9FFFFFFFFFFFFFFFFFFFFFFF2E
:1072D000FFFFFFFFFFFFFFFFFFFFCFFFFFFFFFFFEE
:1072E000FFFF9FFFFFFFFFFFFFFFFFFFFFFFFFFF0E
:1072F000FFFFFFFFFFFFFFFFCFFFFFFFFFFFFFFFCE
:107300009FFFFFFFFFFFFFFFFFFFFFFFFFFFFFFFED
:10731000FFFFFFFFFFFFCFFFFFFFFFFFFFFF9FFF0D
:10732000FFFFFFFFFFFFFFFFFFFFFFFFFFFFFFFF6D
:10733000FFFFFFFFCFFFFFFFFFFFFFFF9FFFFFFFED
:10734000FFFFFFFFFFFFFFFFFFFFFFFFFFFFFFFF4D
:10735000FFFFCFFFFFFFFFFFFFFF9FFFFFFFFFFFCD
:10736000FFFFFFFFFFFFFFFFFFFFFFFFFFFFFFFF2D
:10737000CFFFFFFFFFFFFFFF9FFFFFFFFFFFFFFFAD
:10738000FFFFFFFFFFFFFFFFFFFFFFFFFFFFCFFF3D
:10739000FFFFFFFFFFFF9FFFFFFFFFFFFFFFFFFF5D
:1073A000FFFFFFFFFFFFFFFFFFFFFFFFCFFFFFFF1D
:1073B000FFFFFFFF9FFFFFFFFFFFFFFFFFFFFFFF3D
:1073C000FFFFFFFFFFFFFFFFFFFFCFFFFFFFFFFFFD
:1073D000FFFF9FFFFFFFFFFFFFFFFFFFFFFFFFFF1D
:1073E000FFFFFFFFFFFFFFFFCFFFFFFFFFFFFFFFDD
:1073F0009FFFFFFFFFFFFFFFFFFFFFFFFFFFFFFFFD
:10740000FFFFFFFFFFFFCFFFFFFFFFFFFFFF9FFF1C
:10741000FFFFFFFFFFFFFFFFFFFFFFFFFFFFFFFF7C
:10742000FFFFFFFFCFFFFFFFFFFFFFFF9FFFFFFFFC
:10743000FFFFFFFFFFFFFFFFFFFFFFFFFFFFFFFF5C
:10744000FFFFCFFFFFFFFFFFFFFF9FFFFFFFFFFFDC
:10745000FFFFFFFFFFFFFFFFFFFFFFFFFFFFFFFF3C
:10746000CFFFFFFFFFFFFFFF9FFFFFFFFFFFFFFFBC
:10747000FFFFFFFFFFFFFFFFFFFFFFFFFFFFCFFF4C
:10748000FFFFFFFFFFFF9FFFFFFFFFFFFFFFFFFF6C
:10749000FFFFFFFFFFFFFFFFFFFFFFFFCFFFFFFF2C
:1074A000FFFFFFFF9FFFFFFFFFFFFFFFFFFFFFFF4C
:1074B000FFFFFFFFFFFFFFFFFFFFCFFFFFFFFFFF0C
:1074C000FFFF9FFFFFFFFFFFFFFFFFFFFFFFFFFF2C
:1074D000FFFFFFFFFFFFFFFFCFFFFFFFFFFFFFFFEC
:1074E0009FFFFFFFFFFFFFFFFFFFFFFFFFFFFFFF0C
:1074F000FFFFFFFFFFFFCFFFFFFFFFFFFFFF9FFF2C
:10750000FFFFFFFFFFFFFFFFFFFFFFFFFFFFFFFF8B
:10751000FFFFFFFFCFFFFFFFFFFFFFFF9FFFFFFF0B
:10752000FFFFFFFFFFFFFFFFFFFFFFFFFFFFFFFF6B
:10753000FFFFCFFFFFFFFFFFFFFF9FFFFFFFFFFFEB
:10754000FFFFFFFFFFFFFFFFFFFFFFFFFFFFFFFF4B
:10755000CFFFFFFFFFFFFFFF9FFFFFFFFFFFFFFFCB
:10756000FFFFFFFFFFFFFFFFFFFFFFFFFFFFCFFF5B
:10757000FFFFFFFFFFFF9FFFFFFFFFFFFFFFFFFF7B
:10758000FFFFFC00FFFFFFFFFF7FFFFFCFFFFFFFBD
:10759000FFFFFFFF9FFFFFFFFFFFFFFFFFFFFFFF5B
:1075A000FC00FFFFFFFFFC7FFFFFCFFFFFFFFFFFA0
:1075B000FFFF9FFFFFFFFFFFFFFFFFFFFFFFFC003D
:1075C000FFFFFFFFF8FFFFFFCFFFFFFFFFFFFFFF02
:1075D0009FFFFFFFFFFFFFFFFFFFFFFFFC00FFFF1D
:1075E000FFFFE0FFFFFFCFFFFFFFFFFFFFFF9FFF5A
:1075F000FFFFFFFFFFFFFFFFFFFFFC00FFFFFFFF9D
:10760000C0FFFFFFCFFFFFFFFFFFFFFF9FFFFFFF59
:10761000FFFFFFFFFFFFFFFFFC00FFFFFFFF00FF7B
:10762000FFFFCFFFFFFFFFFFFFFF9FFFFFFFFFFFFA
:10763000FFFFFFFFFFFFFC00FFFFFFFC00FFFFFF5E
:10764000CFFFFFFFFFFFFFFF9FFFFFFFFFFFFFFFDA
:10765000FFFFFFFFFC00FFFFFFF8007FFFFFCFFFF2
:10766000FFFFFFFFFFFF9FFFFFFFFFFFFFFFFFFF8A
:10767000FFFFFC00FFFFFFE0007FFFFFCFFFFFFFEA
:10768000FFFFFFFF9FFFFFFFFFFFFFFFFFFFFFFF6A
:10769000FC00FFFFFFC0007FFFFFCFFFFFFFFFFFEA
:1076A000FFFF9FFFFFFFF87FFFFFFFFFFFFFFC00D3
:1076B000FFFFFF0001FFFFFFCFFFFFFFFFFFFFFF07
:1076C0009FFFFFFFF807FFFFFFFFFFFFFC00FFFF2B
:1076D000FC000FFFFFFFCFFFFFFFFFFFFFFF9FFF3C
:1076E000FFFFF801FFFFFFFFFFFFFC00FFFFF800B7
:1076F0003FFFFFFFCFFFFFFFFFFFFFFF9FFFFFFFEA
:10770000F8007FFFFFFFFFFFFC00FFFFE000FFFF2F
:10771000FFFFCFFFFFFFFFFFFFFF9FFFFFFFF8000F
:107720003FFFFFFFFFFFFC00FFFFC003FFFFFFFF66
:10773000CFFFFFFFFFFFFFFF9FFFFFFFF8001FFFCF
:10774000FFFFFFFFFC00FFFF000FFFFFFFFFCFFF6A
:10775000FFFFFE1FFFFF9FFFFFFFF8000FFFFFFF70
:10776000FFFFFC00FFFC003FFFFFFFFFCFFFFFFF1D
:10777000F003FFFF9FFFFFFFF80007FFFFFFFFFF82
:10778000FC00FFF801FFFFFFFFFFCFFFFFFF8001BD
:10779000FFFF9FFFFFFFF8000FFFFFFFFFFFFC0051
:1077A000FFE007FFFFFFFFFFCFFFFFFC0000FFFF31
:1077B0009FFFF7FFF8003FFFFFFFFFFFFC00FF8088
:1077C0001FFFFFFFFFFFCFFFFFE000007FFF9FFFD6
:1077D000E1FFF8007FFFFFFFFFFFFC00FE007FFFDF
:1077E000FFFFFFFFCFFFFF8000007FFF9FFFE07FD5
:1077F000F801FFFFFFFFFFFFFC00FC01FFFFFFFFA1
:10780000FFFFCFFFFE0000003FFF9FFFE01FFF07CD
:10781000FFFFFFFFFFFFFC00F003FFFFFFFFFFFF85
:10782000CFFFF80000003FFF9FFFC007FF8FFFFF63
:10783000FFFFFFFFFC00C00FFFFFFFFFFFFFCFFFB9
:10784000F80000003FFF9FFFC001FFFFFFFFFFFFA9
:10785000FFFFFC00003FFFFFFFFFFFFFCFFFFE0029
:1078600000007FFF9FFFC001C1FFFFFFFFFFFFFF81
:10787000FC0000FFFFFFFFFFFFFFCFFFFF800000C6
:107880007FFF9FFF8003C1FFFFFFFFFFFFFFFC00A3
:1078900003FFFFFFFFFFFFFFCFFFFFE00000FFFF41
:1078A0009FFF800380FFFFFFFFFFFFFFFC000FFF34
:1078B000FFFFFFFFFFFFCFFFFFFC0000FFFF9FFF69
:1078C0008001C1FFFFFFFFFFFFFFFC003FFFFFFF45
:1078D000FFFFFFFFCFFFFFFF8001FFFF9FFFC00102
:1078E000C1FFFFFFFFFFFFFFFC007FFFFFFFFFFF68
:1078F000FFFFCFFFFFFFF003FFFF9FFFC003FFFF6E
:10790000FFFFFFFFFFFFFC01FFFFFFFFFFFFFFFF88
:10791000CFFFFFFFFE0FFFFF9FFFC00FFF8FFFFF97
:10792000FFFFFFFFFC07FFFFFFFFFFFFFFFFCFFF92
:10793000FFFFFFFFFFFF9FFFE03FFE07FFFFFFFF8F
:10794000FFFFFC1FFFFFFFFFFFFFFFFFCFFFFFFF5A
:10795000FFFFFFFF9FFFE0FFF801FFFFFFFFFFFFBB
:10796000FC3FFFFFFFFFFFFFFFFFCFFFFFFFFFFF1A
:10797000FFFF9FFFE3FFF8007FFFFFFFFFFFFEFF1A
:10798000FFFFFFFFFFFFFFFFCFFFFFFFFFFFFFFF37
:107990009FFFFFFFF8003FFFFFFFFFFFFFFFFFFF1D
:1079A000FFFFFFFFFFFFCFFFFFFFFFFFFFFF9FFF77
:1079B000FFFFF8000FFFFFFFFFFFFFFCFFFFFFFFD0
:1079C000F87FFFFFCFFFFFFFFFFFFFFF9FFFFFFFDE
:1079D000F80007FFFFFFFFFFFFF0FFFFFFFFF07F53
:1079E000FFFFCFFFFFFFFFFFFFFF9FFFFFFFF8003D
:1079F0000FFFFFFFFFFFFFE07FFFFFFFE07FFFFFC5
:107A0000CFFFFFFFFFFFFFFF9FFFFFFFF8001FFFFC
:107A1000FFFFFFFFFFC03FFFFFFFC07FFFFFCFFF64
:107A2000FFFFFFFFFFFF9FFFFFFFF8003FFFFFFF8C
:107A3000FFFFFF801FFFFFFF807FFFFFCFFFFFFFE4
:107A4000FFFFFFFF9FFFFFFFF8007FFFFFFFFFFF2C
:107A5000FF800FFFFFFF007FFFFFCFFFFFFFFFFF54
:107A6000FFFF9FFFFFFFF801FFFFFFFFFFFFFF008A
:107A70000FFFFFFF007FFFFFCFFFFFFFFFFFFFFFB5
:107A80009FFFFFFFF807FFFFFFFFFFFFFF01FFFF63
:107A9000FFFE007FFFFFCFFFFFFFFFFFFFFF9FFF06
:107AA000FFFFF87FFFFFFFFFFFFFFE07FFFFFFFC69
:107AB000007FFFFFCFFFFFFFFFFFFFFF9FFFFFFFE5
:107AC000FFFFFFFFFFFFFFFFFE1FFFFFFFF8007F2D
:107AD000FFFFCFFFFFFFFFFFFFFF9FFFFFFFFFFF46
:107AE000FFFFFFFFFFFFFE3FFFFFFFE0007FFFFF05
:107AF000CFFFFFFFFFFFFFFF9FFFFFFFFFFFFFFF26
:107B0000FFFFFFFFFC3FFFFFFFC1007FFFFFCFFF35
:107B1000FFFFFFFFFFFF9FFFFFFFFFFFFFFFFFFFD5
:107B2000FFFFFC7FFFFFFF83007FFFFFCFFFFFFF13
:107B3000FFFFFFFF9FFFFFFFFFFFFFFFFFFFFFFFB5
:107B4000FC7FFFFFFF07007FFFFFCFFFFFFFFFFF6F
:107B5000FFFF9FFFFFFFFFFFFFFFFFFFFFFFFC7F18
:107B6000FFFFFE0F007FFFFFCFFFFFFFFFFFFFFFC5
:107B70009FFFFFFFFFFFFFFFFFFFFFFFFC7FFFFFF8
:107B8000F81F007FFFFFCFFFFFFFFFFFFFFF9FFFFB
:107B9000FFFFFFFFFFFFFFFFFFFFFC7FFFFFF03F47
:107BA000007FFFFFCFFFFFFFFFFFFFFF9FFFFFFFF4
:107BB000FFFFFFFFFFFFFFFFFC3FFFFFC03F007F16
:107BC000FFFFCFFFFFFFFFFFFFFF9FFFFFFFFFFF55
:107BD000FFFFFFFFFFFFFC3FFFFF807F007FFFFFF6
:107BE000CFFFFFFFFFFFFFFF9FFFFFFFFFFFFFFF35
:107BF000FFFFFFFFFC1FFFFE00FF007FFFFFCFFF27
:107C0000FFFFFFFFFFFF9FFFFFFFFFFFFFFFFFFFE4
:107C1000FFFFFC07FFF001FF007FFFFFCFFFFFFF2B
:107C2000FFFFFFFF9FFFFFFFFFFFFFFFFFFFFFFFC4
:107C3000FE00FF8003FF007FFFFFCFFFFFFFFFFF7E
:107C4000FFFF9FFFFFFFFFFFFFFFFFFFFFFFFE00A4
:107C5000000007FF007FFFFFCFFFFFFFFFFFFFFFD9
:107C60009FFFFFFFFFFFFFFFFFFFFFFFFE00000082
:107C70000FFF007FFFFFCFFFFFFFFFFFFFFF9FFF13
:107C8000FFFFFFFFFFFFFFFFFFFFFE0000001FFFE2
:107C9000007FFFFFCFFFFFFFFFFFFFFF9FFFFFFF03
:107CA000FFFFFFFFFFFFFFFFFF0000003FFF007F20
:107CB000FFFFCFFFFFFFFFFFFFFF9FFFFFFFFFFF64
:107CC000FFFFFFFFFFFFFF0000007FFF007FFFFFC0
:107CD000CFFFFFFFFFFFFFFF9FFFFFFFFFFFFFFF44
:107CE000FFFFFFFFFF800000FFFF007FFFFFCFFFD0
:107CF000FFFFFFFFFFFF9FFFFFFFFFFFFFFFFFFFF4
:107D0000FFFFFFC00001FFFF007FFFFFCFFFFFFF6E
:107D1000FFFFFFFF9FFFFFFFFFFFFFFFFFFFFFFFD3
:107D2000FFE00007FFFF007FFFFFCFFFFFFFFFFF28
:107D3000FFFF9FFFFFFFF83FFFFFFFFFFFFFFFF089
:107D4000001FFFFE007FFFFFCFFFFFFFFFFFFFFFD2
:107D50009FFFFFF0E01FFFFFFFFFFFFFFFFC007F23
:107D6000FFFE007FFFFFCFFFFFFFFFFFFFFF9FFF33
:107D7000FFC0600FFFFFFFFFFFFFFFFF03FFFFFEDE
:107D8000FF7FFFFFCFFFFFFFFFFFFFFF9FFFFFC052
:107D9000000FFFFFFFFFFFFFFFFFFFFFFFFFFFFFE2
:107DA000FFFFCFFFFFFFFFFFFFFF9FFFFF8007C722
:107DB000FFFFFFFFFFFFFFFFFFFFFFFFFFFFFFFFD3
:107DC000CFFFFFFFFFFFFFFF9FFFFF9F9FF7FFFF1B
:107DD000FFFFFFFFFFFFFFFFFFFFFFFFFFFFCFFFE3
:107DE000FFFFFFFFFFFF9FFFFFBFDFF7FFFFFFFF6B
:107DF000FFFFFFFFFFFFFFFFFFFFFFFFCFFFFFFFC3
:107E0000FFFFFFFF9FFFFFBFDFF7FFFFFFFFFFFF4A
:107E1000FFFFFFFFFFFFFFFFFFFFCFFFFFFFFFFFA2
:107E2000FFFF9FFFFF9F9FF7FFFFFFFFFFFFFFFF8A
:107E3000FFFFFFFFFFFFFFFFCFFFFFFFFFFFFFFF82
:107E40009FFFFF8007C7FFFFFFFFFFFFFFFFFFFF51
:107E5000FFFFFFFFFFFFCFFFFFFFFFFFFFFF9FFFC2
:107E6000FFC0000FFFFFFFFFFFFFFFFFFFFFFFFF50
:107E7000FFFFFFFFCFFFFFFFFFFFFFFF9FFFFFC0E1
:107E8000400FFFFFFFFFFFFFFFFFFFFFFFFFFFFFB1
:107E9000FFFFCFFFFFFFFFFFFFFF9FFFFFE0E01FA0
:107EA000FFFFFFFFFFFFFFFFFFFFFFFFFFFFFFFFE2
:107EB000CFFFFFFFF83FFFFF9FFFFFFFF87FFFFFB0
:107EC000FFFFFFFFFFFFFFFFFFFFFFFFFFFFCFFFF2
:107ED000FFF0E01FFFFF9FFFFFFFFFFFFFFFFFFF20
:107EE000FFFFFFFFFFFFFFFFFFFFFFFFCFFFFFC011
:107EF000600FFFFF9FFFFFFFFFFFFFFFFFFFFFFF81
:107F0000FFFFFFFFFFFFFFFFFFFFCFFFFFC0000FDF
:107F1000FFFF9FFFFFFFFFFFFFFFFFFFFFFFFFFFD1
:107F2000FFFFFFFFFFFFFFFFCFFFFF8007C7FFFF40
:107F30009FFFFFFFFFFFFFFFFFFFFFFFFFFFFFFFB1
:107F4000FFFFFFFFFFFFCFFFFF9F9FF7FFFF9FFF99
:107F5000FFFFFFFFFFFFFFFFFFFFFFFFFFFFFFFF31
:107F6000FFFFFFFFCFFFFFBFDFF7FFFF9FFFFFFF19
:107F7000FFFFFFFFFFFFFFFFFFFFFFFFFFFFFFFF11
:107F8000FFFFCFFFFFBFDFF7FFFF9FFFFFFFFFFFF9
:107F9000FFFFFFFFFFFFFFFFFFFFFFFFFFFFFFFFF1
:107FA000CFFFFF9F9FF7FFFF9FFFFFFFFFFFFFFF39
:107FB000FFFFFFFFFFFFFFFFFFFFFFFFFFFFCFFF01
:107FC000FF8007C7FFFF9FFFFFFFFFFFFFFFFFFFD0
:107FD000FFFFFFFFFFFFFFFFFFFFFFFFCFFFFFC020
:107FE000000FFFFF9FFFFFFFFFFFFFFFFFFFFFFFF0
:107FF000FFFFFFFFFFFFFFFFFFFFCFFFFFC0400FAF
:10800000FFFF9FFFFFFFFFFFFFFFFFFFFFFFFFFFE0
:10801000FFFFFFFFFFFFFFFFCFFFFFE0E01FFFFFBE
:108020009FFFFFFFFFFFFFFFFFFFFFFFFFFC0FFFB3
:10803000FFFFFFFFFFFFCFFFFFFFF87FFFFF9FFF67
:10804000FFFFFFFFFFFFFFFFFFFFFFF003FFFFFF4B
:10805000FFFFFFFFCFFFFFF7FFE7FFFF9FFFFFFEE1
:108060000007FFFFFFFFFFFFFFE001FFFFFFFFFF34
:10807000FFFFCFFFFFE3FFC7FFFF9FFFFFFE0007EC
:10808000FFFFFFFFFFFFFFC1E0FFFFFFFFFFFFFF5D
:10809000CFFFFFC1FF87FFFF9FFFFFFE0007FFFF2E
:1080A000FFFFFFFFFFC7F8FFFFFFFFFFFFFFCFFF4F
:1080B000FF8FFF07FFFF9FFFFFFE0007FFFFFFFF90
:1080C000FFFFFF87F87FFFFFFFFFFFFFCFFFFF9F4F
:1080D000FE07FFFF9FFFFFFFBFFFFFFFFFFFFFFF49
:1080E000FF8FFC7FFFFFFFFFFFFFCFFFFFBFFC877E
:1080F000FFFF9FFFFFFF7FFFFFFFFFFFFFFFFF8FE0
:10810000FC7FFFFFFFFFFFFFCFFFFFBFF987FFFFF0
:108110009FFFFFFE7FFFFFFFFFFFFFFFFF8FFC7F43
:10812000FFFFFFFFFFFFCFFFFFBFF387FFFF9FFFB3
:10813000FFFE7FFFFFFFFFFFFFFFFF87F87FFFFFCF
:10814000FFFFFFFFCFFFFF8F8787FFFF9FFFFFFE30
:108150003FFFFFFFFFFFFFFFFFC7F8FFFFFFFFFF2E
:10816000FFFFCFFFFFC00787FFFF9FFFFFFE000756
:10817000FFFFFFFFFFFFFFC1E0FFFFFFFFFFFFFF6C
:10818000CFFFFFC01F87FFFF9FFFFFFE0007FFFF1E
:10819000FFFFFFFFFFE001FFFFFFFFFFFFFFCFFF3C
:1081A000FFE03F87FFFF9FFFFFFF0007FFFFFFFF8D
:1081B000FFFFFFF803FFFFFFFFFFFFFFCFFFFFF011
:1081C000FFB7FFFF9FFFFFFF8007FFFFFFFFFFFFDE
:1081D000FFFC0FFFFFFFFFFFFFFFCFFFFFFFFFFFD2
:1081E000FFFF9FFFFFFF3FFFFFFFFFFFFFFFFFFFBF
:1081F000FFFFFFFFFFFFFFFFCFFFFFFFFFFFFFFFBF
:108200009FFFFFFF7FFFFFFFFFFFFFFFFFFFFFFF5E
:10821000FFFFFFFFFFFFCFFFFFFFFFFFFFFF9FFFFE
:10822000FFFE7FFFFFFFFFFFFFFFFFFFFFFFFFFFDF
:10823000FFFFFFFFCFFFFFF0FFFFFFFF9FFFFFFEEE
:108240007FFFFFFFFFFFFFFFFFFFFFFFFFFFFFFFBE
:10825000FFFFCFFFFFC03FFFFFFF9FFFFFFE3FFF7E
:10826000FFFFFFFFFFFFFFFFFFFFFFFFFFFFFFFF1E
:10827000CFFFFFC01FFFFFFF9FFFFFFE0007FFFFB5
:10828000FFFFFFFFFFFFFFFFFFFFFFFFFFFFCFFF2E
:10829000FF9F9FFFFFFF9FFFFFFE0007FFFFFFFF06
:1082A000FFFFFFE000000000007FFFFFCFFFFFBFE8
:1082B000DFFFFFFF9FFFFFFF0007FFFFFFFFFFFF45
:1082C000FFE000000000007FFFFFCFFFFFBFDFFFE8
:1082D000FFFF9FFFFFFF8007FFFFFFFFFFFFFFE0A4
:1082E00000000000007FFFFFCFFFFF9F9FE3FFFF25
:1082F0009FFFFFFE00000FFFFFFFFFFFFFE00000FA
:108300000000007FFFFFCFFFFFC03F87FFFF9FFF01
:10831000FFFE00000FFFFFFFFFFFFFE00000000077
:10832000007FFFFFCFFFFFC03E1FFFFF9FFFFFFE4D
:1083300000000FFFFFFFFFFFFFE000000000007FD5
:10834000FFFFCFFFFFE0F87FFFFF9FFFFFFE000072
:108350000FFFFFFFFFFFFFE000000000007FFFFFB7
:10836000CFFFFFFFE1FFFFFF9FFFFFFF9F8FFFFF9B
:10837000FFFFFFFFFFE07FFE07FFFFFFFFFFCFFFD5
:10838000FFFF87FFFFFF9FFFFFFF3FEFFFFFFFFFA5
:10839000FFFFFFE07FFE07FFFFFFFFFFCFFFFFFCB8
:1083A0001E1FFFFF9FFFFFFE7FE7FFFFFFFFFFFF97
:1083B000FFE07FFE07FFFFFFFFFFCFFFFFF0780F1B
:1083C000FFFF9FFFFFFE7FE7FFFFFFFFFFFFFFE0D5
:1083D0007FFE07FFFFFFFFFFCFFFFFC1F80FFFFF8B
:1083E0009FFFFFFE7FC7FFFFFFFFFFFFFFE07FFE56
:1083F00007FFFFFFFFFFCFFFFF87F007FFFF9FFF94
:10840000FFFE1F87FFFFFFFFFFFFFFE07FFE07FF6D
:10841000FFFFFFFFCFFFFF9FF3E7FFFF9FFFFFFE81
:10842000000FFFFFFFFFFFFFFFE07FFE07FFFFFFE3
:10843000FFFFCFFFFFFFF7F7FFFF9FFFFFFF000FDB
:10844000FFFFFFFFFFFFFFE07FFE07FFFFFFFFFFD4
:10845000CFFFFFFFF7F7FFFF9FFFFFFF801FFFFF2B
:10846000FFFFFFFFFFE07FFE07FFFFFFFFFFCFFFE4
:10847000FFFFF3E7FFFF9FFFFFFFE07FFFFFFFFF2F
:10848000FFFFFFE07FFE07FFFFFFFFFFCFFFFFFFC4
:10849000F80FFFFF9FFFFE000007FFFFFFFFFFFF3A
:1084A000FFE07FFE07FFFFFFFFFFCFFFFFFFF80F9B
:1084B000FFFF9FFFFE000007FFFFFFFFFFFFFFE042
:1084C0007FFE07FFFFFFFFFFCFFFFFFFFC3FFFFF28
:1084D0009FFFFE000007FFFFFFFFFFFFFFE07FFEA3
:1084E00007FFFFFFFFFFCFFFFFFFFFFFFFFF9FFF24
:1084F000FE000007FFFFFFFFFFFFFFE07FFE07FF1B
:10850000FFFFFFFFCFFFFFFFFFFFFFFF9FFFFFFF0B
:10851000BFFFFFFFFFFFFFFFFFE07FFE07FFFFFF43
:10852000FFFFCFFFFFFFFFFFFFFF9FFFFFFF7FFF6B
:10853000FFFFFFFFFFFFFFE07FFE07FFFFFFFFFFE3
:10854000CFFFFFFFFFFFFFFF9FFFFFFE7FFFFFFF4C
:10855000FFFFFFFFFFE07FFE07FFFFFFFFFFCFFFF3
:10856000FFFFFFFFFFFF9FFFFFFE7FFFFFFFFFFFFC
:10857000FFFFFFE07FFE07FFFFFFFFFFCFFFFFFFD3
:10858000FFFFFFFF9FFFFFFE3FFFFFFFFFFFFFFF1C
:10859000FFE07FFE07FFFFFFFFFFCFFFFFFFFFFFB3
:1085A000FFFF9FFFFFFE0007FFFFFFFFFFFFFFE052
:1085B0007FFE07FFFFFFFFFFCFFFFFFFFFFFFFFF74
:1085C0009FFFFFFE0007FFFFFFFFFFFFFFE07FFEB3
:1085D00007FFFFFFFFFFCFFFFFFFFFFFFFFF9FFF33
:1085E000FFFF0007FFFFFFFFFFFFFFE07FFE07FF2A
:1085F000FFFFFFFFCFFFFFFFFFFFFFFF9FFFFFFF1B
:108600008007FFFFFFFFFFFFFFE07FFFFFFFFFFF90
:10861000FFFFCFFFFFFFFFFFFFFF9FFFFFFFFFFFFA
:10862000FFFFFFFFFFFFFFE07FFFFFFFFFFFFFFFF9
:10863000CFFFFFFFFFFFFFFF9FFFFFFFFFFFFFFFDA
:10864000FFFFFFFFFFFFFFFFFFFFFFFFFFFFCFFF6A
:10865000FFFFFFFFFFFF9FFFFFFFFFFFFFFFFFFF8A
:10866000FFFFFFFFFFFFFFFFFFFFFFFFCFFFFFFF4A
:10867000FFFFFFFF9FFFFFFFFFFFFFFFFFFFFFFF6A
:10868000FFFFFFFFFFFFFFFFFFFFCFFFFFFFFFFF2A
:10869000FFFF9FFFFFFFFFFFFFFFFFFFFFFFFFFF4A
:1086A000FFFFFFFFFFFFFFFFCFFFFFFFFFFFFFFF0A
:1086B0009FFFFFFFFFFFFFFFFFFFFFFFFFFFFFFF2A
:1086C000FFFFFFFFFFFFCFFFFFFFFFFFFFFF9FFF4A
:1086D000FFFFFFFFFFFFFFFFFFFFFFFFFFFFFFFFAA
:1086E000FFFFFFFFCFFFFFFFFFFFFFFF9FFFFFFF2A
:1086F000FFFFFFFFFFFFFFFFFFFFFFFFFFFFFFFF8A
:10870000FFFFCFFFFFFFFFFFFFFF9FFFFFFFFFFF09
:10871000FFFFFFFFFFFFFFFFFFFFFFFFFFFFFFFF69
:10872000CFFFFFFFFFFFFFFF9FFFFFFFFFFFFFFFE9
:10873000FFFFFFFFFFFFFFFFFFFFFFFFFFFFCFFF79
:10874000FFFFFFFFFFFF9FFFFFFFFFFFFFFFFFFF99
:10875000FFFFFFFFFFFFFFFFFFFFFFFFCFFFFFFF59
:10876000FFFFFFFF9FFFFFFFFFFFFFFFFFFFFFFF79
:10877000FFFFFFFFFFFFFFFFFFFFCFFFFFFFFFFF39
:10878000FFFF9FFFFFFFFFFFFFFFFFFFFFFFFFFF59
:10879000FFFFFFFFFFFFFFFFCFFFFFFFFFFFFFFF19
:1087A0009FFFFFFFFFFFFFFFFFFFFFFFFFFFFFFF39
:1087B000FFFFFFFFFFFFCFFFFFFFFFFFFFFF9FFF59
:1087C000FFFFFFFFFFFFFFFFFFFFFFFFFFFFFFFFB9
:1087D000FFFFFFFFCFFFFFFFFFFFFFFF9FFFFFFF39
:1087E000FFFFFFFFFFFFFFFFFFFFFFFFFFFFFFFF99
:1087F000FFFFCFFFFFFFFFFFFFFF9FFFFFFFFFFF19
:10880000FFFFFFFFFFFFFFFFFFFFFFFFFFFFFFFF78
:10881000CFFFFFFFFFFFFFFF9FFFFFFFFFFFFFFFF8
:10882000FFFFFFFFFFFFFFFFFFFFFFFFFFFFCFFF88
:10883000FFFFFFFFFFFF9FFFFFFFFFFFFFFFFFFFA8
:10884000FFFFFFFFFFFFFFFFFFFFFFFFCFFFFFFF68
:10885000FFFFFFFF9FFFFFFFFFFFFFFFFFFFFFFF88
:10886000FFFFFFFFFFFFFFFFFFFFCFFFFFFFFFFF48
:10887000FFFF9FFFFFFFFFFFFFFFFFFFFFFFFFFF68
:10888000FFFFFFFFFFFFFFFFCFFFFFFFFFFFFFFF28
:108890009FFFFFFFFFFFFFFFFFFFFFFFFFFFFFFF48
:1088A000FFFFFFFFFFFFCFFFFFFFFFFFFFFF9FFF68
:1088B000FFFFFFFFFFFFFFFFFFFFFFFFFFFFFFFFC8
:1088C000FFFFFFFFCFFFFFFFFFFFFFFF9FFFFFFF48
:1088D000FFFFFFFFFFFFFFFFFFFFFFFFFFFFFFFFA8
:1088E000FFFFCFFFFFFFFFFFFFFF9FFFFFFFFFFF28
:1088F000FFFFFFFFFFFFFFFFFFFFFFFFFFFFFFFF88
:10890000CFFFFFFFFFFFFFFF9FFFFFFFFFFFFFFF07
:10891000FFFFFFFFFFFFFFFFFFFFFFFFFFFFCFFF97
:10892000FFFFFFFFFFFF9FFFFFFFFFFFFFFFFFFFB7
:10893000FFFFFFFFFFFFFFFFFFFFFFFFCFFFFFFF77
:10894000FFFFFFFF9FFFFFFFFFFFFFFFFFFFFFFF97
:10895000FFFFFFFFFFFFFFFFFFFFCFFFFFFFFFFF57
:10896000FFFF9FFFFFFFFFFFFFFFFFFFFFFFFFFF77
:10897000FFFFFFFFFFFFFFFFCFFFFFFFFFFFFFFF37
:108980009FFFFFFFFFFFFFFFFFFFFFFFFFFFFFFF57
:10899000FFFFFFFFFFFFCFFFFFFFFFFFFFFF9FFF77
:1089A000FFFFFFFFFFFFFFFFFFFFFFFFFFFFFFFFD7
:1089B000FFFFFFFFCFFFFFFFFFFFFFFF9FFFFFFF57
:1089C000FFFFFFFFFFFFFFFFFFFFFFFFFFFFFFFFB7
:1089D000FFFFCFFFFFFFFFFFFFFF9FFFFFFFFFFF37
:1089E000FFFFFFFFFFFFFFFFFFFFFFFFFFFFFFFF97
:1089F000CFFFFFFFFFFFFFFF9FFFFFFFFFFFFFFF17
:108A0000FFFFFFFFFFFFFFFFFFFFFFFFFFFFCFFFA6
:108A1000FFFFFFFFFFFF9FFFFFFFFFFFFFFFFFFFC6
:108A2000FFFFFFFFFFFFFFFFFFFFFFFFCFFFFFFF86
:108A3000FFFFFFFF9FFFFFFFFFFFFFFF3FFFFFFF66
:108A4000FFFFFFFFFFFFFFFFFFFFFFFFFFFFFFFF36
:108A5000FFFFFFFFFFFFFFFFFFFC3FFFFFFFFFFFE9
:108A6000FFFFFFFFFFFFFFFFFFFFFFFFFFFFFFFF16
:108A7000FFFFFFFFFFFFFFFCFFFFFFFFFFFFFFFF09
:108A8000FFFFFFFFFFFFFFFFFFFFFFFFFFFFFFFFF6
:108A9000FFFFFFFFFFFFFFFFFFFFFFFFFFFFFFFFE6
:108AA000FFFFFFFFFFFFFFFFFFFFFFFFFFFFFFFFD6
:108AB000FFFFFFFFFFFFFFFFFFFFFFFFFFFFFFFFC6
:108AC000FFFFFFFFFFFFFFFFFFFFFFFFFFFFFFFFB6
:108AD000FFFFFFFFFFFFFFFFFFFFFFFFFFFFFFFFA6
:108AE000FFFFFFFFFFFFFFFFFFFFFFFFFFFFFFFF96
:108AF000FFFFFFFFFFFFFFFFFFFFFFFFFFFFFFFF86
:108B0000FFFFFFFFFFFFFFFFFFFFFFFFFFFFFFFF75
:108B1000FFFFFFFFFFFFFFFFFFFFFFFFFFFFFFFF65
:108B2000FFFFFFFFFFFFFFFFFFFFFFFFFFFFFFFF55
:108B3000FFFFFFFFFFFFFFFFFFFFFFFFFFFFFFFF45
:108B4000FFFFFFFFFFFFFFFFFFFFFFFFFFFFFFFF35
:108B5000FFFFFFFFFFFFFFFFFFFFFFFFFFFFFFFF25
:108B6000FFFFFFFFFFFFFFFFFFFFFFFFFFFFFFFF15
:108B7000FFFFFFFFFFFFFFFFFFFFFFFFFFFFFFFF05
:108B8000FFFFFFFFFFFFFFFFFFFFFFFFFFFFFFFFF5
:108B9000FFFFFFFFFFFFFFFFFFFFFFFFFFFFFFFFE5
:108BA000FFFFFFFFFFFFFFFFFFFFFFFFFFFFFFFFD5
:108BB000FFFFFFFFFFFFFFFFFFFFFFFFFFFFFFFFC5
:108BC000FFFFFFFFFFFFFFFFFFFFFFFFFFFFFFFFB5
:108BD000FFFFFFFFFFFFFFFFFFFFFFFFFFFFFFFFA5
:108BE000FFFFFFFFFFFFFFFFFFFFFFFFFFFFFFFF95
:108BF000FFFFFFFFFFFFFFFFFFFFFFFFFFFFFFFF85
:108C0000FFFFFFFFFFFFFFFFFFFFFFFFFFFFFFFF74
:108C1000FFFFFFFFFFFFFFFFFFFFFFFFFFFFFFFF64
:108C2000FFFFFFFFFFFFFFFFFFFFFFFFFFFFFFFF54
:108C3000FFFFFFFFFFFFFFFFFFFFFFFFFFFFFFFF44
:108C4000FFFFFFFFFFFFFFFFFFFFFFFFFFFFFFFF34
:108C5000FFFFFFFFFFFFFFFFFFFFFFFFFFFFFFFF24
:108C6000FFFFFFFFFFFFFFFFFFFFFFFFFFFFFFFF14
:108C7000FFFFFFFFFFFFFFFFFFFFFFF7FFFFFFFF0C
:108C8000FFFFFFFFFFFFFFFFFFFFFFFFFFFFFFFFF4
:108C9000FFFFFFFFFFFFFFFFFFF7FFFFFFFFFFFFEC
:108CA000FFFFFFFFFFFFFFFFFFFFFFFFFFFFFFFFD4
:108CB000FFFFFFFFFFFFFFF7FFFFFFFFFFFFFFFFCC
:108CC000FFFFFFFFFFFFFFFFFFFFFFFFFFFFFFFFB4
:108CD000FFFFFFFFFFF7FFFFFFFFFFFFFFFFFFFFAC
:108CE000FFFFFFFFFFFFFFFFFFFFFFFFFFFFFFFF94
:108CF000FFFFFFF7FFFFFFFFFFFFFFFFFFFFFFFF8C
:108D0000FFFFFFFFFFFFFFFFFFFFFFFFFFFFFFFF73
:108D1000FFF7FFFFFFFFFFFFFFFFFFFFFFFFFFFF6B
:108D2000FFFFFFFFFFFFFFFFFFFFFFFFFFFFFFF75B
:108D3000FFFFFFFFFFFFFFFFFFFFFFFFFFFFFFFF43
:108D4000FFFFFFFFFFFFFFFFFFFFFFFFFFF7FFFF3B
:108D5000FFFFFFFFFFFFFFFFFFFFFFFFFFFFFFFF23
:108D6000FFFFFFFFFFFFFFFFFFFFFFF7FFFFFFFF1B
:108D7000FFFFFFFFFFFFFFFFFFFFFFFFFFFFFFFF03
:108D8000FFFFFFFFFFFFFFFFFFF7FFFFFFFFFFFFFB
:108D9000FFFFFFFFFFFFFFFFFFFFFFFFFFFFFFFFE3
:108DA000FFFFFFFFFFFFFFF7FFFFFFFFFFFFFFFFDB
:108DB000FFFFFFFFFFFFFFFFFFFFFFFFFFFFFFFFC3
:108DC000FFFFFFFFFFF7FFFFFFFFFFFFFFFFFFFFBB
:108DD000FFFFFFFFFFFFFFFFFFFFFFFFFFFFFFFFA3
:108DE000FFFFFFF7FFFFFFFFFFFFFFFFFFFFFFFF9B
:108DF000FFFFFFFFFFFFFFFFFFFFFFFFFFFFFFFF83
:108E0000FFF7FFFFFFFFFFFFFFFFFFFFFFFFFFFF7A
:108E1000FFFFFFFFFFFFFFFFFFFFFFFFFFFFFFF76A
:108E2000FFFFFFFFFFFFFFFFFFFFFFFFFFFFFFFF52
:108E3000FFFFFFFFFFFFFFFFFFFFFFFFFFF7FFFF4A
:108E4000FFFFFFFFFFFFFFFFFFFFFFFFFFFFFFFF32
:108E5000FFFFFFFFFFFFFFFFFFFFFFF7FFFFFFFF2A
:108E6000FFFFFFFFFFFFFFFFFFFFFFFFFFFFFFFF12
:108E7000FFFFFFFFFFFFFFFFFFF7FFFFFFFFFFFF0A
:108E8000FFFFFFFFFFFFFFFFFFFFFFFFFFFFFFFFF2
:108E9000FFFFFFFFFFFFFFF7FFFFFFFFFFFFFFFFEA
:108EA000FFFFFFFFFFFFFFFFFFFFFFFFFFFFFFFFD2
:108EB000FFFFFFFFFFF7FFFFFFFFFFFFFFFFFFFFCA
:108EC000FFFFFFFFFFFFFFFFFFFFFFFFFFFFFFFFB2
:108ED000FFFFFFF7FFFFFFFFFFFFFFFFFFFFFFFFAA
:108EE000FFFFFFFFFFFFFFFFFFFFFFFFFFFFFFFF92
:108EF000FFF7FFFFFFFFFFFFFFFFFFFFFFFFFFFF8A
:108F0000FFFFFFFFFFFFFFFFFFFFFFFFFFFFFFF779
:108F1000FFFFFFFFFFFFFFFFFFFFFFFFFFFFFFFF61
:108F2000FFFFFFFFFFFFFFFFFFFFFFFFFFF7FFFF59
:108F3000FFFFFFFFFFFFFFFFFFFFFFFFFFFFFFFF41
:108F4000FFFFFFFFFFFFFFFFFFFFFFF7FFFFFFFF39
:108F5000FFFFFFFFFFFFFFFFFFFFFFFFFFFFFFFF21
:108F6000FFFFFFFFFFFFFFFFFFF7FFFFFFFFFFFF19
:108F7000FFFFFFFFFFFFFFFFFFFFFFFFFFFFFFFF01
:108F8000FFFFFFFFFFFFFFF7FFFFFFFFFFFFFFFFF9
:108F9000FFFFFFFFFFFFFFFFFFFFFFFFFFFFFFFFE1
:108FA000FFFFFFFFFFF7FFFFFFFFFFFFFFFFFFFFD9
:108FB000FFFFFFFFFFFFFFFFFFFFFFFFFFFFFFFFC1
:108FC000FFFFFFF7FFFFFFFFFFFFFFFFFFFFFFFFB9
:108FD000FFFFFFFFFFFFFFFFFFFFFFFFFFFFFFFFA1
:108FE000FFF7FFFFFFFFFFFFFFFFFFFFFFFFFFFF99
:108FF000FFFFFFFFFFFFFFFFFFFFFFFFFFFFFFF789
:10900000FFFFFFFFFFFFFFFFFFFFFFFFFFFFFFFF70
:10901000FFFFFFFFFFFFFFFFFFFFFFFFFFF7FFFF68
:10902000FFFFFFFFFFFFFFFFFFFFFFFFFFFFFFFF50
:10903000FFFFFFFFFFFFFFFFFFFFFFF7FFFFFFFF48
:10904000FFFFFFFFFFFFFFFFFFFFFFFFFFFFFFFF30
:10905000FFFFFFFFFFFFFFFFFFF7FFFFFFFFFFFF28
:10906000FFFFFFFFFFFFFFFFFFFFFFFFFFFFFFFF10
:10907000FFFFFFFFFFFFFFF7FFFFFFFFFFFFFFFF08
:10908000FFFFFFFFFFFFFFFFFFFFFFFFFFFFFFFFF0
:10909000FFFFFFFFFFF7FFFFFFFFFFFFFFFFFFFFE8
:1090A000FFFFFFFFFFFFFFFFFFFFFFFFFFFFFFFFD0
:1090B000FFFFFFF7FFFFFFFFFFFFFFFFFFFFFFFFC8
:1090C000FFFFFFFFFFFFFFFFFFFFFFFFFFFFF3FBC0
:1090D000FFF7FFFFFFFFFFFFFFFFFFFFFFFFFFFFA8
:1090E000FFFFFFFFFFFFFFFFFFFFFFFFF3F8FFF7AB
:1090F000FFFFFFFFFFFFFFFFFFFFFFFFFFFFFFFF80
:10910000FFFFFFFFFFFFFFFFFFFFE7FCFFF7FFFF92
:10911000FFFFFFFFFFFFFFFFFFFFFFFFFFFFFFFF5F
:10912000FFFFFFFFFFFFFFFFC7FE7FF7FFFFFFFF10
:10913000FFFFFFFFFFFFFFFFFFFFFFFFFFFFFFFF3F
:10914000FFFFFFFFFFFFCFBE7FF7FFFFFFFFFFFF28
:10915000FFFFFFFFFFFFFFFFFFFFFFFFFFFFFFFF1F
:10916000FFFFFFFFCF3E7FF7FFFFFFFFFFFFFFFF88
:10917000FFFFFFFFFFFFFFFFFFFFFFFFFFFFFFFFFF
:10918000FFFFCF3E7FF7FFFFFFFFFFFFFFFFFFFF68
:10919000FFFFFFFFFFFFFFFFFFFFFFFFFFFFFFFFDF
:1091A000CE3E7FF7FFFFFFFFFFFFFFFFFFFFFFFF49
:1091B000FFFFFFFFFFFFFFFFFFFFFFFFFFFFE21CBF
:1091C000FFF7FFFFFFFFFFFFFFFFFFFFFFFFFFFFB7
:1091D000FFFFFFFFFFFFFFFFFFFFFFFFE088FFF73D
:1091E000FFFFFFFFFFFFFFFFFFFFFFFFFFFFFFFF8F
:1091F000FFFFFFFFFFFFFFFFFFFFF3C1FFF7FFFFD1
:10920000FFFFFFFFFFFFFFFFFFFFFFFFFFFFFFFF6E
:10921000FFFFFFFFFFFFFFFFFFE3FFF7FFFFFFFF82
:10922000FFFFFFFFFFFFFFFFFFFFFFFFFFFFFFFF4E
:10923000FFFFFFFFFFFFFFFFFFF7FFFFFFFFFFFF46
:10924000FFFFFFFFFFFFFFFFFFFFFFFFFFFFFFFF2E
:10925000FFFFFFFFFFFFFFF7FFFFFFFFFFFFFFFF26
:10926000FFFFFFFFFFFFFFFFFFFFFFFFFFFFFFFF0E
:10927000FFFFFFFE7FF7FFFFFFFFFFFFFFFFFFFF87
:10928000FFFFFFFFFFFFFFFFFFFFFFFFFFFFFFFFEE
:10929000FFFE7FF7FFFFFFFFFFFFFFFFFFFFFFFF67
:1092A000FFFFFFFFFFFFFFFFFFFFFFFFFFFFFFFFCE
:1092B000FFF7FFFFFFFFFFFFFFFFFFFFFFFFFFFFC6
:1092C000FFFFFFFFFFFFFFFFFFFFFFFFFFFFFFF7B6
:1092D000FFFFFFFFFFFFFFFFFFFFFFFFFFFFFFFF9E
:1092E000FFFFFFFFFFFFFFFFFFFFCFFFFFF7FFFFC6
:1092F000FFFFFFFFFFFFFFFFFFFFFFFFFFFFFFFF7E
:10930000FFFFFFFFFFFFFFFFCFFFFFF7FFFFFFFFA5
:10931000FFFFFFFFFFFFFFFFFFFFFFFFFFFFFFFF5D
:10932000FFFFFFFFFFFFCFFFFFF7FFFFFFFFFFFF85
:10933000FFFFFFFFFFFFFFFFFFFFFFFFFFFFFFFF3D
:10934000FFFFFFFFCFF87FF7FFFFFFFFFFFFFFFFEC
:10935000FFFFFFFFFFFFFFFFFFFFFFFFFFFFFFFF1D
:10936000FFFFCFC07FF7FFFFFFFFFFFFFFFFFFFF04
:10937000FFFFFFFFFFFFFFFFFFFFFFFFFFFFFFFFFD
:10938000CF83FFF7FFFFFFFFFFFFFFFFFFFFFFFFA1
:10939000FFFFFFFFFFFFFFFFFFFFFFFFFFFFCC0F00
:1093A000FFF7FFFFFFFFFFFFFFFFFFFFFFFFFFFFD5
:1093B000FFFFFFFFFFFFFFFFFFFFFFFFCC7FFFF778
:1093C000FFFFFFFFFFFFFFFFFFFFFFFFFFFFFFFFAD
:1093D000FFFFFFFFFFFFFFFFFFFFC0FFFFF7FFFFE4
:1093E000FFFFFFFFFFFFFFFFFFFFFFFFFFFFFFFF8D
:1093F000FFFFFFFFFFFFFFFFC3FFFFF7FFFFFFFFC1
:10940000FFFFFFFFFFFFFFFFFFFFFFFFFFFFFFFF6C
:10941000FFFFFFFFFFFFCFFFFFF7FFFFFFFFFFFF94
:10942000FFFFFFFFFFFFFFFFFFFFFFFFFFFFFFFF4C
:10943000FFFFFFFFCFFFFFF7FFFFFFFFFFFFFFFF74
:10944000FFFFFFFFFFFFFFFFFFFFFFFFFFFFFFFF2C
:10945000FFFFFFFFFFF7FFFFFFFFFFFFFFFFFFFF24
:10946000FFFFFFFFFFFFFFFFFFFFFFFFFFFFFFFF0C
:10947000FFFFFFF7FFFFFFFFFFFFFFFFFFFFFFFF04
:10948000FFFFFFFFFFFFFFFFFFFFFFFFFFFFFFFFEC
:10949000FFF7FFFFFFFFFFFFFFFFFFFFFFFFFFFFE4
:1094A000FFFFFFFFFFFFFFFFFFFFFFFFFFFFFFF7D4
:1094B000FFFFFFFFFFFFFFFFFFFFFFFFFFFFFFFFBC
:1094C000FFFFFFFFFFFFFFFFFFFFFBFFFFF7FFFFB8
:1094D000FFFFFFFFFFFFFFFFFFFFFFFFFFFFFFFF9C
:1094E000FFFFFFFFFFFFFFFFF3FFFFF7FFFFFFFFA0
:1094F000FFFFFFFFFFFFFFFFFFFFFFFFFFFFFFFF7C
:10950000FFFFFFFFFFFFE3FFFFF7FFFFFFFFFFFF8F
:10951000FFFFFFFFFFFFFFFFFFFFFFFFFFFFFFFF5B
:10952000FFFFFFFFC0007FF7FFFFFFFFFFFFFFFF11
:10953000FFFFFFFFFFFFFFFFFFFFFFFFFFFFFFFF3B
:10954000FFFFC0007FF7FFFFFFFFFFFFFFFFFFFFF1
:10955000FFFFFFFFFFFFFFFFFFFFFFFFFFFFFFFF1B
:10956000FFFFFFF7FFFFFFFFFFFFFFFFFFFFFFFF13
:10957000FFFFFFFFFFFFFFFFFFFFFFFFFFFFFFFFFB
:10958000FFF7FFFFFFFFFFFFFFFFFFFFFFFFFFFFF3
:10959000FFFFFFFFFFFFFFFFFFFFFFFFFFFFFFF7E3
:1095A000FFFFFFFFFFFFFFFFFFFFFFFFFFFFFFFFCB
:1095B000FFFFFFFFFFFFFFFFFFFFFFFFFFF7FFFFC3
:1095C000FFFFFFFFFFFFFFFFFFFFFFFFFFFFFFFFAB
:1095D000FFFFFFFFFFFFFFFFFFFFFFF7FFFFFFFFA3
:1095E000FFFFFFFFFFFFFFFFFFFFFFFFFFFFFFFF8B
:1095F000FFFFFFFFFFFFFFFFFFF7FFFFFFFFFFFF83
:10960000FFFFFFFFFFFFFFFFFFFFFFFFFFFFFFFF6A
:10961000FFFFFFFFFFFFFFF7FFFFFFFFFFFFFFFF62
:10962000FFFFFFFFFFFFFFFFFFFFFFFFFFFFFFFF4A
:10963000FFFFFFFFFFF7FFFFFFFFFFFFFFFFFFFF42
:10964000FFFFFFFFFFFFFFFFFFFFFFFFFFFFFFFF2A
:10965000FFFFFFF7FFFFFFFFFFFFFFFFFFFFFFFF22
:10966000FFFFFFFFFFFFFFFFFFFFFFFFFFFFFFFF0A
:10967000FFF7FFFFFFFFFFFFFFFFFFFFFFFFFFFF02
:10968000FFFFFFFFFFFFFFFFFFFFFFFFFFFFFFF7F2
:10969000FFFFFFFFFFFFFFFFFFFFFFFFFFFFFFFFDA
:1096A000FFFFFFFFFFFFFFFFFFFFC0007FF7FFFF90
:1096B000FFFFFFFFFFFFFFFFFFFFFFFFFFFFFFFFBA
:1096C000FFFFFFFFFFFFFFFFC0007FF7FFFFFFFF70
:1096D000FFFFFFFFFFFFFFFFFFFFFFFFFFFFFFFF9A
:1096E000FFFFFFFFFFFFFFFFFFF7FFFFFFFFFFFF92
:1096F000FFFFFFFFFFFFFFFFFFFFFFFFFFFFFFFF7A
:10970000FFFFFFFFFFFFFFF7FFFFFFFFFFFFFFFF71
:10971000FFFFFFFFFFFFFFFFFFFFFFFFFFFFFFFF59
:10972000FFFFFFFFFFF7FFFFFFFFFFFFFFFFFFFF51
:10973000FFFFFFFFFFFFFFFFFFFFFFFFFFFFFFFF39
:10974000C0007FF7FFFFFFFFFFFFFFFFFFFFFFFFEF
:10975000FFFFFFFFFFFFFFFFFFFFFFFFFFFFC00057
:109760007FF7FFFFFFFFFFFFFFFFFFFFFFFFFFFF91
:10977000FFFFFFFFFFFFFFFFFFFFFFFFE3FFFFF71D
:10978000FFFFFFFFFFFFFFFFFFFFFFFFFFFFFFFFE9
:10979000FFFFFFFFFFFFFFFFFFFFF9FFFFF7FFFFE7
:1097A000FFFFFFFFFFFFFFFFFFFFFFFFFFFFFFFFC9
:1097B000FFFFFFFFFFFFFFFFF8FFFFF7FFFFFFFFC8
:1097C000FFFFFFFFFFFFFFFFFFFFFFFFFFFFFFFFA9
:1097D000FFFFFFFFFFFFFE3FFFF7FFFFFFFFFFFF62
:1097E000FFFFFFFFFFFFFFFFFFFFFFFFFFFFFFFF89
:1097F000FFFFFFFFFF1FFFF7FFFFFFFFFFFFFFFF61
:10980000FFFFFFFFFFFFFFFFFFFFFFFFFFFFFFFF68
:10981000FFFFFF8FFFF7FFFFFFFFFFFFFFFFFFFFD0
:10982000FFFFFFFFFFFFFFFFFFFFFFFFFFFFFFFF48
:10983000FFE7FFF7FFFFFFFFFFFFFFFFFFFFFFFF58
:10984000FFFFFFFFFFFFFFFFFFFFFFFFFFFFFFF136
:10985000FFF7FFFFFFFFFFFFFFFFFFFFFFFFFFFF20
:10986000FFFFFFFFFFFFFFFFFFFFFFFFFFF8FFF717
:10987000FFFFFFFFFFFFFFFFFFFFFFFFFFFFFFFFF8
:10988000FFFFFFFFFFFFFFFFFFFFC0007FF7FFFFAE
:10989000FFFFFFFFFFFFFFFFFFFFFFFFFFFFFFFFD8
:1098A000FFFFFFFFFFFFFFFFC0007FF7FFFFFFFF8E
:1098B000FFFFFFFFFFFFFFFFFFFFFFFFFFFFFFFFB8
:1098C000FFFFFFFFFFFFFFFFFFF7FFFFFFFFFFFFB0
:1098D000FFFFFFFFFFFFFFFFFFFFFFFFFFFFFFFF98
:1098E000FFFFFFFFFFFFFFF7FFFFFFFFFFFFFFFF90
:1098F000FFFFFFFFFFFFFFFFFFFFFFFFFFFFFFFF78
:10990000FFFFFF07FFF7FFFFFFFFFFFFFFFFFFFF67
:10991000FFFFFFFFFFFFFFFFFFFFFFFFFFFFFFFF57
:10992000F803FFF7FFFFFFFFFFFFFFFFFFFFFFFF52
:10993000FFFFFFFFFFFFFFFFFFFFFFFFFFFFF0F154
:10994000FFF7FFFFFFFFFFFFFFFFFFFFFFFFFFFF2F
:10995000FFFFFFFFFFFFFFFFFFFFFFFFE3F8FFF742
:10996000FFFFFFFFFFFFFFFFFFFFFFFFFFFFFFFF07
:10997000FFFFFFFFFFFFFFFFFFFFE7FCFFF7FFFF1A
:10998000FFFFFFFFFFFFFFFFFFFFFFFFFFFFFFFFE7
:10999000FFFFFFFFFFFFFFFFE7FC7FF7FFFFFFFF7A
:1099A000FFFFFFFFFFFFFFFFFFFFFFFFFFFFFFFFC7
:1099B000FFFFFFFFFFFFCFFE7FF7FFFFFFFFFFFF70
:1099C000FFFFFFFFFFFFFFFFFFFFFFFFFFFFFFFFA7
:1099D000FFFFFFFFCFFE7FF7FFFFFFFFFFFFFFFF50
:1099E000FFFFFFFFFFFFFFFFFFFFFFFFFFFFFFFF87
:1099F000FFFFCFFE7FF7FFFFFFFFFFFFFFFFFFFF30
:109A0000FFFFFFFFFFFFFFFFFFFFFFFFFFFFFFFF66
:109A1000CFFE7FF7FFFFFFFFFFFFFFFFFFFFFFFF0F
:109A2000FFFFFFFFFFFFFFFFFFFFFFFFFFFFCFFE77
:109A30007FF7FFFFFFFFFFFFFFFFFFFFFFFFFFFFBE
:109A4000FFFFFFFFFFFFFFFFFFFFFFFFCFFCFFF761
:109A5000FFFFFFFFFFFFFFFFFFFFFFFFFFFFFFFF16
:109A6000FFFFFFFFFFFFFFFFFFFFE7FCFFF7FFFF29
:109A7000FFFFFFFFFFFFFFFFFFFFFFFFFFFFFFFFF6
:109A8000FFFFFFFFFFFFFFFFE1F0FFF7FFFFFFFF1B
:109A9000FFFFFFFFFFFFFFFFFFFFFFFFFFFFFFFFD6
:109AA000FFFFFFFFFFFFF9F1FFF7FFFFFFFFFFFFE2
:109AB000FFFFFFFFFFFFFFFFFFFFFFFFFFFFFFFFB6
:109AC000FFFFFFFFFFF7FFF7FFFFFFFFFFFFFFFFB6
:109AD000FFFFFFFFFFFFFFFFFFFFFFFFFFFFFFFF96
:109AE000FFFFFFFFFFF7FFFFFFFFFFFFFFFFFFFF8E
:109AF000FFFFFFFFFFFFFFFFFFFFFFFFFFFFFFFF76
:109B0000FFFFFFF7FFFFFFFFFFFFFFFFFFFFFFFF6D
:109B1000FFFFFFFFFFFFFFFFFFFFFFFFFFFFC00093
:109B20007FF7FFFFFFFFFFFFFFFFFFFFFFFFFFFFCD
:109B3000FFFFFFFFFFFFFFFFFFFFFFFFC0007FF7FB
:109B4000FFFFFFFFFFFFFFFFFFFFFFFFFFFFFFFF25
:109B5000FFFFFFFFFFFFFFFFFFFFFF3FFFF7FFFFDD
:109B6000FFFFFFFFFFFFFFFFFFFFFFFFFFFFFFFF05
:109B7000FFFFFFFFFFFFFFFFFF3FFFF7FFFFFFFFBD
:109B8000FFFFFFFFFFFFFFFFFFFFFFFFFFFFFFFFE5
:109B9000FFFFFFFFFFFFFF3FFFF7FFFFFFFFFFFF9D
:109BA000FFFFFFFFFFFFFFFFFFFFFFFFFFFFFFFFC5
:109BB000FFFFFFFFFF3FFFF7FFFFFFFFFFFFFFFF7D
:109BC000FFFFFFFFFFFFFFFFFFFFFFFFFFFFFFFFA5
:109BD000FFFFFF3FFFF7FFFFFFFFFFFFFFFFFFFF5D
:109BE000FFFFFFFFFFFFFFFFFFFFFFFFFFFFFFFF85
:109BF000FF3FFFF7FFFFFFFFFFFFFFFFFFFFFFFF3D
:109C0000FFFFFFFFFFFFFFFFFFFFFFFFFFFFFF3F24
:109C1000FFF7FFFFFFFFFFFFFFFFFFFFFFFFFFFF5C
:109C2000FFFFFFFFFFFFFFFFFFFFFFFFFF3FFFF70C
:109C3000FFFFFFFFFFFFFFFFFFFFFFFFFFFFFFFF34
:109C4000FFFFFFFFFFFFFFFFFFFFFF3FFFF7FFFFEC
:109C5000FFFFFFFFFFFFFFFFFFFFFFFFFFFFFFFF14
:109C6000FFFFFFFFFFFFFFFFFF3FFFF7FFFFFFFFCC
:109C7000FFFFFFFFFFFFFFFFFFFFFFFFFFFFFFFFF4
:109C8000FFFFFFFFFFFFC0007FF7FFFFFFFFFFFFAA
:109C9000FFFFFFFFFFFFFFFFFFFFFFFFFFFFFFFFD4
:109CA000FFFFFFFFC0007FF7FFFFFFFFFFFFFFFF8A
:109CB000FFFFFFFFFFFFFFFFFFFFFFFFFFFFFFFFB4
:109CC000FFFFFFFFFFF7FFFFFFFFFFFFFFFFFFFFAC
:109CD000FFFFFFFFFFFFFFFFFFFFFFFFFFFFFFFF94
:109CE000FFFFFFF7FFFFFFFFFFFFFFFFFFFFFFFF8C
:109CF000FFFFFFFFFFFFFFFFFFFFFFFFFFFFFFFF74
:109D0000FFF7FFFFFFFFFFFFFFFFFFFFFFFFFFFF6B
:109D1000FFFFFFFFFFFFFFFFFFFFFFFFFFFFFFF75B
:109D2000FFFFFFFFFFFFFFFFFFFFFFFFFFFFFFFF43
:109D3000FFFFFFFFFFFFFFFFFFFFFFFFFFF7FFFF3B
:109D4000FFFFFFFFFFFFFFFFFFFFFFFFFFFFFFFF23
:109D5000FFFFFFFFFFFFFFFFFFFFFFF7FFFFFFFF1B
:109D6000FFFFFFFFFFFFFFFFFFFFFFFFFFFFFFFF03
:109D7000FFFFFFFFFFFFFFFFFFF7FFFFFFFFFFFFFB
:109D8000FFFFFFFFFFFFFFFFFFFFFFFFFFFFFFFFE3
:109D9000FFFFFFFFFFFFFFF7FFFFFFFFFFFFFFFFDB
:109DA000FFFFFFFFFFFFFFFFFFFFFFFFFFFFFFFFC3
:109DB000FFFFC0007FF7FFFFFFFFFFFFFFFFFFFF79
:109DC000FFFFFFFFFFFFFFFFFFFFFFFFFFFFFFFFA3
:109DD000C0007FF7FFFFFFFFFFFFFFFFFFFFFFFF59
:109DE000FFFFFFFFFFFFFFFFFFFFFFFFFFFFCF3E74
:109DF0007FF7FFFFFFFFFFFFFFFFFFFFFFFFFFFFFB
:109E0000FFFFFFFFFFFFFFFFFFFFFFFFCF3E7FF7DB
:109E1000FFFFFFFFFFFFFFFFFFFFFFFFFFFFFFFF52
:109E2000FFFFFFFFFFFFFFFFFFFFCF3E7FF7FFFFBB
:109E3000FFFFFFFFFFFFFFFFFFFFFFFFFFFFFFFF32
:109E4000FFFFFFFFFFFFFFFFCF3E7FF7FFFFFFFF9B
:109E5000FFFFFFFFFFFFFFFFFFFFFFFFFFFFFFFF12
:109E6000FFFFFFFFFFFFCF3E7FF7FFFFFFFFFFFF7B
:109E7000FFFFFFFFFFFFFFFFFFFFFFFFFFFFFFFFF2
:109E8000FFFFFFFFCF3E7FF7FFFFFFFFFFFFFFFF5B
:109E9000FFFFFFFFFFFFFFFFFFFFFFFFFFFFFFFFD2
:109EA000FFFFCF3E7FF7FFFFFFFFFFFFFFFFFFFF3B
:109EB000FFFFFFFFFFFFFFFFFFFFFFFFFFFFFFFFB2
:109EC000CF3E7FF7FFFFFFFFFFFFFFFFFFFFFFFF1B
:109ED000FFFFFFFFFFFFFFFFFFFFFFFFFFFFCF3E83
:109EE0007FF7FFFFFFFFFFFFFFFFFFFFFFFFFFFF0A
:109EF000FFFFFFFFFFFFFFFFFFFFFFFFCF3E7FF7EB
:109F0000FFFFFFFFFFFFFFFFFFFFFFFFFFFFFFFF61
:109F1000FFFFFFFFFFFFFFFFFFFFCFFE7FF7FFFF0A
:109F2000FFFFFFFFFFFFFFFFFFFFFFFFFFFFFFFF41
:109F3000FFFFFFFFFFFFFFFFFFFFFFF7FFFFFFFF39
:109F4000FFFFFFFFFFFFFFFFFFFFFFFFFFFFFFFF21
:109F5000FFFFFFFFFFFFFFCFFFF7FFFFFFFFFFFF49
:109F6000FFFFFFFFFFFFFFFFFFFFFFFFFFFFFFFF01
:109F7000FFFFFFFFFFCFFFF7FFFFFFFFFFFFFFFF29
:109F8000FFFFFFFFFFFFFFFFFFFFFFFFFFFFFFFFE1
:109F9000FFFFFFCFFFF7FFFFFFFFFFFFFFFFFFFF09
:109FA000FFFFFFFFFFFFFFFFFFFFFFFFFFFFFFFFC1
:109FB000FFCFFFF7FFFFFFFFFFFFFFFFFFFFFFFFE9
:109FC000FFFFFFFFFFFFFFFFFFFFFFFFFFFFFFCFD1
:109FD000FFF7FFFFFFFFFFFFFFFFFFFFFFFFFFFF99
:109FE000FFFFFFFFFFFFFFFFFFFFFFFFFFCFFFF7B9
:109FF000FFFFFFFFFFFFFFFFFFFFFFFFFFFFFFFF71
:10A00000FFFFFFFFFFFFFFFFFFFFFFFFFFF7FFFF68
:10A01000FFFFFFFFFFFFFFFFFFFFFFFFFFFFFFFF50
:10A02000FFFFFFFFFFFFFFFFFFFFFFF7FFFFFFFF48
:10A03000FFFFFFFFFFFFFFFFFFFFFFFFFFFFFFFF30
:10A04000FFFFFFFFFFFFC0007FF7FFFFFFFFFFFFE6
:10A05000FFFFFFFFFFFFFFFFFFFFFFFFFFFFFFFF10
:10A06000FFFFFFFFC0007FF7FFFFFFFFFFFFFFFFC6
:10A07000FFFFFFFFFFFFFFFFFFFFFFFFFFFFFFFFF0
:10A08000FFFFCF9FFFF7FFFFFFFFFFFFFFFFFFFF78
:10A09000FFFFFFFFFFFFFFFFFFFFFFFFFFFFFFFFD0
:10A0A000CF9FFFF7FFFFFFFFFFFFFFFFFFFFFFFF58
:10A0B000FFFFFFFFFFFFFFFFFFFFFFFFFFFFCF9F40
:10A0C000FFF7FFFFFFFFFFFFFFFFFFFFFFFFFFFFA8
:10A0D000FFFFFFFFFFFFFFFFFFFFFFFFCF9FFFF728
:10A0E000FFFFFFFFFFFFFFFFFFFFFFFFFFFFFFFF80
:10A0F000FFFFFFFFFFFFFFFFFFFFCF9FFFF7FFFF08
:10A10000FFFFFFFFFFFFFFFFFFFFFFFFFFFFFFFF5F
:10A11000FFFFFFFFFFFFFFFFCF9FFFF7FFFFFFFFE7
:10A12000FFFFFFFFFFFFFFFFFFFFFFFFFFFFFFFF3F
:10A13000FFFFFFFFFFFFCF9FFFF7FFFFFFFFFFFFC7
:10A14000FFFFFFFFFFFFFFFFFFFFFFFFFFFFFFFF1F
:10A15000FFFFFFFFCF9FFFF7FFFFFFFFFFFFFFFFA7
:10A16000FFFFFFFFFFFFFFFFFFFFFFFFFFFFFFFFFF
:10A17000FFFFE73FFFF7FFFFFFFFFFFFFFFFFFFFCF
:10A18000FFFFFFFFFFFFFFFFFFFFFFFFFFFFFFFFDF
:10A19000E03FFFF7FFFFFFFFFFFFFFFFFFFFFFFFB6
:10A1A000FFFFFFFFFFFFFFFFFFFFFFFFFFFFE07F5E
:10A1B000FFF7FFFFFFFFFFFFFFFFFFFFFFFFFFFFB7
:10A1C000FFFFFFFFFFFFFFFFFFFFFFFFFFFF7FF727
:10A1D000FFFFFFFFFFFFFFFFFFFFFFFFFFFFFFFF8F
:10A1E000FFFFFFFFFFFFFFFFFFFFFFF87FF7FFFF0E
:10A1F000FFFFFFFFFFFFFFFFFFFFFFFFFFFFFFFF6F
:10A20000FFFFFFFFFFFFFFFFFFF0FFF7FFFFFFFF75
:10A21000FFFFFFFFFFFFFFFFFFFFFFFFFFFFFFFF4E
:10A22000FFFFFFFFFFFFFF83FFF7FFFFFFFFFFFFC2
:10A23000FFFFFFFFFFFFFFFFFFFFFFFFFFFFFFFF2E
:10A24000FFFFFFFFFE07FFF7FFFFFFFFFFFFFFFF1F
:10A25000FFFFFFFFFFFFFFFFFFFFFFFFFFFFFFFF0E
:10A26000FFFFF80FFFF7FFFFFFFFFFFFFFFFFFFFFD
:10A27000FFFFFFFFFFFFFFFFFFFFFFFFFFFFFFFFEE
:10A28000E0CFFFF7FFFFFFFFFFFFFFFFFFFFFFFF35
:10A29000FFFFFFFFFFFFFFFFFFFFFFFFFFFFC3CF3A
:10A2A000FFF7FFFFFFFFFFFFFFFFFFFFFFFFFFFFC6
:10A2B000FFFFFFFFFFFFFFFFFFFFFFFFC7CFFFF71E
:10A2C000FFFFFFFFFFFFFFFFFFFFFFFFFFFFFFFF9E
:10A2D000FFFFFFFFFFFFFFFFFFFFE1CFFFF7FFFFE4
:10A2E000FFFFFFFFFFFFFFFFFFFFFFFFFFFFFFFF7E
:10A2F000FFFFFFFFFFFFFFFFF84FFFF7FFFFFFFF2D
:10A30000FFFFFFFFFFFFFFFFFFFFFFFFFFFFFFFF5D
:10A31000FFFFFFFFFFFFFC0FFFF7FFFFFFFFFFFF48
:10A32000FFFFFFFFFFFFFFFFFFFFFFFFFFFFFFFF3D
:10A33000FFFFFFFFFF03FFF7FFFFFFFFFFFFFFFF31
:10A34000FFFFFFFFFFFFFFFFFFFFFFFFFFFFFFFF1D
:10A35000FFFFFFE1FFF7FFFFFFFFFFFFFFFFFFFF33
:10A36000FFFFFFFFFFFFFFFFFFFFFFFFFFFFFFFFFD
:10A37000FFF07FF7FFFFFFFFFFFFFFFFFFFFFFFF84
:10A38000FFFFFFFFFFFFFFFFFFFFFFFFFFFFFFFCE0
:10A390007FF7FFFFFFFFFFFFFFFFFFFFFFFFFFFF55
:10A3A000FFFFFFFFFFFFFFFFFFFFFFFFFFFFFFF7C5
:10A3B000FFFFFFFFFFFFFFFFFFFFFFFFFFFFFFFFAD
:10A3C000FFFFFFFFFFFFFFFFFFFFC0007FF7FFFF63
:10A3D000FFFFFFFFFFFFFFFFFFFFFFFFFFFFFFFF8D
:10A3E000FFFFFFFFFFFFFFFFC0007FF7FFFFFFFF43
:10A3F000FFFFFFFFFFFFFFFFFFFFFFFFFFFFFFFF6D
:10A40000FFFFFFFFFFFFCF9FFFF7FFFFFFFFFFFFF4
:10A41000FFFFFFFFFFFFFFFFFFFFFFFFFFFFFFFF4C
:10A42000FFFFFFFFCF9FFFF7FFFFFFFFFFFFFFFFD4
:10A43000FFFFFFFFFFFFFFFFFFFFFFFFFFFFFFFF2C
:10A44000FFFFCF9FFFF7FFFFFFFFFFFFFFFFFFFFB4
:10A45000FFFFFFFFFFFFFFFFFFFFFFFFFFFFFFFF0C
:10A46000CF9FFFF7FFFFFFFFFFFFFFFFFFFFFFFF94
:10A47000FFFFFFFFFFFFFFFFFFFFFFFFFFFFCF9F7C
:10A48000FFF7FFFFFFFFFFFFFFFFFFFFFFFFFFFFE4
:10A49000FFFFFFFFFFFFFFFFFFFFFFFFCF9FFFF764
:10A4A000FFFFFFFFFFFFFFFFFFFFFFFFFFFFFFFFBC
:10A4B000FFFFFFFFFFFFFFFFFFFFCF9FFFF7FFFF44
:10A4C000FFFFFFFFFFFFFFFFFFFFFFFFFFFFFFFF9C
:10A4D000FFFFFFFFFFFFFFFFCF9FFFF7FFFFFFFF24
:10A4E000FFFFFFFFFFFFFFFFFFFFFFFFFFFFFFFF7C
:10A4F000FFFFFFFFFFFFC73FFFF7FFFFFFFFFFFF6C
:10A50000FFFFFFFFFFFFFFFFFFFFFFFFFFFFFFFF5B
:10A51000FFFFFFFFE03FFFF7FFFFFFFFFFFFFFFF32
:10A52000FFFFFFFFFFFFFFFFFFFFFFFFFFFFFFFF3B
:10A53000FFFFF07FFFF7FFFFFFFFFFFFFFFFFFFFC2
:10A54000FFFFFFFFFFFFFFFFFFFFFFFFFFFFFFFF1B
:10A55000FFFFFFF7FFFFFFFFFFFFFFFFFFFFFFFF13
:10A56000FFFFFFFFFFFFFFFFFFFFFFFFFFFFFFFFFB
:10A57000FFF7FFFFFFFFFFFFFFFFFFFFFFFFFFFFF3
:10A58000FFFFFFFFFFFFFFFFFFFFFFFFFFFFFFF7E3
:10A59000FFFFFFFFFFFFFFFFFFFFFFFFFFFFFFFFCB
:10A5A000FFFFFFFFFFFFFFFFFFFFC0007FF7FFFF81
:10A5B000FFFFFFFFFFFFFFFFFFFFFFFFFFFFFFFFAB
:10A5C000FFFFFFFFFFFFFFFFC0007FF7FFFFFFFF61
:10A5D000FFFFFFFFFFFFFFFFFFFFFFFFFFFFFFFF8B
:10A5E000FFFFFFFFFFFFCF3E7FF7FFFFFFFFFFFFF4
:10A5F000FFFFFFFFFFFFFFFFFFFFFFFFFFFFFFFF6B
:10A60000FFFFFFFFCF3E7FF7FFFFFFFFFFFFFFFFD3
:10A61000FFFFFFFFFFFFFFFFFFFFFFFFFFFFFFFF4A
:10A62000FFFFCF3E7FF7FFFFFFFFFFFFFFFFFFFFB3
:10A63000FFFFFFFFFFFFFFFFFFFFFFFFFFFFFFFF2A
:10A64000CF3E7FF7FFFFFFFFFFFFFFFFFFFFFFFF93
:10A65000FFFFFFFFFFFFFFFFFFFFFFFFFFFFCF3EFB
:10A660007FF7FFFFFFFFFFFFFFFFFFFFFFFFFFFF82
:10A67000FFFFFFFFFFFFFFFFFFFFFFFFCF3E7FF763
:10A68000FFFFFFFFFFFFFFFFFFFFFFFFFFFFFFFFDA
:10A69000FFFFFFFFFFFFFFFFFFFFCF3E7FF7FFFF43
:10A6A000FFFFFFFFFFFFFFFFFFFFFFFFFFFFFFFFBA
:10A6B000FFFFFFFFFFFFFFFFCF3E7FF7FFFFFFFF23
:10A6C000FFFFFFFFFFFFFFFFFFFFFFFFFFFFFFFF9A
:10A6D000FFFFFFFFFFFFCF3E7FF7FFFFFFFFFFFF03
:10A6E000FFFFFFFFFFFFFFFFFFFFFFFFFFFFFFFF7A
:10A6F000FFFFFFFFCF3E7FF7FFFFFFFFFFFFFFFFE3
:10A70000FFFFFFFFFFFFFFFFFFFFFFFFFFFFFFFF59
:10A71000FFFFFFFE7FF7FFFFFFFFFFFFFFFFFFFFD2
:10A72000FFFFFFFFFFFFFFFFFFFFFFFFFFFFFFFF39
:10A73000FFFFFFF7FFFFFFFFFFFFFFFFFFFFFFFF31
:10A74000FFFFFFFFFFFFFFFFFFFFFFFFFFFFFFFF19
:10A75000FFF7FFFFFFFFFFFFFFFFFFFFFFFFFFFF11
:10A76000FFFFFFFFFFFFFFFFFFFFFFFFC0007FF7BF
:10A77000FFFFFFFFFFFFFFFFFFFFFFFFFFFFFFFFE9
:10A78000FFFFFFFFFFFFFFFFFFFFC0007FF7FFFF9F
:10A79000FFFFFFFFFFFFFFFFFFFFFFFFFFFFFFFFC9
:10A7A000FFFFFFFFFFFFFFFFCF3FFFF7FFFFFFFFB1
:10A7B000FFFFFFFFFFFFFFFFFFFFFFFFFFFFFFFFA9
:10A7C000FFFFFFFFFFFFCF3FFFF7FFFFFFFFFFFF91
:10A7D000FFFFFFFFFFFFFFFFFFFFFFFFFFFFFFFF89
:10A7E000FFFFFFFFCF3FFFF7FFFFFFFFFFFFFFFF71
:10A7F000FFFFFFFFFFFFFFFFFFFFFFFFFFFFFFFF69
:10A80000FFFFCF3FFFF7FFFFFFFFFFFFFFFFFFFF50
:10A81000FFFFFFFFFFFFFFFFFFFFFFFFFFFFFFFF48
:10A82000CF3FFFF7FFFFFFFFFFFFFFFFFFFFFFFF30
:10A83000FFFFFFFFFFFFFFFFFFFFFFFFFFFFCF1F38
:10A84000FFF7FFFFFFFFFFFFFFFFFFFFFFFFFFFF20
:10A85000FFFFFFFFFFFFFFFFFFFFFFFFCF1FFFF720
:10A86000FFFFFFFFFFFFFFFFFFFFFFFFFFFFFFFFF8
:10A87000FFFFFFFFFFFFFFFFFFFFCF07FFF7FFFF18
:10A88000FFFFFFFFFFFFFFFFFFFFFFFFFFFFFFFFD8
:10A89000FFFFFFFFFFFFFFFFC761FFF7FFFFFFFFA6
:10A8A000FFFFFFFFFFFFFFFFFFFFFFFFFFFFFFFFB8
:10A8B000FFFFFFFFFFFFE670FFF7FFFFFFFFFFFF58
:10A8C000FFFFFFFFFFFFFFFFFFFFFFFFFFFFFFFF98
:10A8D000FFFFFFFFE07C7FF7FFFFFFFFFFFFFFFFB2
:10A8E000FFFFFFFFFFFFFFFFFFFFFFFFFFFFFFFF78
:10A8F000FFFFF9FE7FF7FFFFFFFFFFFFFFFFFFFFF7
:10A90000FFFFFFFFFFFFFFFFFFFFFFFFFFFFFFFF57
:10A91000FFFFFFF7FFFFFFFFFFFFFFFFFFFFFFFF4F
:10A92000FFFFFFFFFFFFFFFFFFFFFFFFFFFFFFFF37
:10A93000FFF7FFFFFFFFFFFFFFFFFFFFFFFFFFFF2F
:10A94000FFFFFFFFFFFFFFFFFFFFFFFFFFFFFFF71F
:10A95000FFFFFFFFFFFFFFFFFFFFFFFFFFFFFFFF07
:10A96000FFFFFFFFFFFFFFFFFFFFFFFFFFF7FFFFFF
:10A97000FFFFFFFFFFFFFFFFFFFFFFFFFFFFFFFFE7
:10A98000FFFFFFFFFFFFFFFFFFFFFFF7FFFFFFFFDF
:10A99000FFFFFFFFFFFFFFFFFFFFFFFFFFFFFFFFC7
:10A9A000FFFFFFFFFFFFFFFFFFF7FFFFFFFFFFFFBF
:10A9B000FFFFFFFFFFFFFFFFFFFFFFFFFFFFFFFFA7
:10A9C000FFFFFFFFFFFFFFF7FFFFFFFFFFFFFFFF9F
:10A9D000FFFFFFFFFFFFFFFFFFFFFFFFFFFFFFFF87
:10A9E000FFFFFFFFFFF7FFFFFFFFFFFFFFFFFFFF7F
:10A9F000FFFFFFFFFFFFFFFFFFFFFFFFFFFFFFFF67
:10AA0000C0007FF7FFFFFFFFFFFFFFFFFFFFFFFF1C
:10AA1000FFFFFFFFFFFFFFFFFFFFFFFFFFFFC00084
:10AA20007FF7FFFFFFFFFFFFFFFFFFFFFFFFFFFFBE
:10AA3000FFFFFFFFFFFFFFFFFFFFFFFFCFFE7FF7DF
:10AA4000FFFFFFFFFFFFFFFFFFFFFFFFFFFFFFFF16
:10AA5000FFFFFFFFFFFFFFFFFFFFCFFE7FF7FFFFBF
:10AA6000FFFFFFFFFFFFFFFFFFFFFFFFFFFFFFFFF6
:10AA7000FFFFFFFFFFFFFFFFCFFE7FF7FFFFFFFF9F
:10AA8000FFFFFFFFFFFFFFFFFFFFFFFFFFFFFFFFD6
:10AA9000FFFFFFFFFFFFCFFE7FF7FFFFFFFFFFFF7F
:10AAA000FFFFFFFFFFFFFFFFFFFFFFFFFFFFFFFFB6
:10AAB000FFFFFFFFCFFE7FF7FFFFFFFFFFFFFFFF5F
:10AAC000FFFFFFFFFFFFFFFFFFFFFFFFFFFFFFFF96
:10AAD000FFFFCFFE7FF7FFFFFFFFFFFFFFFFFFFF3F
:10AAE000FFFFFFFFFFFFFFFFFFFFFFFFFFFFFFFF76
:10AAF000CFFE7FF7FFFFFFFFFFFFFFFFFFFFFFFF1F
:10AB0000FFFFFFFFFFFFFFFFFFFFFFFFFFFFC7FC90
:10AB1000FFF7FFFFFFFFFFFFFFFFFFFFFFFFFFFF4D
:10AB2000FFFFFFFFFFFFFFFFFFFFFFFFE3FCFFF75C
:10AB3000FFFFFFFFFFFFFFFFFFFFFFFFFFFFFFFF25
:10AB4000FFFFFFFFFFFFFFFFFFFFF1E1FFF7FFFF49
:10AB5000FFFFFFFFFFFFFFFFFFFFFFFFFFFFFFFF05
:10AB6000FFFFFFFFFFFFFFFFF001FFF7FFFFFFFF0A
:10AB7000FFFFFFFFFFFFFFFFFFFFFFFFFFFFFFFFE5
:10AB8000FFFFFFFFFFFFFC07FFF7FFFFFFFFFFFFD8
:10AB9000FFFFFFFFFFFFFFFFFFFFFFFFFFFFFFFFC5
:10ABA000FFFFFFFFFFFFFFF7FFFFFFFFFFFFFFFFBD
:10ABB000FFFFFFFFFFFFFFFFFFFFFFFFFFFFFFFFA5
:10ABC000FFFFFFFFFFF7FFFFFFFFFFFFFFFFFFFF9D
:10ABD000FFFFFFFFFFFFFFFFFFFFFFFFFFFFFFFF85
:10ABE000FFFFFFF7FFFFFFFFFFFFFFFFFFFFFFFF7D
:10ABF000FFFFFFFFFFFFFFFFFFFFFFFFFFFFC000A3
:10AC00007FF7FFFFFFFFFFFFFFFFFFFFFFFFFFFFDC
:10AC1000FFFFFFFFFFFFFFFFFFFFFFFFC0007FF70A
:10AC2000FFFFFFFFFFFFFFFFFFFFFFFFFFFFFFFF34
:10AC3000FFFFFFFFFFFFFFFFFFFFFFFFFFF7FFFF2C
:10AC4000FFFFFFFFFFFFFFFFFFFFFFFFFFFFFFFF14
:10AC5000FFFFFFFFFFFFFFFFFFF7FFF7FFFFFFFF14
:10AC6000FFFFFFFFFFFFFFFFFFFFFFFFFFFFFFFFF4
:10AC7000FFFFFFFFFFFFFFF1FFF7FFFFFFFFFFFFFA
:10AC8000FFFFFFFFFFFFFFFFFFFFFFFFFFFFFFFFD4
:10AC9000FFFFFFFFF0F0FFF7FFFFFFFFFFFFFFFFEA
:10ACA000FFFFFFFFFFFFFFFFFFFFFFFFFFFFFFFFB4
:10ACB000FFFFE27CFFF7FFFFFFFFFFFFFFFFFFFF4C
:10ACC000FFFFFFFFFFFFFFFFFFFFFFFFFFFFFFFF94
:10ACD000C67C7FF7FFFFFFFFFFFFFFFFFFFFFFFFC8
:10ACE000FFFFFFFFFFFFFFFFFFFFFFFFFFFFCF3E65
:10ACF0007FF7FFFFFFFFFFFFFFFFFFFFFFFFFFFFEC
:10AD0000FFFFFFFFFFFFFFFFFFFFFFFFCF3E7FF7CC
:10AD1000FFFFFFFFFFFFFFFFFFFFFFFFFFFFFFFF43
:10AD2000FFFFFFFFFFFFFFFFFFFFCF3E7FF7FFFFAC
:10AD3000FFFFFFFFFFFFFFFFFFFFFFFFFFFFFFFF23
:10AD4000FFFFFFFFFFFFFFFFCFBE7FF7FFFFFFFF0C
:10AD5000FFFFFFFFFFFFFFFFFFFFFFFFFFFFFFFF03
:10AD6000FFFFFFFFFFFFCFBE7FF7FFFFFFFFFFFFEC
:10AD7000FFFFFFFFFFFFFFFFFFFFFFFFFFFFFFFFE3
:10AD8000FFFFFFFFC79E7FF7FFFFFFFFFFFFFFFFF4
:10AD9000FFFFFFFFFFFFFFFFFFFFFFFFFFFFFFFFC3
:10ADA000FFFFE79C7FF7FFFFFFFFFFFFFFFFFFFFB6
:10ADB000FFFFFFFFFFFFFFFFFFFFFFFFFFFFFFFFA3
:10ADC000E388FFF7FFFFFFFFFFFFFFFFFFFFFFFF2E
:10ADD000FFFFFFFFFFFFFFFFFFFFFFFFFFFFF3C1CD
:10ADE000FFF7FFFFFFFFFFFFFFFFFFFFFFFFFFFF7B
:10ADF000FFFFFFFFFFFFFFFFFFFFFFFFFFF3FFF777
:10AE0000FFFFFFFFFFFFFFFFFFFFFFFFFFFFFFFF52
:10AE1000FFFFFFFFFFFFFFFFFFFFFFFFFFF7FFFF4A
:10AE2000FFFFFFFFFFFFFFFFFFFFFFFFFFFFFFFF32
:10AE3000FFFFFFFFFFFFFFFFFFFFFFF7FFFFFFFF2A
:10AE4000FFFFFFFFFFFFFFFFFFFFFFFFFFFFFFFF12
:10AE5000FFFFFFFFFFFFC0007FF7FFFFFFFFFFFFC8
:10AE6000FFFFFFFFFFFFFFFFFFFFFFFFFFFFFFFFF2
:10AE7000FFFFFFFFC0007FF7FFFFFFFFFFFFFFFFA8
:10AE8000FFFFFFFFFFFFFFFFFFFFFFFFFFFFFFFFD2
:10AE9000FFFFCF9FFFF7FFFFFFFFFFFFFFFFFFFF5A
:10AEA000FFFFFFFFFFFFFFFFFFFFFFFFFFFFFFFFB2
:10AEB000CF9FFFF7FFFFFFFFFFFFFFFFFFFFFFFF3A
:10AEC000FFFFFFFFFFFFFFFFFFFFFFFFFFFFCF9F22
:10AED000FFF7FFFFFFFFFFFFFFFFFFFFFFFFFFFF8A
:10AEE000FFFFFFFFFFFFFFFFFFFFFFFFCF9FFFF70A
:10AEF000FFFFFFFFFFFFFFFFFFFFFFFFFFFFFFFF62
:10AF0000FFFFFFFFFFFFFFFFFFFFCF9FFFF7FFFFE9
:10AF1000FFFFFFFFFFFFFFFFFFFFFFFFFFFFFFFF41
:10AF2000FFFFFFFFFFFFFFFFCF9FFFF7FFFFFFFFC9
:10AF3000FFFFFFFFFFFFFFFFFFFFFFFFFFFFFFFF21
:10AF4000FFFFFFFFFFFFCF9FFFF7FFFFFFFFFFFFA9
:10AF5000FFFFFFFFFFFFFFFFFFFFFFFFFFFFFFFF01
:10AF6000FFFFFFFFC71FFFF7FFFFFFFFFFFFFFFF11
:10AF7000FFFFFFFFFFFFFFFFFFFFFFFFFFFFFFFFE1
:10AF8000FFFFE73FFFF7FFFFFFFFFFFFFFFFFFFFB1
:10AF9000FFFFFFFFFFFFFFFFFFFFFFFFFFFFFFFFC1
:10AFA000E03FFFF7FFFFFFFFFFFFFFFFFFFFFFFF98
:10AFB000FFFFFFFFFFFFFFFFFFFFFFFFFFFFF0FFB0
:10AFC000FFF7FFFFFFFFFFFFFFFFFFFFFFFFFFFF99
:10AFD000FFFFFFFFFFFFFFFFFFFFFFFFFFFFFFF789
:10AFE000FFFFFFFFFFFFFFFFFFFFFFFFFFFFFFFF71
:10AFF000FFFFFFFFFFFFFFFFFFFFFFFFFFF7FFFF69
:10B00000FFFFFFFFFFFFFFFFFFFFFFFFFFFFFFFF50
:10B01000FFFFFFFFFFFFFFFFC0007FF7FFFFFFFF06
:10B02000FFFFFFFFFFFFFFFFFFFFFFFFFFFFFFFF30
:10B03000FFFFFFFFFFFFC0007FF7FFFFFFFFFFFFE6
:10B04000FFFFFFFFFFFFFFFFFFFFFFFFFFFFFFFF10
:10B05000FFFFFFFFFFFE7FF7FFFFFFFFFFFFFFFF89
:10B06000FFFFFFFFFFFFFFFFFFFFFFFFFFFFFFFFF0
:10B07000FFFFFFFE7FF7FFFFFFFFFFFFFFFFFFFF69
:10B08000FFFFFFFFFFFFFFFFFFFFFFFFFFFFFFFFD0
:10B09000FFFE7FF7FFFFFFFFFFFFFFFFFFFFFFFF49
:10B0A000FFFFFFFFFFFFFFFFFFFFFFFFFFFFFFFEB1
:10B0B0007FF7FFFFFFFFFFFFFFFFFFFFFFFFFFFF28
:10B0C000FFFFFFFFFFFFFFFFFFFFFFFFFFFE7FF719
:10B0D000FFFFFFFFFFFFFFFFFFFFFFFFFFFFFFFF80
:10B0E000FFFFFFFFFFFFFFFFFFFFFFFE7FF7FFFFF9
:10B0F000FFFFFFFFFFFFFFFFFFFFFFFFFFFFFFFF60
:10B10000FFFFFFFFFFFFFFFFFFFE7FF7FFFFFFFFD8
:10B11000FFFFFFFFFFFFFFFFFFFFFFFFFFFFFFFF3F
:10B12000FFFFFFFFFFFFFFFE7FF7FFFFFFFFFFFFB8
:10B13000FFFFFFFFFFFFFFFFFFFFFFFFFFFFFFFF1F
:10B14000FFFFFFFFFFFE7FF7FFFFFFFFFFFFFFFF98
:10B15000FFFFFFFFFFFFFFFFFFFFFFFFFFFFFFFFFF
:10B16000FFFFFFF87FF7FFFFFFFFFFFFFFFFFFFF7E
:10B17000FFFFFFFFFFFFFFFFFFFFFFFFFFFFFFFFDF
:10B18000FFE0FFF7FFFFFFFFFFFFFFFFFFFFFFFFF6
:10B19000FFFFFFFFFFFFFFFFFFFFFFFFFFFFFF833B
:10B1A000FFF7FFFFFFFFFFFFFFFFFFFFFFFFFFFFB7
:10B1B000FFFFFFFFFFFFFFFFFFFFFFFFFF0FFFF797
:10B1C000FFFFFFFFFFFFFFFFFFFFFFFFFFFFFFFF8F
:10B1D000FFFFFFFFFFFFFFFFFFFFF80FFFF7FFFF7E
:10B1E000FFFFFFFFFFFFFFFFFFFFFFFFFFFFFFFF6F
:10B1F000FFFFFFFFFFFFFFFFE0CFFFF7FFFFFFFFB6
:10B20000FFFFFFFFFFFFFFFFFFFFFFFFFFFFFFFF4E
:10B21000FFFFFFFFFFFFC3CFFFF7FFFFFFFFFFFFB2
:10B22000FFFFFFFFFFFFFFFFFFFFFFFFFFFFFFFF2E
:10B23000FFFFFFFFC7CFFFF7FFFFFFFFFFFFFFFF8E
:10B24000FFFFFFFFFFFFFFFFFFFFFFFFFFFFFFFF0E
:10B25000FFFFE1CFFFF7FFFFFFFFFFFFFFFFFFFF54
:10B26000FFFFFFFFFFFFFFFFFFFFFFFFFFFFFFFFEE
:10B27000F00FFFF7FFFFFFFFFFFFFFFFFFFFFFFFE5
:10B28000FFFFFFFFFFFFFFFFFFFFFFFFFFFFFE0FBF
:10B29000FFF7FFFFFFFFFFFFFFFFFFFFFFFFFFFFC6
:10B2A000FFFFFFFFFFFFFFFFFFFFFFFFFF03FFF7B2
:10B2B000FFFFFFFFFFFFFFFFFFFFFFFFFFFFFFFF9E
:10B2C000FFFFFFFFFFFFFFFFFFFFFFE1FFF7FFFFB4
:10B2D000FFFFFFFFFFFFFFFFFFFFFFFFFFFFFFFF7E
:10B2E000FFFFFFFFFFFFFFFFFFF07FF7FFFFFFFF05
:10B2F000FFFFFFFFFFFFFFFFFFFFFFFFFFFFFFFF5E
:10B30000FFFFFFFFFFFFFFFC7FF7FFFFFFFFFFFFD8
:10B31000FFFFFFFFFFFFFFFFFFFFFFFFFFFFFFFF3D
:10B32000FFFFFFFFDFFF7FF7FFFFFFFFFFFFFFFFD5
:10B33000FFFFFFFFFFFFFFFFFFFFFFFFFFFFFFFF1D
:10B34000FFFFCFFFFFF7FFFFFFFFFFFFFFFFFFFF45
:10B35000FFFFFFFFFFFFFFFFFFFFFFFFFFFFFFFFFD
:10B36000C3FFFFF7FFFFFFFFFFFFFFFFFFFFFFFF31
:10B37000FFFFFFFFFFFFFFFFFFFFFFFFFFFFF3FFE9
:10B38000FFF7FFFFFFFFFFFFFFFFFFFFFFFFFFFFD5
:10B39000FFFFFFFFFFFFFFFFFFFFFFFFF8FFFFF7CC
:10B3A000FFFFFFFFFFFFFFFFFFFFFFFFFFFFFFFFAD
:10B3B000FFFFFFFFFFFFFFFFFFFFFE7FFFF7FFFF26
:10B3C000FFFFFFFFFFFFFFFFFFFFFFFFFFFFFFFF8D
:10B3D000FFFFFFFFFFFFFFFFFE1FFFF7FFFFFFFF66
:10B3E000FFFFFFFFFFFFFFFFFFFFFFFFFFFFFFFF6D
:10B3F000FFFFFFFFFFFFFF807FF7FFFFFFFFFFFF64
:10B40000FFFFFFFFFFFFFFFFFFFFFFFFFFFFFFFF4C
:10B41000FFFFFFFFFF007FF7FFFFFFFFFFFFFFFFC3
:10B42000FFFFFFFFFFFFFFFFFFFFFFFFFFFFFFFF2C
:10B43000FFFFFE3FFFF7FFFFFFFFFFFFFFFFFFFFE5
:10B44000FFFFFFFFFFFFFFFFFFFFFFFFFFFFFFFF0C
:10B45000FC7FFFF7FFFFFFFFFFFFFFFFFFFFFFFF87
:10B46000FFFFFFFFFFFFFFFFFFFFFFFFFFFFF9FFF2
:10B47000FFF7FFFFFFFFFFFFFFFFFFFFFFFFFFFFE4
:10B48000FFFFFFFFFFFFFFFFFFFFFFFFF3FFFFF7E0
:10B49000FFFFFFFFFFFFFFFFFFFFFFFFFFFFFFFFBC
:10B4A000FFFFFFFFFFFFFFFFFFFFC7FFFFF7FFFFEC
:10B4B000FFFFFFFFFFFFFFFFFFFFFFFFFFFFFFFF9C
:10B4C000FFFFFFFFFFFFFFFFCFFFFFF7FFFFFFFFC4
:10B4D000FFFFFFFFFFFFFFFFFFFFFFFFFFFFFFFF7C
:10B4E000FFFFFFFFFFFFFFFFFFF7FFFFFFFFFFFF74
:10B4F000FFFFFFFFFFFFFFFFFFFFFFFFFFFFFFFF5C
:10B50000FFFFFFFFFFFFFFF7FFFFFFFFFFFFFFFF53
:10B51000FFFFFFFFFFFFFFFFFFFFFFFFFFFFFFFF3B
:10B52000FFFFFFFFFFF7FFFFFFFFFFFFFFFFFFFF33
:10B53000FFFFFFFFFFFFFFFFFFFFFFFFFFFFFFFF1B
:10B54000FFFFFFF7FFFFFFFFFFFFFFFFFFFFFFFF13
:10B55000FFFFFFFFFFFFFFFFFFFFFFFFFFFFFFFFFB
:10B56000FFF7FFFFFFFFFFFFFFFFFFFFFFFFFFFFF3
:10B57000FFFFFFFFFFFFFFFFFFFFFFFFFFFFFFF7E3
:10B58000FFFFFFFFFFFFFFFFFFFFFFFFFFFFFFFFCB
:10B59000FFFFFFFFFFFFFFFFFFFFFFFFFFF7FFFFC3
:10B5A000FFFFFFFFFFFFFFFFFFFFFFFFFFFFFFFFAB
:10B5B000FFFFFFFFFFFFFFFFFFFFFFF7FFFFFFFFA3
:10B5C000FFFFFFFFFFFFFFFFFFFFFFFFFFFFFFFF8B
:10B5D000FFFFFFFFFFFFFFFFFFF7FFFFFFFFFFFF83
:10B5E000FFFFFFFFFFFFFFFFFFFFFFFFFFFFFFFF6B
:10B5F000FFFFFFFFFFFFFFF7FFFFFFFFFFFFFFFF63
:10B60000FFFFFFFFFFFFFFFFFFFFFFFFFFFFFFFF4A
:10B61000FFFFFFFFFFF7FFFFFFFFFFFFFFFFFFFF42
:10B62000FFFFFFFFFFFFFFFFFFFFFFFFFFFFFFFF2A
:10B63000FFFFFFF7FFFFFFFFFFFFFFFFFFFFFFFF22
:10B64000FFFFFFFFFFFFFFFFFFFFFFFFFFFFFFFF0A
:10B65000FFF7FFFFFFFFFFFFFFFFFFFFFFFFFFFF02
:10B66000FFFFFFFFFFFFFFFFFFFFFFFFFFFFFFF7F2
:10B67000FFFFFFFFFFFFFFFFFFFFFFFFFFFFFFFFDA
:10B68000FFFFFFFFFFFFFFFFFFFFFFFFFFF7FFFFD2
:10B69000FFFFFFFFFFFFFFFFFFFFFFFFFFFFFFFFBA
:10B6A000FFFFFFFFFFFFFFFFFFFFFFF7FFFFFFFFB2
:10B6B000FFFFFFFFFFFFFFFFFFFFFFFFFFFFFFFF9A
:10B6C000FFFFFFFFFFFFFFFFFFF7FFFFFFFFFFFF92
:10B6D000FFFFFFFFFFFFFFFFFFFFFFFFFFFFFFFF7A
:10B6E000FFFFFFFFFFFFFFF7FFFFFFFFFFFFFFFF72
:10B6F000FFFFFFFFFFFFFFFFFFFFFFFFFFFFFFFF5A
:10B70000FFFFFFFFFFF7FFFFFFFFFFFFFFFFFFFF51
:10B71000FFFFFFFFFFFFFFFFFFFFFFFFFFFFFFFF39
:10B72000FFFFFFF7FFFFFFFFFFFFFFFFFFFFFFFF31
:10B73000FFFFFFFFFFFFFFFFFFFFFFFFFFFFFFFF19
:10B74000FFF7FFFFFFFFFFFFFFFFFFFFFFFFFFFF11
:10B75000FFFFFFFFFFFFFFFFFFFFFFFFFFFFFFF701
:10B76000FFFFFFFFFFFFFFFFFFFFFFFFFFFFFFFFE9
:10B77000FFFFFFFFFFFFFFFFFFFFFFFFFFF7FFFFE1
:10B78000FFFFFFFFFFFFFFFFFFFFFFFFFFFFFFFFC9
:10B79000FFFFFFFFFFFFFFFFFFFFFFF7FFFFFFFFC1
:10B7A000FFFFFFFFFFFFFFFFFFFFFFFFFFFFFFFFA9
:10B7B000FFFFFFFFFFFFFFFFFFF7FFFFFFFFFFFFA1
:10B7C000FFFFFFFFFFFFFFFFFFFFFFFFFFFFFFFF89
:10B7D000FFFFFFFFFFFFFFF7FFFFFFFFFFFFFFFF81
:10B7E000FFFFFFFFFFFFFFFFFFFFFFFFFFFFFFFF69
:10B7F000FFFFFFFFFFF7FFFFFFFFFFFFFFFFFFFF61
:10B80000FFFFFFFFFFFFFFFFFFFFFFFFFFFFFFFF48
:10B81000FFFFFFF7FFFFFFFFFFFFFFFFFFFFFFFF40
:10B82000FFFFFFFFFFFFFFFFFFFFFFFFFFFFFFFF28
:10B83000FFF7FFFFFFFFFFFFFFFFFFFFFFFFFFFF20
:10B84000FFFFFFFFFFFFFFFFFFFFFFFFFFFFFFF710
:10B85000FFFFFFFFFFFFFFFFFFFFFFFFFFFFFFFFF8
:10B86000FFFFFFFFFFFFFFFFFFFFFFFFFFF7FFFFF0
:10B87000FFFFFFFFFFFFFFFFFFFFFFFFFFFFFFFFD8
:10B88000FFFFFFFFFFFFFFFFFFFFFFF7FFFFFFFFD0
:10B89000FFFFFFFFFFFFFFFFFFFFFFFFFFFFFFFFB8
:10B8A000FFFFFFFFFFFFFFFFFFFFFFFFFFFFFFFFA8
:10B8B000FFFFFFFFFFFFFFFFFFFFFFFFFFFFFFFF98
:10B8C000FFFFFFFFFFFFFFFFFFFFFFFFFFFFFFFF88
:10B8D000FFFFFFFFFFFFFFFFFFFFFFFFFFFFFFFF78
:10B8E000FFFFFFFFFFFFFFFFFFFFFFFFFFFFFFFF68
:10B8F000FFFFFFFFFFFFFFFFFFFFFFFFFFFFFFFF58
:10B90000FFFFFFFFFFFFFFFFFFFFFFFFFFFFFFFF47
:10B91000FFFFFFFFFFFFFFFFFFFFFFFFFFFFFFFF37
:10B92000FFFFFFFFFFFFFFFFFFFFFFFFFFFFFFFF27
:10B93000FFFFFFFFFFFFFFFFFFFFFFFFFFFFFFFF17
:10B94000FFFFFFFFFFFFFFFFFFFFFFFFFFFFFFFF07
:10B95000FFFFFFFFFFFFFFFFFFFFFFFFFFFFFFFFF7
:10B96000FFFFFFFFFFFFFFFFFFFFFFFFFFFFFFFFE7
:10B97000FFFFFFFFFFFFFFFFFFFFFFFFFFFFFFFFD7
:10B98000FFFFFFFFFFFFFFFFFFFFFFFFFFFFFFFFC7
:10B99000FFFFFFFFFFFFFFFFFFFFFFFFFFFFFFFFB7
:10B9A000FFFFFFFFFFFFFFFFFFFFFFFFFFFFFFFFA7
:10B9B000FFFFFFFFFFFFFFFFFFFFFFFFFFFFFFFF97
:10B9C000FFFFFFFFFFFFFFFFFFFFFFFFFFFFFFFF87
:10B9D000FFFFFFFFFFFFFFFFFFFFFFFFFFFFFFFF77
:10B9E000FFFFFFFFFFFFFFFFFFFFFFFFFFFFFFFF67
:10B9F000FFFFFFFFFFFFFFFFFFFFFFFFFFFFFFFF57
:10BA0000FFFFFFFFFFFFFFFFFFFFFFFFFFFFFFFF46
:10BA1000FFFFFFFFFFFFFFFFFFFFFFFFFFFFFFFF36
:10BA2000FFFFFFFFFFFFFFFFFFFFFFFFFFFFFFFF26
:10BA3000FFFFFFFFFFFFFFFFFFFFFFFFFFFFFFFF16
:10BA4000FFFFFFFFFFFFFFFFFFFFFFFFFFFFFFFF06
:10BA5000FFFFFFFFFFFFFFFFFFFFFFFFFFFFFFFFF6
:10BA6000FFFFFFFFFFFFFFFFFFFFFFFFFFFFFFFFE6
:10BA7000FFFFFFFFFFFFFFFFFFFFFFFFFFFFFFFFD6
:10BA8000FFFFFFFFFFFFFFFFFFFFFFFFFFFFFFFFC6
:10BA9000FFFFFFFFFFFFFFFFFFFFFFFFFFFFFFFFB6
:10BAA000FFFFFFFFFFFFFFFFFFFFFFFFFFFFFFFFA6
:10BAB000FFFFFFFFFFFFFFFFFFFFFFFFFFFFFFFF96
:10BAC0003FFFFFFFFFFFFFFFFFFFFFFFFFFFFFFF46
:10BAD000FFFFFFFFFFFFFFFFFFFFFFFFFFFC3FFF39
:10BAE000FFFFFFFFFFFFFFFFFFFFFFFFFFFFFFFF66
:10BAF000FFFFFFFFFFFFFFFFFFFFFFFCFFFFFFFF59
:10BB0000FFFFFFFFFFFFFFFFFFFFFFFFFFFFFFFF45
:10BB1000FFFFFFFFFFFFFFFFFFFFFFFFFFFFFFFF35
:10BB2000FFFFFFFFFFFFFFFFFFFFFFFFFFFFFFFF25
:10BB3000FFFFFFFFFFFFFFFFFFFFFFFFFFFFFFFF15
:10BB4000FFFFFFFFFFFFFFFFFFFFFFFFFFFFFFFF05
:10BB5000FFFFFFFFFFFFFFFFFFFFFFFFFFFFFFFFF5
:10BB6000FFFFFFFFFFFFFFFFFFFFFFFFFFFFFFFFE5
:10BB7000FFFFFFFFFFFFFFFFFFFFFFFFFFFFFFFFD5
:10BB8000FFFFFFFFFFFFFFFFFFFFFFFFFFFFFFFFC5
:10BB9000FFFFFFFFFFFFFFFFFFFFFFFFFFFFFFFFB5
:10BBA000FFFFFFFFFFFFFFFFFFFFFFFFFFFFFFFFA5
:10BBB000FFFFFFFFFFFFFFFFFFFFFFFFFFFFFFFF95
:10BBC000FFFFFFFFFFFFFFFFFFFFFFFFFFFFFFFF85
:10BBD000FFFFFFFFFFFFFFFFFFFFFFFFFFFFFFFF75
:10BBE000FFFFFFFFFFFFFFFFFFFFFFFFFFFFFFFF65
:10BBF000FFFFFFFFFFFFFFFFFFFFFFFFFFFFFFFF55
:10BC0000FFFFFFFFFFFFFFFFFFFFFFFFFFFFFFFF44
:10BC1000FFFFFFFFFFFFFFFFFFFFFFFFFFFFFFFF34
:10BC2000FFFFFFFFFFFFFFFFFFFFFFFFFFFFFFFF24
:10BC3000FFFFFFFFFFFFFFFFFFFFFFFFFFFFFFFF14
:10BC4000FFFFFFFFFFFFFFFFFFFFFFFFFFFFFFFF04
:10BC5000FFFFFFFFFFFFFFFFFFFFFFFFFFFFFFFFF4
:10BC6000FFFFFFFFFFFFFFFFFFFFFFFFFFFFFFFFE4
:10BC7000FFFFFFFFFFFFFFFFFFFFFFFFFFFFFFFFD4
:10BC8000FFFFFFFFFFFFFFFFFFFFFFFFFFFFFFFFC4
:10BC9000FFFFFFFFFFFFFFFFFFFFFFFFFFFFFFFFB4
:10BCA000FFFFFFFFFFFFFFFFFFFFFFFFFFFFFFFFA4
:10BCB000FFFFFFFFFFFFFFFFFFFFFFFFFFFFFFFF94
:10BCC000FFFFFFFFFFFFFFFFFFFFFFFFFFFFFFFF84
:10BCD000FFFFFFFFFFFFFFFFFFFFFFFFFFFFFFFF74
:10BCE000FFFFFFFFFFFFFFFFFFFFFFFFFFFFFFFF64
:10BCF000FFFFFFFFFFFFFFFFFFFFFFFFFFFFFFFF54
:10BD0000FFFFFFFFFFFFFFFFFFFFFFFFFFFFFFFF43
:10BD1000FFFFFFFFFFFFFFFFFF3FE7FFFFFFFFFF0B
:10BD2000FFFFFFFFFFFFFFFFFFFFFFFFFFFFFFFF23
:10BD3000FFFFFFFFFFFFFE3FC7FFFFFFFFFFFFFF0C
:10BD4000FFFFFFFFFFFFFFFFFFFFFFFFFFFFFFFF03
:10BD5000FFFFFFFFFC7F87FFFFFFFFFFFFFFFFFFEE
:10BD6000FFFFFFFFFFFFFFFFFFFFFFFFFFFFFFFFE3
:10BD7000FFFFFCFF27FFFFFFFFFFFFFFFFFFFFFFAE
:10BD8000FFFFFFFFFFFFFFFFFFFFFFFFFFFFFFFFC3
:10BD9000FCFE67FFFFFFFFFFFFFFFFFFFFFFFFFF4F
:10BDA000FFFFFFFFFFFFFFFFFFFFFFFFFFFFFCFEA7
:10BDB00067F7FFFFFFFFFFFFFFFFFFFFFFFFFFFF33
:10BDC000FFFFFFFFFFFFFFFFFFFFFFFFFCFCE7F7A9
:10BDD000FFFFFFFFFFFFFFFFFFFFFFFFFFEFFFFF83
:10BDE000FFFFFFFFFFFFFFFFFFFFFC71E7F7FFFF14
:10BDF000FFFFFFFFFFFFFFFFFFFFFFEFFFFFFFFF63
:10BE0000FFFFFFFFFFFFFFFFFE03E7F7FFFFFFFF5F
:10BE1000FFFFFFFFFFFFFFFFFFEFFFFFFFFFFFFF42
:10BE2000FFFFFFFFFFFFFF0FE7F7FFFFFFFFFFFF32
:10BE3000FFFFFFFFFFFFFFEFFFFFFFFFF87FFFFFA9
:10BE4000FFFFFFFFFFFFFFF7FFFFFFFFFFFFFFFF0A
:10BE5000FFFFFFFFFFEFFFFFFFFF8007FFFFFFFF79
:10BE6000FFFFFFFFFFF7FFFFFFFFFFFFFFFFFFFFEA
:10BE7000FFFFFFEFFFFFFFFE07C1FFFFFFFFFFFF19
:10BE8000FF803FF7FFFFFFFFFFFFFFFFFFFFFFFF09
:10BE9000FFEFFFFFFFFC7FFC7FFFFFFFFFFFFE00C8
:10BEA0000FF7FFFFFFFFFFFFFFFFFFFFFFFFFFEFAA
:10BEB000FFFFFFF1FFFF1FFFFFFFFFFFFC7FCFF73B
:10BEC000FFFFFFFFFFFFFFFFFFFFFFFFFFEFFFFF92
:10BED000FFE7FFFF8FFFFFFFFFFFFCFFE7F7FFFF1D
:10BEE000FFFFF01FFFFFFFFFFFFFFFEFFFFFFFCF91
:10BEF000FFFFCFFFFFFFFFFFFCFFE7F7FFFFFFFFA5
:10BF0000E01FFFFFFFFFFFFFFFEFFFFFFF9FE7FFC8
:10BF1000E7FFFFFFFFFFFCFFE7F7FFFFFFFFE03F4B
:10BF2000FFFFFFFFFFFFFFEFFFFFFF3F81FFF3FF7B
:10BF3000FFFFFFFFFCFFE7F7FFFFFFFFC03FFFFF33
:10BF4000FFFFFFFFFFEFFFFFFF3F81FBF1FFFFFF61
:10BF5000FFFFFE7FC7F7FFFFFFFFC07FFFFFFFFF71
:10BF6000FFFFFFEFFFFFFE7F00FCF9FFFFFFFFFF7A
:10BF7000FE000FF7FFFFFFFF807FFFFFFFFFFFFFC8
:10BF8000FFEFFFFFFEFF00FE78FFFFFFFFFFFF80D8
:10BF90003FF7FFFFFFFF00FFFFFFFFFFFFFFFFEF88
:10BFA000FFFFFEFF80FF3CFFFFFFFFFFFFFFFFF7EC
:10BFB000FFFFFFFF00FFFFFFFFFFFFFFFFEFFFFFA0
:10BFC000FCFF81FF9CFFFFFFFFFFFFFFFFF7FFFF6D
:10BFD000FFFE01FFFFFFFFFFFFFFFFEFFFFFFDFF82
:10BFE000C3FFCC7FFFFFFFFFFF3FE7F7FFFFFFFC33
:10BFF00003FFFFFFFFFFFFFFFFEFFFFFFDFFFFFF5F
:10C00000CE7FFFFFFFFFFE3FC7F7FFFFFFF803FFF5
:10C01000FFFFFFFFFFFFFFEFFFFFFDFFFFFFEE7FD3
:10C02000FFFFFFFFFC7F87F7FFFFFFF007FFFFFF2A
:10C03000FFFFFFFFFFEFFFFFF9FFFFFFE67FFFFFBF
:10C04000FFFFFCFF27F7FFFFFFE00FFFFFFFFFFFF2
:10C05000FFFFFFEFFFFFF9FFFFFFE67FFFFFFFFF9F
:10C06000FCFE67F7FFFFFFC00FFFFFFFFFFFFFFFB3
:10C07000FFEFFFFFF9FFFFFFE67FFFFFFFFFFCFE83
:10C0800067F7FFFFFF801FFFFFFFFFFFFFFFFFEFCF
:10C09000FFFFFDFFFFFFEE7FFFFFFFFFFCFCE7F769
:10C0A000FFFFFF000000000000007FFFFFEFFFFF29
:10C0B000FDFFFFFFCE7FFFFFFFFFFC71E7F7FFFFF4
:10C0C000FE000000000000007FFFFFEFFFFFFDFF0C
:10C0D000E7FFCC7FFFFFFFFFFE03E7F7FFFFF8005E
:10C0E0000000000000007FFFFFEFFFFFFCFF81FF6B
:10C0F000CCFFFFFFFFFFFF0FE7F7FFFFF800000097
:10C10000000000007FFFFFEFFFFFFEFF81FF1CFF2D
:10C11000FFFFFFFFFFFFFFF7FFFFF8000000000039
:10C1200000007FFFFFEFFFFFFEFF00FF38FFFFFF74
:10C13000FFFFFFFFFFF7FFFFF80000000000000017
:10C140007FFFFFEFFFFFFE7F00FCF9FFFFFFFFFF18
:10C15000FF3FE7F7FFFFF8000000000000007FFF4F
:10C16000FFEFFFFFFF3F81FBF1FFFFFFFFFFFE3F00
:10C17000C7F7FFFFFFFFFFFFFFFFFFFFFFFFFFEF1F
:10C18000FFFFFF3F81FFF3FFFFFFFFFFFC7F87F70C
:10C19000FFFFFFFFFFFFFFFFFFFFFFFFFFEFFFFFBF
:10C1A000FF9FC3FFE7FFFFFFFFFFFCFF27F7FFFF36
:10C1B000FFFFFFFFFFFFFFFFFFFFFFEFFFFFFFCFCF
:10C1C000FFFFCFFFFFFFFFFFFCFE67F7FFFFFFFF53
:10C1D000FFFFFFFFFFFFFFFFFFEFFFFFFFE7FFFF97
:10C1E0008FFFFFFFFFFFFCFE67F7FFFFFFFFFFFF73
:10C1F000FFFFFFFFFFFFFFEFFFFFFFF1FFFF1FFF4D
:10C20000FFFFFFFFFCFCE7F7FFFFFFFFFFFFFFFF64
:10C21000FFFFFFFFFFEFFFFFFFF8FFFC7FFFFFFFC8
:10C22000FFFFFC71E7F7FFFFFFFFFFFFFFFFFFFFCF
:10C23000FFFFFFEFFFFFFFFE07C1FFFFFFFFFFFF55
:10C24000FE03E7F7FFFFFFFFFFFFFFFFFFFFFFFF1B
:10C25000FFEFFFFFFFFF8007FFFFFFFFFFFFFF0F65
:10C26000E7F7FFFFFFFFFFFFFFFFFFFFFFFFFFEF0E
:10C27000FFFFFFFFF87FFFFFFFFFFFFFFFFFFFF75D
:10C28000FFFFFFFFFFFFFFFFFFFFFFFFFFEFFFFFCE
:10C29000FFFFFFFFFFFFFFFFFFFFFFFCFFF7FFFFB9
:10C2A000FFFFFFFFFFFFFFFFFFFFFFEFFFFFFFFFAE
:10C2B000FFFFFFFFFFFFFFFFFFFCFFF7FFFFFFFF99
:10C2C000FFFFFFFFFFFFFFFFFFEFFFFFFFFFFFFF8E
:10C2D000FFFFFFFFFFFFFFFCFFF7FFFFFFFFFFFF79
:10C2E000FFFFFFFFFFFFFFEFFFFFFFFFFFFFFFFF6E
:10C2F000FFFFFFFFFFFCFFF7FFFFFFFFFFFFFFFF59
:10C30000FFFFFFFFFFEFFFFFFFFFFFFFFFFFFFFF4D
:10C31000FFFFFFFCFFF7FFFFFFFFFFFFFFFFFFFF38
:10C32000FFFFFFEFFFFFFFFFFFFFFFFFFFFFFFFF2D
:10C33000FFFCFFF7FFFFFFFFFFFFFFFFFFFFFFFF18
:10C34000FFEFFFFFFFFFFFFFFFFFFFFFFFFFFFFF0D
:10C35000FFF7FFFFFFFFFFFFFFFFFFFFFFFFFFEF05
:10C36000FFFFFFFFFFFFFFFFFFFFFFFFFFFFFFF7E5
:10C37000FFFFFFFFFFFFFFFFFFF87FFFFFEFFFFF64
:10C38000FFFFFFFFFFFFFFFFFFFFFF803FF7FFFF04
:10C39000FFFFE3FFFFFFFFC07FFFFFEFFFFFFFFF98
:10C3A000FFFFFFFFFFFFFFFFFE000FF7FFFFFFFE96
:10C3B00003FFFFFFFF807FFFFFEFFFFFFFFFFFFF98
:10C3C000FFFFFFFFFFFFFC7FCFF7FFFFFFF803FF3B
:10C3D000FFFFFE007FFFFFEFFFFFFFFFFFFFFFFFFD
:10C3E000FFFFFFFFFCFFE7F7FFFFFFF001FFFFFF8D
:10C3F000FC007FFFFFEFFFFFFFFFFFFFFFFFFFFFDF
:10C40000FFFFFCFFE7F7FFFFFFE001FFFFFFF80082
:10C410007FFFFFEFFFFFFFFFFFFFFFFFFFFFFFFFBC
:10C42000FCFFE7F7FFFFFF8001FFFFFFE0007FFF5A
:10C43000FFEFFFFFFFFFFFFFFFFFFFFFFFFFFCFF1F
:10C44000E7F7FFFFFF8001FFFFFFC0007FFFFFEF67
:10C45000FFFFFFFFFFFFFFFFFFFFFFFFFE7FC7F7AD
:10C46000FFFFFF001FFFFFFF80007FFFFFEFFFFFC9
:10C47000FFFFFFFFFFFFFFFFFFFFFE000FF7FFFFC4
:10C48000FE007FFFFFFF00007FFFFFEFFFFFFFFFCA
:10C49000FFFFFFFFFFFFFFFFFF803FF7FFFFFE00F3
:10C4A000FFFFFFFF00407FFFFFEFFC0000000000E8
:10C4B0000000003FFFFFFFFFFFF7FFFFFC01FFFF52
:10C4C000FFFE00C07FFFFFEFFFFFFFFFFFFFFFFF4B
:10C4D000FFFFFFFFFFFFFFF7FFFFFC03FFFFFFFC76
:10C4E00001C07FFFFFEFFFFFFFFFFFFFFFFFFFFF29
:10C4F000FFFFFFFE1FF7FFFFFC07FFFFFFF803C072
:10C500007FFFFFEFFFFFFFFFFFFFFFFFFFFFFFFFCB
:10C51000FF0C0FF7FFFFFC07FFFFFFF007C07FFFD7
:10C52000FFEFFFFFFFFFFFFFFFFFFFFFFFFFFE012A
:10C53000C7F7FFFFF807FFFFFFE00FC07FFFFFEF28
:10C54000FFFFFFFFFFFFFFFFFFFFFFFFFCF3E7F72A
:10C55000FFFFF80FFFFFFFE01FC07FFFFFEFFFFFB0
:10C56000FFFFFFFFFFFFFFFFFFFFFCF3E7F7FFFF0A
:10C57000F80FFFFFFFC03FC07FFFFFEFFFFFFFFF90
:10C58000FFFFFFFFFFFFFFFFFCF3E7F7FFFFF80FE1
:10C59000FFFFFF807FC07FFFFFEFFFFFFFFFFFFF79
:10C5A000FFFFFFFDBFFFFCF3E7F7FFFFF80FFFFF03
:10C5B000FF007FC07FFFFFEFFFFFFFFFFFFFFFFFD9
:10C5C000FFADBFFFFE01C7F7FFFFF80FFFFFFE0043
:10C5D000FFC07FFFFFEFFFFFFFFFFFFFFFFFFFAD8C
:10C5E0007FFFFF0C0FF7FFFFF80FFFFFFC01FFC0FD
:10C5F0007FFFFFEFFFFFFFFFFFFFFFFFFFB57FFFA5
:10C60000FFFE1FF7FFFFF80FFFFFF803FFC07FFFDC
:10C61000FFEFFFFFFFFFFFFFFFFFFFBCFFFFFFFF7D
:10C62000FFF7FFFFF80FFFFFF007FFC07FFFFFEFEF
:10C63000FFFFFFFFFFFFFFFFFF981FFFFFFCFFF75C
:10C64000FFFFF807FFFFE00FFFC07FFFFFEFFFFFD7
:10C65000FFFFFFFFFFFFFFA4FFFFFFFCFFF7FFFF50
:10C66000FC07FFFFC01FFFC07FFFFFEFFFFFFFFFC3
:10C67000FFFFFFFFFFBD7FFFFFFCFFF7FFFFFC0396
:10C68000FFFF803FFFC07FFFFFEFFFFFFFFFFFFFC8
:10C69000FFFFFF757FFFFFFCFFF7FFFFFC01FFFEC1
:10C6A000007FFFC07FFFFFEFFFFFFFFFFFFFFFFFE8
:10C6B000FF6DBFFFFFFCFFF7FFFFFE00FFFC00FF69
:10C6C000FFC07FFFFFEFFFFFFFFFFFFFFFFFFF5DEB
:10C6D000BFFFFFFCFFF7FFFFFE007FF001FFFFC081
:10C6E0007FFFFFEFFF803FFFFFFFFFFFFFFDBFFF6B
:10C6F000FFFFFFF7FFFFFF001FC003FFFFC07FFF2B
:10C70000FFEFFF803FFFFFFFFFFFFFF6DFFFFFFFB1
:10C71000FFF7FFFFFF00000007FFFFC07FFFFFEFF5
:10C72000FFB77FFFFF801FFFFFEEDFFFFF803FF7B8
:10C73000FFFFFF8000000FFFFFC07FFFFFEFFFB78D
:10C740007FFFFC0003FFFF80BFFFFE000FF7FFFF2E
:10C75000FFC000001FFFFFC07FFFFFEFFFB77FFF9D
:10C76000F00000FFFF2ABFFFFC7FCFF7FFFFFFE0D5
:10C7700000007FFFFFC07FFFFFEFFF8007FFE07F2C
:10C78000E07FFFAABFFFFCFFE7F7FFFFFFF8000015
:10C79000FFFFFFC07FFFFFEFFF8007FFE3FFFC7F8E
:10C7A000FFAA7FFFFCFFE7F7FFFFFFFE0007FFFF89
:10C7B000FFC07FFFFFEFFFB77FFFC3FFFC3FFF001E
:10C7C0001FFFFCFFE7F7FFFFFFFF803FFFFFFFC0FA
:10C7D0007FFFFFEFFFB77FFFC7FFFE3FFF2A7FFF0F
:10C7E000FCFFE7F7FFFFFFFFFFFFFFFFFFC07FFF3B
:10C7F000FFEFFF803FFFC7FFFE3FFFAABFFFFE7FA7
:10C80000C7F7FFFFFFFFFFFFFFFFFFFFFFFFFFEF88
:10C81000FF803FFFC7FFFE3FFFAABFFFFE000FF7ED
:10C82000FFFFFFFFFFFFFFFFFFFFFFFFFFEFFFFF28
:10C83000FFFFC7FFFE3FFFAADFFFFF803FF7FFFFBD
:10C84000FFFFFFFFFFFFFFFFFFFFFFEFFFFFFFFF08
:10C85000C3FFFC3FFFBEDFFFFFFFFFF7FFFFFFFF50
:10C86000FFFFFFFFFFFFFFFFFFEFFFFFFFFFE1FF06
:10C87000FC7FFFFFFFFFFFFFFFF7FFFFFFFFFFFF53
:10C88000FFFFFFFFFFFFFFEFFFB007FFE07FE07F4D
:10C89000FFC0FFFFFF879FF7FFFFFFFFFFFFFFFFC7
:10C8A000FFFFFFFFFFEFFFB007FFF00000FFFFDD1E
:10C8B000FFFFFE018FF7FFFFFFFFFFFFFFFFFFFFFF
:10C8C000FFFFFFEFFF80AFFFFC0003FFFFDDFFFF77
:10C8D000FE78C7F7FFFFFFFFFFFFFFFFFFFFFFFF30
:10C8E000FFEFFF80AFFFFF801FFFFFDDFFFFFCFCBE
:10C8F000E7F7FFFFFFFFFFFFFFFFFFFFFFFFFFEF78
:10C90000FF8007FFFFFFFFFFFF001FFFFCFCE7F7B3
:10C91000FFFFFFFFFFFFFFFFFFFFFFFFFFEFFF90A6
:10C9200007FFFFFFFFFFFFDDFFFFFCFCE7F7FFFF57
:10C93000FFFFFFFFFFFFFFFFFFFFFFEFFFDCB7FF82
:10C94000FF801FFFFFDDFFFFFCFDE7F7FFFFFFFF9D
:10C95000FFFFFFFFFFFFFFFFFFEFFF88B7FFFC00B8
:10C9600003FFFFDDFFFFFE798FF7FFFFFFFFF80FEB
:10C97000FFFFFFC07FFFFFEFFF8207FFF00000FF18
:10C98000FFDDFFFFFF001FF7FFFFFFFFF80FFFFFB7
:10C99000FFC07FFFFFEFFFD007FFE07FE07FFFC01A
:10C9A000FFFFFF807FF7FFFFFFFFF80FFFFFFFC0D4
:10C9B0007FFFFFEFFF88B7FFE3FFFC7FFFFFFFFF75
:10C9C000FFFFFFF7FFFFFFFFF80FFFFFFFC07FFF35
:10C9D000FFEFFF8CB7FFC3FFFC3FFFFFFFFFFFFF31
:10C9E000FFF7FFFFFFFFF80FFFFFFFC07FFFFFEF25
:10C9F000FFDEB7FFC7FFFE3FFFFFFFFFFFFFFFF7B1
:10CA0000FFFFFFFFF80FFFFFFFC07FFFFFEFFFFFFC
:10CA1000FFFFC7FFFE3FFFFFFFFFFFFFFFF7FFFF27
:10CA2000FFFFF80FFFFFFFC07FFFFFEFFFFFFFFFDC
:10CA3000C7FFFE3FFFFFFFFFFFFFFFF7FFFFFFFF07
:10CA4000FFFFFFFFFFFFFFFFFFEFFFFFFFFFC7FF3E
:10CA5000FE3FFFFFFFFFFFFFFFF7FFFFFFFFFFFFAF
:10CA6000FFFFFFFFFFFFFFEFFFFFFFFFC3FFFC3FE5
:10CA7000FFFFFFFFFFFFFFF7FFFFFFFFFFFFFFFFCE
:10CA8000FFFFFFFFFFEFFFFFFFFFE1FFFC7FFFFF67
:10CA9000FFFFFFFFFFF7FFFFFFFFFFFFFFFFFFFFAE
:10CAA000FFFFFFEFFFFFFFFFE07FE07FFFFFFFFFE4
:10CAB000FFFFFFF7FFFFFFFFFFFFFFFFFFFFFFFF8E
:10CAC000FFEFFFF81FFFF00000FFFFFFFFFFFFFF7A
:10CAD000FFF7FFFFFFFFFFFFFFFFFFFFFFFFFFEF7E
:10CAE000FFF80FFFFC0003FFFE001FFFFFFFFFF733
:10CAF000FFFFFFFFFFFFFFFFFFFFFFFFFFEFFFFF56
:10CB0000EFFFFF801FFFFE001FFFFFFFFFF7FFFF8C
:10CB1000FFFFFFFFFFFFFFFFFFFFFFEFFFFFEFFF45
:10CB2000FFFFFFFFFE001FFFFFFFFFF7FFFFFFFFFD
:10CB3000FFFFFFFFFFFFFFFFFFEFFFFFCFFFFFFF45
:10CB4000FFFFFE001FFFFFFFFFF7FFFFFFFFFFFFDD
:10CB5000FFFFFFFFFFFFFFEFFFF80FFFFFE3E7FF20
:10CB6000FE001FFFFFFFFFF7FFFFFFFFFFFFFFFFBD
:10CB7000FFFFFFFFFFEFFFF80FFFF803E1FFFE00ED
:10CB80001FFFFFFFFFF7FFFFFFFFFFFFFFFFFFFF9D
:10CB9000FFFFFFEFFFFFFFFFC003E0FFFE001FFFEF
:10CBA000FFFFFFF7FFFFFFFFFFFFFFFFFFFFFFFF9D
:10CBB000FFEFFFFFFFFFC013F87FFE001FFFFFFF27
:10CBC000FFF7FFFFFFFFFFC00007FFFFFFFFFFEFC3
:10CBD000FFFC1FFFC7E7FC7FFE001FFFFFFFFFF703
:10CBE000FFFFFFFFF00000003FFFFFFFFFEFFFF838
:10CBF0000BFFC7C7FE3FFE001FFFFFFFFFF7FFFF52
:10CC0000FFFF8000000003FFFFFFFFEFFFF9C9FFF8
:10CC1000C7C7FE3FFE001FFFFFFFFFF7FFFFFFFE3E
:10CC20000000000000FFFFFFFFEFFFFBEDFFC7C7A5
:10CC3000FE3FFE001FFFFFFFFFF7FFFFFFF80000B2
:10CC40000000003FFFFFFFEFFFF9C9FFC7C7FE3F2E
:10CC5000FE001FFFFFFFFFF7FFFFFFE000000000E7
:10CC6000000FFFFFFFEFFFF801FFC7C7FE3FFE0009
:10CC70001FFFFFFFFFF7FFFFFFC0000000000007DE
:10CC8000FFFFFFEFFFF803FFC7C7FE3FFE001FFFD8
:10CC9000FFFFFFF7FFFFFF80003FFFF80003FFFFEC
:10CCA000FFEFFFFFFFFFC7E3FC7FFEFFDFFFFFFF9C
:10CCB000FFF7FFFFFF0007FFFFFFC001FFFFFFEFD0
:10CCC000FFFFFBFFC7E1F87FFEFFDFFFFFFFFFF77E
:10CCD000FFFFFF003FFFFFFFF800FFFFFFEFFFFF39
:10CCE000C3FFC7F000FFFEFFDFFFFFFFFFF7FFFFFF
:10CCF000FE00FFFFFFFFFE00FFFFFFEFFFFF07FF4C
:10CD0000C7F801FFFEFFDFFFFFFFFFF7FFFFFC019A
:10CD1000FFFFFFFFFF007FFFFFEFFFFC3FFFFFFE76
:10CD200007FFFEFFDFFFFFFFFFF7FFFFFC03FFFF33
:10CD3000FFFFFF807FFFFFEFFFE0FFFFFFFFFFFF31
:10CD4000FEFFDFFFFFFFFFF7FFFFFC07FFFFFFFF17
:10CD5000FF807FFFFFEFFFC3FFFFFFFFFFFFFEFF2F
:10CD6000DFFFFFFFFFF7FFFFF807FFFFFFFFFFC039
:10CD70003FFFFFEFFFDFFFFFFF801FFFFEFFDFFF33
:10CD8000FFFFFFF7FFFFF807FFFFFFFFFFC03FFFB9
:10CD9000FFEFFFFFFFFFFC0003FFFEFFDFFFFFFFD2
:10CDA000FFF7FFFFF80FFFFFFFFFFFE03FFFFFEF81
:10CDB000FFF80FFFF80000FFFEFFDFFFFFFFFFF7A8
:10CDC000FFFFF80FFFFFFFFFFFE03FFFFFEFFFF860
:10CDD0000FFFF070F0FFFEFFDFFFFFFFFFF7FFFF29
:10CDE000F80FFFFFFFFFFFE03FFFFFEFFFF9FFFF3F
:10CDF000E1E3FC7FFEFFDFFFFFFFFFF7FFFFF80F20
:10CE0000FFFFFFFFFFE03FFFFFEFFFFBFFFFE3E35D
:10CE1000FC3FFEFFDFFFFFFFFFF7FFFFF80FFFFF05
:10CE2000FFFFFFE03FFFFFEFFFF80FFFC7C7FE3F29
:10CE3000FEFFDFFFFFFFFFF7FFFFF80FFFFFFFFF22
:10CE4000FFE03FFFFFEFFFFC0FFFC7C7FE3FFEFF06
:10CE5000DFFFFFFFFFF7FFFFF807FFFFFFFFFFC048
:10CE60003FFFFFEFFFF9FFFFC7C7FE3FFEFFDFFFFA
:10CE7000FFFFFFF7FFFFF807FFFFFFFFFFC03FFFC8
:10CE8000FFEFFFFBFFFFC7C7FE3FFEFFDFFFFFFF18
:10CE9000FFF7FFFFFC03FFFFFFFFFF807FFFFFEFB8
:10CEA000FFFBFFFFC7C7FE3FFEFFDFFFFFFFFFF7F0
:10CEB000FFFFFC03FFFFFFFFFF807FFFFFEFFFF897
:10CEC0000FFFC3C3FC7FFEFFDFFFFFFFFFF7FFFF86
:10CED000FC01FFFFFFFFFF007FFFFFEFFFFC0FFFE5
:10CEE000E1E1F87FFEFFDFFFFFFFFFF7FFFFFE003E
:10CEF000FFFFFFFFFE00FFFFFFEFFFFFFFFFE0F080
:10CF000000FFFEFFDFFFFFFFFFF7FFFFFF003FFF18
:10CF1000FFFFF801FFFFFFEFFFFFFFFFF0F801FF4A
:10CF2000FEFFDFFFFFFFFFF7FFFFFF0007FFFFFF31
:10CF3000C001FFFFFFEFFF7BFFFFFCFE07FFFEFFCF
:10CF4000DFFFFFFFFFF7FFFFFF80003FFFF8000359
:10CF5000FFFFFFEFFF5BFFFFFFFFFFFFFEFFDFFFB6
:10CF6000FFFFFFF7FFFFFFC0000000000007FFFF0B
:10CF7000FFEFFF03FFFFFFFFFFFFFEFFDFFFFFFFEE
:10CF8000FFF7FFFFFFE000000000000FFFFFFFEFD3
:10CF9000FF23FFFFFFFFFFFFFEFFDFFFFFFFFFF7A6
:10CFA000FFFFFFF800000000003FFFFFFFEFFFFF63
:10CFB000FFFFFFFFFFFFFEFFDFFFFFFFFFF7FFFFAA
:10CFC000FFFE0000000000FFFFFFFFEFFFFFFFFF7D
:10CFD000FFFFFFFFFEFFDFFFFFFFFFF7FFFFFFFF8A
:10CFE0008000000003FFFFFFFFEFFFFFFFFFFFFFD9
:10CFF000FFFFFEFFDFFFFFFFFFF7FFFFFFFFF80070
:10D0000000001FFFFFFFFFEFFFFFFFFFFFFFFFFF1E
:10D01000FEFFDFFFFFFFFFF7FFFFFFFFFFC000077F
:10D02000FFFFFFFFFFEFFFFFFFFFFFFFFFFFFEFF21
:10D03000DFFFFFFFFFF7FFFFFFFFFFFFFFFFFFFF28
:10D04000FFFFFFEFFFFFFFFFFFFFFFFFFEFFDFFF21
:10D05000FFFFFFF7FFFFFFFFFFFFFFFFFFFFFFFFE8
:10D06000FFEFFFFFFFFFFFFFFFFFFEFFDFFFFFFF01
:10D07000FFF7FFFFFFFFFFFFFFFFFFFFFFFFFFEFD8
:10D08000FFFFFFFFFFFFFFFFFEFFDFFFFFFFFFF7D9
:10D09000FFFFFFFFFFFFFFFFFFFFFFFFFFEFFFFFB0
:10D0A000FFFFFFFFFFFFFEFFDFFFFFFFFFF7FFFFB9
:10D0B000FFFFFFFFFFFFFFFFFFFFFFEFFFFFFFFF90
:10D0C000FFFFFFFFFEFFDFFFFFFFFFF7FFFFFFFF99
:10D0D000FFFFFFFFFFFFFFFFFFEFFFFFFFFFFFFF70
:10D0E000FFFFFEFFDFFFFFFFFFF7FFFFFFFFFFFF79
:10D0F000FFFFFFFFFFFFFFEFFFFFFFFFFFFFFFFF50
:10D10000FEFFDFFFFFFFFFF7FFFFFFFFFFFFFFFF58
:10D11000FFFFFFFFFFEFFFFFFFFFFFFFFFFFFEFF30
:10D12000DFFFFFFFFFF7FFFFFFFFFFFFFFFFFFFF37
:10D13000FFFFFFEFFFFFFFFFFFFFFFFFFEFFDFFF30
:10D14000FFFFFFF7FFFFFFFFFFC00007FFFFFFFF2D
:10D15000FFEFFFFFFFFFFFFFFFFFFEFFDFFFFFFF10
:10D16000FFF7FFFFFFFFF00000003FFFFFFFFFEFB3
:10D17000FFFFFFFFFFFFFFFFFEFFDFFFFFFFFFF7E8
:10D18000FFFFFFFF8000000003FFFFFFFFEFFFFF37
:10D19000FFFFFFFFFFFFFEFFDFFFFFFFFFF7FFFFC8
:10D1A000FFFE0000000000FFFFFFFFEFFFFFFFFF9B
:10D1B000FFFFFFFFFEFFDFFFFFFFFFF7FFFFFFF8AF
:10D1C00000000000003FFFFFFFEFFFFFFFFFFFFF3A
:10D1D000FFFFFEFFDFFFFFFFFFF7FFFFFFE00000A5
:10D1E0000000000FFFFFFFEFFFFFFFFFFFFFFFFF4C
:10D1F000FEFFDFFFFFFFFFF7FFFFFFC000000000A3
:10D200000007FFFFFFEFFFFFFFFFFFFFFFFFFEFF36
:10D21000DFFFFFFFFFF7FFFFFF80003FFFF8000386
:10D22000FFFFFFEFFFFFFFFFFFFFFFFFFEFFDFFF3F
:10D23000FFFFFFF7FFFFFF0007FFFFFFC001FFFF3A
:10D24000FFEFFFFFFFFFFFFFFFFFFEFFDFFFFFFF1F
:10D25000FFF7FFFFFF003FFFFFFFF800FFFFFFEFBB
:10D26000FFFFFFFFFFFFFFFFFEFFDFFFFFFFFFF7F7
:10D27000FFFFFE00FFFFFFFFFE00FFFFFFEFFFFFCE
:10D28000FFFFFFFFFFFFFEFFDFFFFFFFFFF7FFFFD7
:10D29000FC01FFFFFFFFFF007FFFFFEFFFFFFFFF2E
:10D2A000FFFFFFFFFEFFDFFFFFFFFFF7FFFFFC03B6
:10D2B000FFFFFFFFFF807FFFFFEFFFFFFFFFFFFF8D
:10D2C000FFFFFEFFDFFFFFFFFFF7FFFFFC07FFFF92
:10D2D000FFFFFF807FFFFFEFFFFFFFFFFFFFFFFF6D
:10D2E000FEFFDFFFFFFFFFF7FFFFF807FFFFFFFF76
:10D2F000FFC03FFFFFEFFFFFFFFFFFFFFFFFFEFF4E
:10D30000DFFFFFFFFFF7FFFFF807FFFFFFFFFFC093
:10D310003FFFFFEFFFFFFFFFFFFFFFFFFEFFDFFF0E
:10D32000FFFFFFF7FFFFF80FFFFFFFFFFFE03FFFEB
:10D33000FFEFFFDFFFFFFFFFFFFFFEFFDFFFFFFF4E
:10D34000FFF7FFFFF80FFFFFFFFFFFE03FFFFFEFDB
:10D35000FFDFFFFFFFFFFFFFFEFFDFFFFFFFFFF726
:10D36000FFFFF80FFFFFFFFFFFE03FFFFFEFFFDFD3
:10D37000FFFFFFFFFFFFFEFFDFFFFFFFFFF7FFFFE6
:10D38000F80FFFFFFFFFFFE03FFFFFEFFFC00FFFC2
:10D39000FFFFFFFFFEFFDFFFFFFFFFF7FFFFF80FBD
:10D3A000FFFFFFFFFFE03FFFFFEFFFC00FFFFFFFAB
:10D3B000FFFFFEFFDFFFFFFFFFF7FFFFF80FFFFF9D
:10D3C000FFFFFFE03FFFFFEFFFDFFFFFFF801FFFDB
:10D3D000FEFFDFFFFFFFFFF7FFFFF807FFFFFFFF85
:10D3E000FFC03FFFFFEFFFDFFFFFFC0003FFFEFF7B
:10D3F000DFFFFFFFFFF7FFFFF807FFFFFFFFFFC0A3
:10D400003FFFFFEFFFDFFFFFF00000FFFEFFDFFF4A
:10D41000FFFFFFF7FFFFFC03FFFFFFFFFF807FFF22
:10D42000FFEFFFDFFFFFE07FE07FFEFFDFFFFFFF9B
:10D43000FFF7FFFFFC03FFFFFFFFFF807FFFFFEF12
:10D44000FFC3FFFFE3FFFC7FFEFFDFFFFFFFFFF7F0
:10D45000FFFFFC01FFFFFFFFFF007FFFFFEFFFE08B
:10D46000FFFFC3FFFC3FFEFFDFFFFFFFFFF7FFFFF4
:10D47000FE00FFFFFFFFFE00FFFFFFEFFFFC1FFFAF
:10D48000C7FFFE3FFEFFDFFFFFFFFFF7FFFFFF00CD
:10D490003FFFFFFFF801FFFFFFEFFFFF0FFFC7FF99
:10D4A000FE3FFEFFDFFFFFFFFFF7FFFFFF0007FF6D
:10D4B000FFFFC001FFFFFFEFFFFF0FFFC7FFFE3FB2
:10D4C000FEFFDFFFFFFFFFF7FFFFFF80003FFFF8DA
:10D4D0000003FFFFFFEFFFFC1FFFC7FFFE3FFE0043
:10D4E0001FFFFFFFFFF7FFFFFFC000000000000766
:10D4F000FFFFFFEFFFE0FFFFC3FFFC3FFFFFFFFF6A
:10D50000FFFFFFF7FFFFFFE000000000000FFFFF3D
:10D51000FFEFFFC3FFFFE1FFFC7FFFFFFFFFFFFF08
:10D52000FFF7FFFFFFF800000000003FFFFFFFEFE5
:10D53000FFDFFFFFE07FE07FFFFFFFFFFFFFFFF761
:10D54000FFFFFFFE0000000000FFFFFFFFEFFFFFF7
:10D55000FFFFF00000FFFFFFFFFFFFFFFFF7FFFFF0
:10D56000FFFF8000000003FFFFFFFFEFFFF83FFF1A
:10D57000FC0003FFFFFFFFFFFFFFFFF7FFFFFFFFC1
:10D58000F80000001FFFFFFFFFEFFFE01FFFFF801D
:10D590001FFFFFFFFFFFFFFFFFF7FFFFFFFFFFC0C2
:10D5A0000007FFFFFFFFFFEFFFC78FFFFFFFFFFF3A
:10D5B000FFFFFFFFFFFFFFF7FFFFFFFFFFFFFFFF83
:10D5C000FFFFFFFFFFEFFFCFCFFFFFFFFFFFFFFFDB
:10D5D000FFFFFFFFFFF7FFFFFFFFFFFFFFFFFFFF63
:10D5E000FFFFFFEFFFDFEFFFFF801FFFFFFFFFFFEA
:10D5F000FFFFFFF7FFFFFFFFFFFFFFFFFFFFFFFF43
:10D60000FFEFFFDFEFFFFC0003FFFFFFFFFFFFFF68
:10D61000FFF7FFFFFFFFFFFFFFFFFFFFFFFFFFEF32
:10D62000FFCFCFFFF00000FFFFFFFFFFFFFFFFF77F
:10D63000FFFFFFFFFFFFFFFFFFFFFFFFFFEFFFC742
:10D640008FFFE07FE07FFFFFFFFFFFFFFFF7FFFFA0
:10D65000FFFFFFFFFFFFFFFFFFFFFFEFFFE01FFFE9
:10D66000E3FFFC7FFFFFFFFFFFFFFFF7FFFFFFFF71
:10D67000FFFFFFFFFFFFFFFFFFEFFFF07FFFC3FF95
:10D68000FC3FFFFFFFFFFFFFFFF7FFFFFFFFFFFF75
:10D69000FFFFFFFFFFFFFFEFFFFFFFFFC7FFFE3FA3
:10D6A000FFFFFFFFFFFFFFF7FFFFFFFFFFFFFFFF92
:10D6B000FFFFFFFFFFEFFFFFFFFFC7FFFE3FFFFF83
:10D6C000FFFFFFFFFFF7FFFFFFFFFFFFFFFFFFFF72
:10D6D000FFFFFFEFFFF83FFFC7FFFE3FFFFFFFFF2A
:10D6E000FFFFFFF7FFFFFFFFFFFFFFFFFFFFFFFF52
:10D6F000FFEFFFE01FFFC7FFFE3FFFFFFFFFFFFF42
:10D70000FFF7FFFFFFFFFFFFFFFFFFFFFFFFFFEF41
:10D71000FFE78FFFC3FFFC3FFFFFFFFFFFFFFFF7A8
:10D72000FFFFFFFFFFFFFFFFFFFFFFFFFFEFFFCF49
:10D73000CFFFE1FFFC7FFFFBDFFFFFFFFFF7FFFFF6
:10D74000FFFFFFFFFFFFFFFFFFFFFFEFFFDFEFFF29
:10D75000E07FE07FFFF81FFFFFFFFFF7FFFFFFFF06
:10D76000FFFFFFFFFFFFFFFFFFEFFFDFEFFFF00017
:10D7700000FFFF82DFFFFFFFFFF7FFFFFFFFFFFF5D
:10D78000FFFFFFFFFFFFFFEFFFCFCFFFFC0003FF17
:10D79000FFAABFFFFFFFFFF7FFFFFFFFFFFFFFFF36
:10D7A000FFFFFFFFFFEFFFEFDFFFFF801FFFFFAA7D
:10D7B000BFFFFFFFFFF7FFFFFFFFFFFFFFFFFFFFC1
:10D7C000FFFFFFEFFFFFFFFFFFFFFFFFFFA80FFFC0
:10D7D000FFFFFFF7FFFFFFFFFFFFFFFFFFFFFFFF61
:10D7E000FFEFFFFFFFFFFFFFFFFFFFAAAFFFFFFFFE
:10D7F000FFF7FFFFFFFFFFFFFFFFFFFFFFFFFFEF51
:10D80000FFFFFFFFFFFF07FFFFAA2FFFFFFFFFF74D
:10D81000FFFFFFFFE0FFFFFFFFFFFFFFFFEFFFFF47
:10D82000FFFFF83C01FFFFAA9FFFFFFFFFF7FFFF8D
:10D83000FFFF9F7FFFFFFFFFFF07FFEFFFFFFFFFE0
:10D84000F01800FFFF829FFFFFFFFFF7FFFFFFFFC2
:10D850007FBFFFFFFFFFF803FFEFFFFFFFFFE008C1
:10D86000F87FFFFA6FFFFFFFFFF7FFFFFFFEFFDF0D
:10D87000FFFFFFFFE0F1FFEFFFFFFFFFE3C1FC7FD2
:10D88000FFFBEFFFFFFFFFF7FFF00001FFEFFFFFE0
:10D89000FFFF83F8FFEFFFF81FFFC7E3FE3FFFDA4C
:10D8A000BFFFFFFFFFF7FFEFB377FFEFFFFFFFFEC5
:10D8B0000FFC7FEFFFF80FFFC7E3FE3FFFCA6FFFCC
:10D8C000FFFFFFF7FFEFBFFFFFEFFFFFFFFC3FFE94
:10D8D0007FEFFFFFEFFFC7E3FE3FFF92EFFFFFFF8A
:10D8E000FFF7FFEFBFFFFF6FFFFFFFF0FFFE7FEFD0
:10D8F000FFFFEFFFC7E3FE3FFF900FFFFFFFFFF7C4
:10D90000FFEFFFFFFE6FFFFFFFF0FFFE7FEFFFFF68
:10D91000CFFFC7E3FE3FFFCA7FFFFFFFFFF7FFF721
:10D92000FFFFFCEFFFFFFFFC3FFE7FEFFFF80FFF65
:10D93000C7E3FE3FFFFA8FFFFFFFFFF7FFF800008E
:10D94000F9EFFFFFFFFE0FFC7FEFFFF80FFFE3C1D2
:10D95000FC7FFFC03FFFFFFFFFF7FFFFFFFF7FDF01
:10D96000FFFFFFFF83F8FFEFFFFFFFFFE008F87FF7
:10D97000FFDBFFFFFFFFFFF7FFFFFFFFBFBFFFFF63
:10D98000FFFFE0F1FFEFFFFFFFFFF01800FFFFDBFD
:10D99000FFFFFFFFFFF7FFFFFFFFC07FFFFFFFFF5E
:10D9A000F803FFEFFFFC1FFFFC3C01FFFFB80FFF78
:10D9B000FFFFFFF7FFFFFFFFFFFFFFFFFFFFFF0777
:10D9C000FFEFFFF80BFFFFFF07FFFFBBFFFFFFFFAE
:10D9D000FFF7FFFFFFFFFFFFFFFFFFFFFFFFFFEF6F
:10D9E000FFF9C9FFFFFFFFFFFFFBFFFFFFFFFFF78F
:10D9F000FFFFFFFFFFFFFFFFFFFFFFFFFFEFFFFB4B
:10DA0000EDFFFFFFFFFFFFFEDFFFFFFFFFF7FFFF61
:10DA1000FFFFFFFFFFFFFFFFFFFFFFEFFFF9C9FF62
:10DA2000C7FFFFFFFFD6DFFFFFFFFFF7FFFFFFFF8F
:10DA3000FFFFFFFFFFFFFFFFFFEFFFF801FFC7FF43
:10DA4000FFFFFFD6BFFFFFFFFFF7FFFFFFFFFFFF57
:10DA5000FFFFFFFFFFFFFFEFFFF803FFC7FFFFFF21
:10DA6000FFDABFFFFFFFFFF7FFFFFFFFFFFFFFFF33
:10DA7000FFFFFFFFFFEFFFFFFFFFC7FFFFFFFFDE1F
:10DA80007FFFFFFFFFF7FFFFFFFFFFFFFFFFFFFF2E
:10DA9000FFFFFFEFFFFFFBFFC7FFFC3FFFCC0FFFC8
:10DAA000FFFFFFF7FFFFFFFFFFFFFFFFFFFFFFFF8E
:10DAB000FFEFFFFFC3FFC7FFC03FFFD27FFFFFFFA6
:10DAC000FFF7FFFFFFFFFFFFFFFFFFFFFFFFFFEF7E
:10DAD000FFFF07FFC7FE003FFFDEBFFFFFFFFFF7AF
:10DAE000FFFFFFFFFFFFFFFFFFFFFFFFFFEFFFFC59
:10DAF0003FFFC7F803FFFFBABFFFFFFFFFF7FFFFBE
:10DB0000FFFFFFFFFFFFFFFFFFFFFFEFFFE0FFFF54
:10DB1000C7E03FFFFFB6DFFFFFFFFFF7FFFFF3FFA9
:10DB2000FE7FFFFFFFFFFFFFFFEFFFC3FFFFC7C148
:10DB3000FFFFFFAEDFFFFFFFFFF7FFFF83FFF87F71
:10DB4000FFFFFFFFF0FFFFEFFFDFFFFFC707FFFF54
:10DB5000FFFEDFFFFFFFFFF7FFFF03FFF07FFFFF89
:10DB6000FFFFE0FFFFEFFFFFFFFFC61FFFFFFFFB11
:10DB70006FFFFFFFFFF7FFFE0FFFE07FFFFFFFFFDD
:10DB800080FFFFEFFFF80FFFC47FFFFFFFF76FFF7E
:10DB9000FFFFFFF7FFFE3FFFC47FFFFFFFFF00FF18
:10DBA000FFEFFFF80FFFC0FFFFFFFFC05FFFFFFFAA
:10DBB000FFF7FFFE3FFF847FFFFFFFFE08FFFFEF41
:10DBC000FFF9FFFFC3FFFFFFFF955FFFFFFFFFF7B9
:10DBD000FFFC7FFF0C7FFFFFFFF838FFFFEFFFFB2D
:10DBE000FFFFC7FFFFFFFFD55FFFFFFFFFF7FFFC52
:10DBF0007FFF1C7FFFFFFFF078FFFFEFFFF80FFFB5
:10DC0000FFFFFFFFFFD53FFFFFFFFFF7FFFC7FFE9A
:10DC10003C7FFFFFFFC1F8FFFFEFFFFC0FFFFFFF9F
:10DC2000FFFFFF800FFFFFFFFFF7FFFC7FFC7C7F04
:10DC3000FFFFFF83F8FFFFEFFFF9FFFFFFFFFFFF8D
:10DC4000FF953FFFFFFFFFF7FFFC7FF87C7FFFFFA3
:10DC5000FF0FF8FFFFEFFFFBFFFFFFFFFFFFFFD509
:10DC60005FFFFFFFFFF7FFFC7FF0FC7FFFFFFC1F64
:10DC7000F8FFFFEFFFFBFFFFFFFFFFFFFFD55FFF99
:10DC8000FFFFFFF7FFFC3FE1FC7FFFFFF83FF8FFDE
:10DC9000FFEFFFF80FFFFFFFFFFFFFD56FFFFFFF55
:10DCA000FFF7FFFE3FC3FC7FFFFFF0000001FFEF27
:10DCB000FFFC0FFFFFFFFFFFFFDF6FFFFFFFFFF71F
:10DCC000FFFE0F07FC7FFFFFF0000001FFEFFFFFEB
:10DCD000FFFFFFFFFFFFFFFFFFFFFFFFFFF7FFFF5C
:10DCE000000FFC7FFFFFF0000001FFEFFF7BFFFF55
:10DCF000FFFFFFFFFFC01FFFFFFFFFF7FFFF803F9A
:10DD0000FC7FFFFFFFFFF8FFFFEFFF5BFFFFFFFF61
:10DD1000FFFFFFDBBFFFFFFFFFF7FFFFE0FFFC7F21
:10DD2000FFFFFFFFF8FFFFEFFF03FFFFFFFFFFFF16
:10DD3000FFDBBFFFFFFFFFF7FFFFFFFFFFFFFFFF5F
:10DD4000FFFFF8FFFFEFFF23FFFFFFFFFFFFFFC015
:10DD50001FFFFFFFFFF7FFFFFFFFFFFFFFFFFFFFBB
:10DD6000FFFFFFEFFFFFFFFFFFFFFFFFFFEFFFFFE3
:10DD7000FFFFFFF7FFFFFFFFFFFFFFFFFFFFFFFFBB
:10DD8000FFEFFFFFFFFFFFFFFFFFFFEBFFFFFFFFC7
:10DD9000FFF7FFFFFFFFFFFFFFFFFFFFFFFFFFEFAB
:10DDA000FFFFFFFFFFFFFFFFFFECEFFFFFFFFFF7AE
:10DDB000FFFFFFCF8FFFFFFFFFFFFFFFFFEFFFFF23
:10DDC000FFFFFFFFFFFFFFEFEFFFFFFFFFF7FFFF8B
:10DDD000F80F83FFFFFFFFFFF03FFFEFFFFFFFFFA5
:10DDE000FFFFFFFFFF800FFFFFFFFFF7FFFF000FA9
:10DDF00081FFFFFFFF03C00FFFEFFFFFFFFFFFFFEC
:10DE0000FFFFFFEFFFFFFFFFFFF7FFFC001FE0FF3B
:10DE1000FFFFFE018007FFEFFFFFFFFFFFFFFFFF98
:10DE2000FFEFFFFFFFFFFFF7FFFC071FF8FFFFFFFC
:10DE3000FC0087C3FFEFFFFFFFFFFFFFFFFFFFFFB8
:10DE4000FFFFFFFFFFF7FFFC7F3FF87FFFFFF87842
:10DE50001FE3FFEFFFFFFFFFFFFFFFFFFFE00FFFED
:10DE6000FFFFFFF7FFFC7E3FFC7FFFFFF0FC1FE1A1
:10DE7000FFEFFFFFFFFFFFFFFFFFFFBFFFFFFFFF02
:10DE8000FFF7FFFC7E3FFC7FFFFFF1FE3FF1FFEF5E
:10DE9000FFFFFFFFFFFFFFFFFFDFFFFFFFFFFFF7BA
:10DEA000FFFC7E3FFC7FFFFFF1FE3FF1FFEFFFFF36
:10DEB000FFFFFFFFFFFFFFE01FFFFFFFFFF7FFFC7C
:10DEC0007E3FFC7FFFFFF1FE3FF1FFEFFFFFFFFF13
:10DED000FFFFFFFFFFADBFFFFFFFFFF7FFFC7E3F30
:10DEE000FC7FFFFFF1FE3FF1FFEFFFFFFFFFFFFFB2
:10DEF000FFFFFFADBFFFFFFFFFF7FFFC7E1FF8FF37
:10DF0000FFFFF1FE3FF1FFEFFFFFFFFFFFFFFFFF0E
:10DF1000FFA02FFFFFFFFFF7FFFC7F1FF8FFFFFFB2
:10DF2000F8FC1FE1FFEFFFFFFFFFFFFFFFFFFFBF59
:10DF3000EFFFFFFFFFF7FFFC7F07E1FFFFFFF87830
:10DF40001FE3FFEFFFFFFFFFFFFFFFFFFFBFEFFF3D
:10DF5000FFFFFFF7FFFC7F8003FFFFFFFC008783CD
:10DF6000FFEFFFFFFFFFFFFFFFFFFF800FFFFFFF40
:10DF7000FFF7FFFC7FC007FFFFFFFE01C007FFEFB9
:10DF8000FFFFFFFFFFFFFFFFFFFFFFFFFFFFFFF7A9
:10DF9000FFFFFFF01FFFFFFFFF03C00FFFEFFFFFBB
:10DFA000FFFFFFFFFFFFFFFFFFFFFFFFFFF7FFFF89
:10DFB000FFFFFFFFFFFFFFFFF03FFFEFFFFFFFFF50
:10DFC000FFFFFFFFFFFFFFFFFFFFFFF7FFFFFFFF69
:10DFD000FFFFFFFFFFFFFFFFFFEFFFFFFFFFFFFF61
:10DFE000FFFFFFFFFFFFFFFFFFF7FFFFFFFFFFFF49
:10DFF000FFFFFFFFFFFFFFEFFFFFFFFFFFFFFFFF41
:10E00000FFFFFFFFFFFFFFF7FFFFFFFFFFFFFFFF28
:10E01000FFFFFFFFFFEFFFFFFFFFFFFFFFFFFFFF20
:10E02000FFFFFFFFFFF7FFFFFFFFFFFFFFFFFFFF08
:10E03000FFFFFFEFFFFFFFFFFFFFFFFFFFF99FFF66
:10E04000FFFFFFF7FFFFFFFFFC7FFFFFFFFFFFFF6B
:10E05000FFEFFFFFFFFFFFFFFFFFFFF99FFFFFFF46
:10E06000FFF7FFFFFFFFFC7FFFFFFFFFFFF1FFEF69
:10E07000FFFFFFFFFFFFFFFFFFFFFFFFFFFFFFF7B8
:10E08000FFFFFFFFFC7FFFFFFFFFFFF1FFEFFFFF41
:10E09000FFFFFFFFFFFFFFFFFFFFFFFFFFF7FFFF98
:10E0A000FFFFFFFFFFFFFFFFFFF1FFEFFFFFFFFF9E
:10E0B000FFFFFFFFFFFFFFFFFFFFFFF7FFFFFFFF78
:10E0C000FFFFFFFFFFFFFFFFFFEFFFFFFFFFFFFF70
:10E0D000FFFFFFEFEFFFFFFFFFF7FFFFFFFFFFFF78
:10E0E000FFFFFFFFFFFFFFEFFFFFFFFFFFFFFFFF50
:10E0F000FFDFCFFFFFFFFFF7FFFFFFFFFFFFFFFF88
:10E10000FFFFFFFFFFEFFFFFFFFFFFFFFFFFFFDF4F
:10E11000AFFFFFFFFFF7FFFFFFFFFFFFFFFFFFFF67
:10E12000FFFFFFEFFFFFFFFFFFFFFFFFFFDE6FFFC0
:10E13000FFFFFFF7FFFFFFFFFFFFFFFFFFFFFFFFF7
:10E14000FFEFFFFFFFFFFFFFFFFFFFE1EFFFFFFF1D
:10E15000FFF7FFFFFFFFFFFFFFFFFFFFFFFFFFEFE7
:10E16000FFFFFFFFFFFFFFFFFFFFFFFFFFFFFFF7C7
:10E17000FFFFF01FCFFFFFFFFFCFFFF9FFEFFFFF14
:10E18000FFFFFF801FFFFFFFFFFFFFFFFFF7FFFF06
:10E19000C007C3FFFFFFFE0FFFE1FFEFFFFFFFFF21
:10E1A000FC0003FFFFF03FFFFFFFFFF7FFFF00034F
:10E1B000C1FFFFFFFC0FFFC1FFEFFFFFFFFFF000FC
:10E1C00000FFFFEFDFFFFFFFFFF7FFFE0FC1F0FFD4
:10E1D000FFFFF83FFF81FFEFFFFFFFFFE07FE07FE2
:10E1E000FFDFEFFFFFFFFFF7FFFE1FF1F8FFFFFF6D
:10E1F000F8FFFF11FFEFFFFFFFFFE3FFFC7FFFEFE3
:10E20000DFFFFFFFFFF7FFFC3FF0FC7FFFFFF8FFA2
:10E21000FE11FFEFFFFFFFFFC3FFFC3FFFF03FFFDB
:10E22000FFFFFFF7FFFC7FF8FC7FFFFFF1FFFC31F2
:10E23000FFEFFFFFFFFFC7FFFE3FFFFFFFFFFFFFF7
:10E24000FFF7FFFC7FF8FC7FFFFFF1FFFC71FFEFA2
:10E25000FFF83FFFC7FFFE3FFFEFEFFFFFFFFFF7B6
:10E26000FFFC7FF8FC7FFFFFF1FFF8F1FFEFFFE01D
:10E270001FFFC7FFFE3FFFDFCFFFFFFFFFF7FFFCE2
:10E280007FF8FC7FFFFFF1FFF1F1FFEFFFE78FFF6A
:10E29000C7FFFE3FFFDFAFFFFFFF07F7FFFC7FF980
:10E2A000F87FFFFFF1FFE1F1FFEFFFCFCFFFC3FFEB
:10E2B000FC3FFFDE6FFFFFFF07F7FFFE3FF1F8FFB8
:10E2C000FFFFF1FFC3F1FFEFFFDFEFFFE1FFFC7F97
:10E2D000FFE1EFFFFFFF07F7FFFE3FE3F1FFFFFF67
:10E2E000F0FF87F1FFEFFFDFEFFFE07FE07FFFFF51
:10E2F000FFFFFFFFFFF7FFFF0FC781FFFFFFF8FFE3
:10E300000FF1FFEFFFCFCFFFF00000FFFFFFFFFF98
:10E31000FFFFFFF7FFFF800003FFFFFFF83C1FF147
:10E32000FFEFFFEFDFFFFC0003FFFFEFEFFFFFF862
:10E3300007F7FFFFC0000FFFFFFFFC003FF1FFEFFB
:10E34000FFFFFFFFFF801FFFFFDFCFFFFFF807F793
:10E35000FFFFF8007FFFFFFFFE00FFF1FFEFFFFF71
:10E36000FFFFFFFFFFFFFFDFAFFFFFF807F7FFFF34
:10E37000FFFFFFFFFFFFFF83FFF1FFEFFFF83FFF0E
:10E38000FFFFFFFFFFDE6FFFFFFFFFF7FFFFFFFF56
:10E39000FFFFFFFFFFFFFFFFFFEFFFE01FFFFFFF9C
:10E3A0000FFFFFE1EFFFFFFFFFF7FFFFFFFFFFFFA3
:10E3B000FFFFFFFFFFFFFFEFFFC78FFFFFFE0FFF16
:10E3C000FFFFFFFFFFC007F7FFFFFFFFFFFFFFFF9C
:10E3D000FFFFFFFFFFEFFFCFCFFFFFFC0FFFFFFFB0
:10E3E000FFFFFFC007F7FFFFFFFFFFFFFFFFFFFF7C
:10E3F000FFFFFFEFFFDFEFFFFFF88FFFFFFFFFFFE4
:10E40000FFC007F7FFFFFFFFFFFFFFFFFFFFFFFF5B
:10E41000FFEFFFDFEFFFFFE18FFFFFFFFFFFFFFFDA
:10E42000FFF7FFFFFFFFFFFFFFFFFFFFFFFFFFEF14
:10E43000FFCFCFFFFFC38FFFFFFFFFFFFFFFFFF700
:10E44000FFFFFFFFFFFFFFFFFFFFFFFFFFEFFFC724
:10E450008FFFFF878FFFFFF03FFFFE0007F7FFFFF3
:10E46000FFFFFFFFFFFFFFFFFFFFFFEFFFE01FFFCB
:10E47000FF1F8FFFFFEFDFFFFE0007F7FFFFFFFF2C
:10E48000FFFFFFFFFFFFFFFFFFEFFFF07FFFFC3FFE
:10E490008FFFFFDFEFFFFE0007F7FFFFFFFFFFFF2C
:10E4A000FFFFFFFFFFFFFFEFFFFFFFFFF87F8FFF83
:10E4B000FFEFDFFFFFFFFFF7FFFFFFFFFFFFFFFFA4
:10E4C000FFFFFFFFFFEFFFFFF7FFF0FF8FFFFFF002
:10E4D0003FFFFFFFFFF7FFFFFFFFFFFFFFFFFFFF14
:10E4E000FFFFFFEFFFFEE7FFE000003FFFFFFFFF42
:10E4F000FFFFE7F7FFFFFFFFFFFFFFFFFFFFFFFF4C
:10E50000FFEFFFFEC7FFC000003FFFE31FFFFFFF5D
:10E51000E7F7FFFFFFFFFFFFFFFFFFFFFFFFFFEF3B
:10E52000FFFE17FFC000003FFFDCEFFFFFFFE7F734
:10E53000FFFFFFFFFFFFFFFFFFFFFFFFFFEFFFFEFC
:10E5400037FFFFFF8FFFFFDDEFFFFFFFFFF7FFFF4D
:10E55000FFFFFFFFFFFFFFFFFFFFFFEFFFFFFFFFDB
:10E56000FFFF8FFFFFDCEFFFFFFFFFF7FFFFFFF075
:10E57000FFFFFFFFFFFFFFFFFFEFFFFFFFFFFFFFBB
:10E580008FFFFFE31FFFFFFFFFF7FFFFFFE67FFFA8
:10E59000FFFFFFFFC3FFFFEFFFFFFFFFFFFFFFFFD7
:10E5A000FFFFFFFFFFFFFFF7FFFFFFEF7FFFFFFF13
:10E5B000FFFF80FFFFEFFFFFFFFFFE7FFF3FFFFF3B
:10E5C000FFFFFFFFFFF7FFFFFFEF7FFFFFFFFFFFF3
:10E5D0003E7FFFEFFFFFFFFFF87FFC3FFFFFFFFFE6
:10E5E000FFFFFFF7FFFFFFE67FFFFFFFFFFF7F7DDE
:10E5F000FFEFFFFFFFFFF07FF83FFFFFFFFFFFFF91
:10E60000FFF7FFFFFFF0FFFFFFFFFFFF3E79FFEF88
:10E61000FFF801FFE1FFF03FFFF03FFFFFFFFFF7D3
:10E62000FFFFFFFF80FFFFFFFFFF80E7FFEFFFF827
:10E6300001FFE3FFE23FFFEFDFFFFFFFFFF7FFFF19
:10E64000FFFE007FFFFFFFFFC38FFFEFFFF9CFFF4C
:10E65000C7FFE63FFFDFEFFFFFFFFFF7FFFFFFFC16
:10E660007E3FFFFFFFFFFE3FFFEFFFFBEFFFC7FF18
:10E67000C63FFFEFDFFFFFFFFFF7FFFFFFF8FF1FC2
:10E68000FFFFFFFFF8FFFFEFFFF9CFFFC7FF8E3F50
:10E69000FFF03FFFFFFFFFF7FFFFFFF9FF8FFFFFD7
:10E6A000FFFFF307FFEFFFF80FFFC7FF1E3FFFFF5E
:10E6B000FFFFFFFFFFF7FFFFFFF3FFCFFFFFFFFFAE
:10E6C000C603FFEFFFFC1FFFC7FE3E3FFFFFFFFF3C
:10E6D000FFFFFFF7FFFFFFF3FFCFFFFFFFFF1CF977
:10E6E000FFEFFFFFFFFFC7FC7E3FFFF0FFFFFC00D7
:10E6F0001FF7FFFFFFF3FFCFFFFFFFFF7DFDFFEFE2
:10E70000FFFFFFFFE3F8FE3FFFEF6FFFFC001FF787
:10E71000FFFFFFF3FFCFFFFFFFFFFDFDFFEFFFF860
:10E7200001FFE1E1FE3FFFDF6FFFFCFF9FF7FFFF0F
:10E73000FFF3FFCFFFFFFFFFFCF9FFEFFFF801FF43
:10E74000F003FE3FFFEF1FFFFC809FF7FFFFFFF18D
:10E75000FF8FFFFFFFFFFE03FFEFFFF9CFFFF8077B
:10E76000FE3FFFF07FFFFC809FF7FFFFFFFFFFFFF3
:10E77000FFFFFFFFFF07FFEFFFFBEFFFFC1FFE3F69
:10E78000FFFFFFFFFC809FF7FFFFFFFFFFFFFFFF83
:10E79000FFFFFFFFFFEFFFF9CFFFFFFFFFFFFFFFCF
:10E7A000FFFFFCFF9FF7FFFFFFFFFFFFFFFFFFFFE4
:10E7B000FFFFFFEFFFF80FFFFFFFFFFFFFFFFFFF70
:10E7C000FCFF9FF7FFFFFFFFFFFFFFFFFFFFFFFFC4
:10E7D000FFEFFFFC1FFFFF801FFFFFFFFFFFFCFF9E
:10E7E0009FF7FFFFFFFFFFFFFFFFFFFFFFFFFFEFB1
:10E7F000FFFFFFFFFC0003FFFFF03FFFFCFF9FF761
:10E80000FFFFFFFFFFFFFFFFFFFFFFFFFFEFFFFF28
:10E81000FFFFF80000FFFFEFDFFFFCFF9FF7FFFFA8
:10E82000FFFFFFFFFFFFFFFFFFFFFFEFFFF80FFFFF
:10E83000F070F0FFFFDFEFFFFCFF9FF7FFFFFFFF30
:10E84000FFFFFFFFFFFFFFFFFFEFFFF80FFFE1E319
:10E85000FC7FFFEFDFFFFCFF9FF7FFFFFFFFFFFFE6
:10E86000FFFFFFFFFFFFFFEFFFF9FFFFE3E3FC3FC9
:10E87000FFF03FFFFCFF9FF7FFFFFFFFFFFFFFFFE2
:10E88000FFFFFFFFFFEFFFFBFFFFC7C7FE3FFFFFDD
:10E89000FFFFFCFF9FF7FFFFFFFFFFFFFFFFFFFFF3
:10E8A000FFFFFFEFFFF80FFFC7C7FE3FFFFFDFFFD0
:10E8B000FCFF9FF7FFFFFFFFFFFFFFFFFFFFFFFFD3
:10E8C000FFEFFFFC0FFFC7C7FE3FFFEFEFFFFCFFAF
:10E8D0009FF7FFFFFFFFFFFFFFFFFFFFFFFFFFEFC0
:10E8E000FFF9FFFFC7C7FE3FFFDDEFFFFCFF9FF70C
:10E8F000FFFFFFFFFFFFFFFFFFFFFFFFFFEFFFFB3C
:10E90000FFFFC7C7FE3FFFDCEFFFFCFF9FF7FFFFE6
:10E91000FFFFFFFFFFFFFFFFFFFFFFEFFFFBFFFF1B
:10E92000C3C3FC7FFFE21FFFFCFF9FF7FFFFFFFF5A
:10E93000FFFFFFFFFFFFFFFFFFEFFFF80FFFE1E12A
:10E94000F87FFFFFFFFFFCFF9FF7FFFFFFFFFFFFC9
:10E95000FFFFFFFFFFFFFFEFFFFC0FFFE0F000FFF7
:10E96000FFFFFFFFFCFF9FF7FFFFFFFFFFFFFFFF22
:10E97000FFFFFFFFFFEFFFFFFFFFF0F801FFFFF9D1
:10E98000CFFFFCFF9FF7FFFFFFFFFFFFFFFFFFFF32
:10E99000FFFFFFEFFFFFFFFFFCFE07FFFFFFFFFF93
:10E9A000FCFF9FF7FFFFFFFFFFFFFFFFFFFFFFFFE2
:10E9B000FFEFFFFFFFFFFFFFFFFFFFEFEFFFFC0099
:10E9C0001FFFFFFFFFFFFFFFFFFFFFFFFFFFFFEF47
:10E9D000FFFFFFFFFFFFFFFFFFDFCFFFFC001FFF79
:10E9E000FFFFFFFFFFFFFFFFFFFFFFFFFFEFFFFF47
:10E9F000FFFFFFFFFFFFFFDFAFFFFF80FFFFFFFF16
:10EA0000FFFFFFFFFFFFFFFFFFFFFFEFFFFFFFFF26
:10EA1000FFFFFFFFFFDE6FFFFFFFFFFFFFFFFFFFB7
:10EA2000FFFFFFFFFFFFFFFFFFFFFFFFFFFFFFFFF6
:10EA3000FFFFFFE1EFFFFFFFFFFFFFFFFFFFFFFF14
:10EA4000FFFFFFFFFFFFFFFFFFFFFFFFFFFFFFFFD6
:10EA5000FFFFFFFFFFFFFFFFFFFFFFFFFFFFFFFFC6
:10EA6000FFFFFFFFFFFFFFFFFFFFFFFFFFFFFFFFB6
:10EA70007FFFFFFFFFFFFFFFFFFFFFFFFFFFFFFF26
:10EA8000FFFFFFFFFFFFFFFFFFFFFFFFFFFC7FFF19
:10EA9000FFFFFFFFFFFFFFFFFFFFFFFFFFFFFFFF86
:10EAA000FFFFFFFFFFFFFFFFFFFFFFFB7FFFFFFFFA
:10EAB000FFFFFFFFFFFFFFFFFFFFFFFFFFFFFFFF66
:10EAC000FFFFFFFFFFFFFFFFFFF77FFFFFFFFFFFDE
:10EAD000FFFFFFFFFFFFFFFFFFFFFFFFFFFFFFFF46
:10EAE000FFFFFFFFFFFFFFE00FFFFFFFFFFFFFFF45
:10EAF000FFFFFFFFFFFFFFFFFFFFFFFFFFFFFFFF26
:10EB0000FFFFFFFFFFFF7FFFFFFFFFFFFFFFFFFF95
:10EB1000FFFFFFFFFFFFFFFFFFFFFFFFFFFFFFFF05
:10EB2000FFFFFFFFFFFFFFFFFFFFFFFFFFFFFFFFF5
:10EB3000FFFFFFFFFFFFFFFFFFFFFFFFFFFFFFFFE5
:10EB4000FFFFFFFFFFFFFFFFFFFFFFFFFFFFFFFFD5
:10EB5000FFFFFFFFFFFFFFFFFFFFFFFFFFFFFFFFC5
:10EB6000FFFFFFFFFFFFFFFFFFFFFFFFFFFFFFFFB5
:10EB7000FFFFFFFFFFFFFFFFFFFFFFFFFFFFFFFFA5
:10EB8000FFFFFFFFFFFFFFFFFFFFFFFFFFFFFFFF95
:10EB9000FFFFFFFFFFFFFFFFFFFFFFFFFFFFFFFF85
:10EBA000FFFFFFFFFFFFFFFFFFFFFFFFFFFFFFFF75
:10EBB000FFFFFFFFFFFFFFFFFFFFFFFFFFFFFFFF65
:10EBC000FFFFFFFFFFFFFFFFFFFFFFFFFFFFFFFF55
:10EBD000FFFFFFFFFFFFFFFFFFFFFFFFFFFFFFFF45
:10EBE000FFFFFFFFFFFFFFFFFFFFFFFFFFFFFFFF35
:10EBF000FFFFFFFFFFFFFFFFFFFFFFFFFFFFFFFF25
:10EC0000FFFFFFFFFFFFFFFFFFFFFFFFFFFFFFFF14
:10EC1000FFFFFFFFFFFFFFFFFFFFFFFFFFFFFFFF04
:10EC2000FFFFFFFFFFFFFFFFFFFFFFFFFFFFFFFFF4
:10EC3000FFFFFFFFFFFFFFFFFFFFFFFFFFFFFFFFE4
:10EC4000FFFFFFFFFFFFFFFFFFFFFFFFFFFFFFFFD4
:10EC5000FFFFFFFFFFFFFFFFFFFFFFFFFFFFFFFFC4
:10EC6000FFFFFFFFFFFFFFFFFFFFFFFFFFFFFFFFB4
:10EC7000FFFFFFFFFFFFFFFFFFFFFFFFFFFFFFFFA4
:10EC8000FFFFFFFFFFFFFFFFFFFFFFFFFFFFFFFF94
:10EC9000FFFFFFFFFFFFFFFFFFFFFFFFFFFFFFFF84
:10ECA000FFFFFFFFFFFFFFFFFFFFFFFFFFFFFFFF74
:10ECB000FFFFFFFFFFFFFFFFFFFFFFFFFFFFFFFF64
:10ECC000FFFFFFFFFFFFFFFFFFFFFFFFFFFFFFFF54
:10ECD000FFFFFFFFFFFFFFFFFFFFFFFFFFFFFFFF44
:10ECE000FFFFFFFFFFFFFFFFFFFFFFFFFFFFFFFF34
:10ECF000FFFFFFFFFFFFFFFFFFFFFFFFFFFFFFFF24
:10ED0000FFFFFFFFFFFFFFFFFFFFFFFFFFFFFFFF13
:10ED1000FFFFFFFFFFFFFFFFFFFFFFFFFFFFFFFF03
:10ED2000FFFFFFFFFFFFFFFFFFFFFFFFFFFFFFFFF3
:10ED3000FFFFFFFFFFFFFFFFFFFFFFFFFFFFFFFFE3
:10ED4000FFFFFFFFFFFFFFFFFFFFFFFFFFFFFFFFD3
:10ED5000FFFFFFFFFFFFFFFFFFFFFFFFFFFFFFFFC3
:10ED6000FFFFFFFFFFFFFFFFFFFFFFFFFFFFFFFFB3
:10ED7000FFFFFFFFFFFFFFFFFFFFFFFFFFFFFFFFA3
:10ED8000FFFFFFFFFFFFFFFFFFFFFFFFFFFFFFFF93
:10ED9000FFFFFFFFFFFFFFFFFFFFFFFFFFFFFFFF83
:10EDA000FFFFFFFFFFFFFFFFFFFFFFFFFFFFFFFF73
:10EDB000FFFFFFFFFFFFFFFFFFFFFFFFFFFFFFFF63
:10EDC000FFFFFFFFFFFFFFFFFFFFFFFFFFFFFFFF53
:10EDD000FFFFFFFFFFFFFFFFFF3FE7FFFFFFFFFF1B
:10EDE000FFFFFFFFFFFFFFFFFFFFFFFFFFFFFFFF33
:10EDF000FFFFFFFFFFFFFE3FC7FFFFFFFFFFFFFF1C
:10EE0000FFFFFFFFFFFFFFFFFFFFFFFFFFFFFFFF12
:10EE1000FFFFFFFFFC7F87FFFFFFFFFFFFFFFFFFFD
:10EE2000FFFFFFFFFFFFFFFFFFFFFFFFFFFFFFFFF2
:10EE3000FFFFFCFF27FFFFFFFFFFFFFFFFFFFFFFBD
:10EE4000FFFFFFFFFFFFFFFFFFFFFFFFFFFFFFFFD2
:10EE5000FCFE67FFFFFFFFFFFFFFFFFFFFFFFFFF5E
:10EE6000FFFFFFFFFFFFFFFFFFFFFFFFFFFFFCFEB6
:10EE700067F7FFFFFFFFFFFFFFFFFFFFFFFFFFFF42
:10EE8000FFFFFFFFFFFFFFFFFFFFFFFFFCFCE7F7B8
:10EE9000FFFFFFFFFFFFFFFFFFFFFFFFFFEFFFFF92
:10EEA000FFFFFFFFFFFFFFFFFFFFFC71E7F7FFFF23
:10EEB000FFFFFFFFFFFFFFFFFFFFFFEFFFFFFFFF72
:10EEC000FFFFFFFFFFFFFFFFFE03E7F7FFFFFFFF6F
:10EED000FFFFFFFFFFFFFFFFFFEFFFFFFFFFFFFF52
:10EEE000FFFFFFFFFFFFFF0FE7F7FFFFFFFFFFFF42
:10EEF000FFFFFFFFFFFFFFEFFFFFFFFFF87FFFFFB9
:10EF0000FFFFFFFFFFFFFFF7FFFFFFFFFFFFFFFF19
:10EF1000FFFFFFFFFFEFFFFFFFFF8007FFFFFFFF88
:10EF2000FFFFFFFFFFF7FFFFFFFFFFFFFFFFFFFFF9
:10EF3000FFFFFFEFFFFFFFFE07C1FFFFFFFFFFFF28
:10EF4000FF803FF7FFFFFFFFFFFFFFFFFFFFFFFF18
:10EF5000FFEFFFFFFFFC7FFC7FFFFFFFFFFFFE00D7
:10EF60000FF7FFFFFFFFFFFFFFFFFFFFFFFFFFEFB9
:10EF7000FFFFFFF1FFFF1FFFFFFFFFFFFC7FCFF74A
:10EF8000FFFFFFFFFFFFFFFFFFFFFFFFFFEFFFFFA1
:10EF9000FFE7FFFF8FFFFFFFFFFFFCFFE7F7FFFF2C
:10EFA000FFFFF01FFFFFFFFFFFFFFFEFFFFFFFCFA0
:10EFB000FFFFCFFFFFFFFFFFFCFFE7F7FFFFFFFFB4
:10EFC000E01FFFFFFFFFFFFFFFEFFFFFFF9FE7FFD8
:10EFD000E7FFFFFFFFFFFCFFE7F7FFFFFFFFE03F5B
:10EFE000FFFFFFFFFFFFFFEFFFFFFF3F81FFF3FF8B
:10EFF000FFFFFFFFFCFFE7F7FFFFFFFFC03FFFFF43
:10F00000FFFFFFFFFFEFFFFFFF3F81FBF1FFFFFF70
:10F01000FFFFFE7FC7F7FFFFFFFFC07FFFFFFFFF80
:10F02000FFFFFFEFFFFFFE7F00FCF9FFFFFFFFFF89
:10F03000FE000FF7FFFFFFFF807FFFFFFFFFFFFFD7
:10F04000FFEFFFFFFEFF00FE78FFFFFFFFFFFF80E7
:10F050003FF7FFFFFFFF00FFFFFFFFFFFFFFFFEF97
:10F06000FFFFFEFF80FF3CFFFFFFFFFFFFFFFFF7FB
:10F07000FFFFFFFF00FFFFFFFFFFFFFFFFEFFFFFAF
:10F08000FCFF81FF9CFFFFFFFFFFFFFFFFF7FFFF7C
:10F09000FFFE01FFFFFFFFFFFFFFFFEFFFFFFDFF91
:10F0A000C3FFCC7FFFFFFFFFFF3FE7F7FFFFFFFC42
:10F0B00003FFFFFFFFFFFFFFFFEFFFFFFDFFFFFF6E
:10F0C000CE7FFFFFFFFFFE3FC7F7FFFFFFF803FF05
:10F0D000FFFFFFFFFFFFFFEFFFFFFDFFFFFFEE7FE3
:10F0E000FFFFFFFFFC7F87F7FFFFFFF007FFFFFF3A
:10F0F000FFFFFFFFFFEFFFFFF9FFFFFFE67FFFFFCF
:10F10000FFFFFCFF27F7FFFFFFE00FFFFFFFFFFF01
:10F11000FFFFFFEFFFFFF9FFFFFFE67FFFFFFFFFAE
:10F12000FCFE67F7FFFFFFC00FFFFFFFFFFFFFFFC2
:10F13000FFEFFFFFF9FFFFFFE67FFFFFFFFFFCFE92
:10F1400067F7FFFFFF801FFFFFFFFFFFFFFFFFEFDE
:10F15000FFFFFDFFFFFFEE7FFFFFFFFFFCFCE7F778
:10F16000FFFFFF000000000000007FFFFFEFFFFF38
:10F17000FDFFFFFFCE7FFFFFFFFFFC71E7F7FFFF03
:10F18000FE000000000000007FFFFFEFFFFFFDFF1B
:10F19000E7FFCC7FFFFFFFFFFE03E7F7FFFFF8006D
:10F1A0000000000000007FFFFFEFFFFFFCFF81FF7A
:10F1B000CCFFFFFFFFFFFF0FE7F7FFFFF8000000A6
:10F1C000000000007FFFFFEFFFFFFEFF81FF1CFF3D
:10F1D000FFFFFFFFFFFFFFF7FFFFF8000000000049
:10F1E00000007FFFFFEFFFFFFEFF00FF38FFFFFF84
:10F1F000FFFFFFFFFFF7FFFFF80000000000000027
:10F200007FFFFFEFFFFFFE7F00FCF9FFFFFFFFFF27
:10F21000FF3FE7F7FFFFF8000000000000007FFF5E
:10F22000FFEFFFFFFF3F81FBF1FFFFFFFFFFFE3F0F
:10F23000C7F7FFFFFFFFFFFFFFFFFFFFFFFFFFEF2E
:10F24000FFFFFF3F81FFF3FFFFFFFFFFFC7F87F71B
:10F25000FFFFFFFFFFFFFFFFFFFFFFFFFFEFFFFFCE
:10F26000FF9FC3FFE7FFFFFFFFFFFCFF27F7FFFF45
:10F27000FFFFFFFFFFFFFFFFFFFFFFEFFFFFFFCFDE
:10F28000FFFFCFFFFFFFFFFFFCFE67F7FFFFFFFF62
:10F29000FFFFFFFFFFFFFFFFFFEFFFFFFFE7FFFFA6
:10F2A0008FFFFFFFFFFFFCFE67F7FFFFFFFFFFFF82
:10F2B000FFFFFFFFFFFFFFEFFFFFFFF1FFFF1FFF5C
:10F2C000FFFFFFFFFCFCE7F7FFFFFFFFFFFFFFFF74
:10F2D000FFFFFFFFFFEFFFFFFFF8FFFC7FFFFFFFD8
:10F2E000FFFFFC71E7F7FFFFFFFFFFFFFFFFFFFFDF
:10F2F000FFFFFFEFFFFFFFFE07C1FFFFFFFFFFFF65
:10F30000FE03E7F7FFFFFFFFFFFFFFFFFFFFFFFF2A
:10F31000FFEFFFFFFFFF8007FFFFFFFFFFFFFF0F74
:10F32000E7F7FFFFFFFFFFFFFFFFFFFFFFFFFFEF1D
:10F33000FFFFFFFFF87FFFFFFFFFFFFFFFFFFFF76C
:10F34000FFFFFFFFFFFFFFFFFFFFFFFFFFEFFFFFDD
:10F35000FFFFFFFFFFFFFFFFFFFFFFFCFFF7FFFFC8
:10F36000FFFFFFFFFFFFFFFFFFFFFFEFFFFFFFFFBD
:10F37000FFFFFFFFFFFFFFFFFFFCFFF7FFFFFFFFA8
:10F38000FFFFFFFFFFFFFFFFFFEFFFFFFFFFFFFF9D
:10F39000FFFFFFFFFFFFFFFCFFF7FFFFFFFFFFFF88
:10F3A000FFFFFFFFFFFFFFEFFFFFFFFFFFFFFFFF7D
:10F3B000FFFFFFFFFFFCFFF7FFFFFFFFFFFFFFFF68
:10F3C000FFFFFFFFFFEFFFFFFFFFFFFFFFFFFFFF5D
:10F3D000FFFFFFFCFFF7FFFFFFFFFFFFFFFFFFFF48
:10F3E000FFFFFFEFFFFFFFFFFFFFFFFFFFFFFFFF3D
:10F3F000FFFCFFF7FFFFFFFFFFFFFFFFFFFFFFFF28
:10F40000FFEFFFFFFFFFFFFFFFFFFFFFFFFFFFFF1C
:10F41000FFF7FFFFFFFFFFFFFFFFFFFFFFFFFFEF14
:10F42000FFFFFFFFFFFFFFFFFFFFFFFFFFFFFFF7F4
:10F43000FFFFFFFFFFFFFFFFFFF87FFFFFEFFFFF73
:10F44000FFFFFFFFFFFFFFFFFFFFFF803FF7FFFF13
:10F45000FFFFE3FFFFFFFFC07FFFFFEFFFFFFFFFA7
:10F46000FFFFFFFFFFFFFFFFFE000FF7FFFFFFFEA5
:10F4700003FFFFFFFF807FFFFFEFFFFFFFFFFFFFA7
:10F48000FFFFFFFFFFFFFC7FCFF7FFFFFFF803FF4A
:10F49000FFFFFE007FFFFFEFFFFFFFFFFFFFFFFF0C
:10F4A000FFFFFFFFFCFFE7F7FFFFFFF001FFFFFF9C
:10F4B000FC007FFFFFEFFFFFFFFFFFFFFFFFFFFFEE
:10F4C000FFFFFCFFE7F7FFFFFFE001FFFFFFF80092
:10F4D0007FFFFFEFFFFFFFFFFFFFFFFFFFFFFFFFCC
:10F4E000FCFFE7F7FFFFFF8001FFFFFFE0007FFF6A
:10F4F000FFEFFFFFFFFFFFFFFFFFFFFFFFFFFCFF2F
:10F50000E7F7FFFFFF8001FFFFFFC0007FFFFFEF76
:10F51000FFFFFFFFFFFFFFFFFFFFFFFFFE7FC7F7BC
:10F52000FFFFFF001FFFFFFF80007FFFFFEFFFFFD8
:10F53000FFFFFFFFFFFFFFFFFFFFFE000FF7FFFFD3
:10F54000FE007FFFFFFF00007FFFFFEFFFFFFFFFD9
:10F55000FFFFFFFFFFFFFFFFFF803FF7FFFFFE0002
:10F56000FFFFFFFF00407FFFFFEFFC0000000000F7
:10F570000000003FFFFFFFFFFFF7FFFFFC01FFFF61
:10F58000FFFE00C07FFFFFEFFFFFFFFFFFFFFFFF5A
:10F59000FFFFFFFFFFFFFFF7FFFFFC03FFFFFFFC85
:10F5A00001C07FFFFFEFFFFFFFFFFFFFFFFFFFFF38
:10F5B000FFFFFFFE1FF7FFFFFC07FFFFFFF803C081
:10F5C0007FFFFFEFFFFFFFFFFFFFFFFFFFFFFFFFDB
:10F5D000FF0C0FF7FFFFFC07FFFFFFF007C07FFFE7
:10F5E000FFEFFFFFFFFFFFFFFFFFFFFFFFFFFE013A
:10F5F000C7F7FFFFF807FFFFFFE00FC07FFFFFEF38
:10F60000FFFFFFFFFFFFFFFFFFFFFFFFFCF3E7F739
:10F61000FFFFF80FFFFFFFE01FC07FFFFFEFFFFFBF
:10F62000FFFFFFFFFFFFFFFFFFFFFCF3E7F7FFFF19
:10F63000F80FFFFFFFC03FC07FFFFFEFFFFFFFFF9F
:10F64000FFFFFFFFFFFFFFFFFCF3E7F7FFFFF80FF0
:10F65000FFFFFF807FC07FFFFFEFFFFFFFFFFFFF88
:10F66000FFFFFFFDBFFFFCF3E7F7FFFFF80FFFFF12
:10F67000FF007FC07FFFFFEFFFFFFFFFFFFFFFFFE8
:10F68000FFADBFFFFE01C7F7FFFFF80FFFFFFE0052
:10F69000FFC07FFFFFEFFFFFFFFFFFFFFFFFFFAD9B
:10F6A0007FFFFF0C0FF7FFFFF80FFFFFFC01FFC00C
:10F6B0007FFFFFEFFFFFFFFFFFFFFFFFFFB57FFFB4
:10F6C000FFFE1FF7FFFFF80FFFFFF803FFC07FFFEC
:10F6D000FFEFFFFFFFFFFFFFFFFFFFBCFFFFFFFF8D
:10F6E000FFF7FFFFF80FFFFFF007FFC07FFFFFEFFF
:10F6F000FFFFFFFFFFFFFFFFFF981FFFFFFCFFF76C
:10F70000FFFFF807FFFFE00FFFC07FFFFFEFFFFFE6
:10F71000FFFFFFFFFFFFFFA4FFFFFFFCFFF7FFFF5F
:10F72000FC07FFFFC01FFFC07FFFFFEFFFFFFFFFD2
:10F73000FFFFFFFFFFBD7FFFFFFCFFF7FFFFFC03A5
:10F74000FFFF803FFFC07FFFFFEFFFFFFFFFFFFFD7
:10F75000FFFFFF757FFFFFFCFFF7FFFFFC01FFFED0
:10F76000007FFFC07FFFFFEFFFFFFFFFFFFFFFFFF7
:10F77000FF6DBFFFFFFCFFF7FFFFFE00FFFC00FF78
:10F78000FFC07FFFFFEFFFFFFFFFFFFFFFFFFF5DFA
:10F79000BFFFFFFCFFF7FFFFFE007FF001FFFFC090
:10F7A0007FFFFFEFFF803FFFFFFFFFFFFFFDBFFF7A
:10F7B000FFFFFFF7FFFFFF001FC003FFFFC07FFF3A
:10F7C000FFEFFF803FFFFFFFFFFFFFF6DFFFFFFFC1
:10F7D000FFF7FFFFFF00000007FFFFC07FFFFFEF05
:10F7E000FFB77FFFFF801FFFFFEEDFFFFFFFFFF789
:10F7F000FFFFFF8000000FFFFFC07FFFFFEFFFB79D
:10F800007FFFFC0003FFFF80BFFFFFBFFFF7FFFF8D
:10F81000FFC000001FFFFFC07FFFFFEFFFB77FFFAC
:10F82000F00000FFFF2ABFFFFF3FFFF7FFFFFFE0F1
:10F8300000007FFFFFC07FFFFFEFFF8007FFE07F3B
:10F84000E07FFFAABFFFFE7FFFF7FFFFFFF800008A
:10F85000FFFFFFC07FFFFFEFFF8007FFE3FFFC7F9D
:10F86000FFAA7FFFFC0007F7FFFFFFFE0007FFFF77
:10F87000FFC07FFFFFEFFFB77FFFC3FFFC3FFF002D
:10F880001FFFFC0007F7FFFFFFFF803FFFFFFFC0E8
:10F890007FFFFFEFFFB77FFFC7FFFE3FFF2A7FFF1E
:10F8A000FFFFFFF7FFFFFFFFFFFFFFFFFFC07FFF2F
:10F8B000FFEFFF803FFFC7FFFE3FFFAABFFFFFFF35
:10F8C000FFF7FFFFFFFFFFFFFFFFFFFFFFFFFFEF60
:10F8D000FF803FFFC7FFFE3FFFAABFFFFFFFFFF70D
:10F8E000FFFFFFFFFFFFFFFFFFFFFFFFFFEFFFFF38
:10F8F000FFFFC7FFFE3FFFAADFFFFFFFFFF7FFFF8E
:10F90000FFFFFFFFFFFFFFFFFFFFFFEFFFFFFFFF17
:10F91000C3FFFC3FFFBEDFFFFFFFFFF7FFFFFFFF5F
:10F92000FFFFFFFFFFFFFFFFFFEFFFFFFFFFE1FF15
:10F93000FC7FFFFFFFFFFF803FF7FFFFFFFFFFFFA1
:10F94000FFFFFFFFFFFFFFEFFFB007FFE07FE07F5C
:10F95000FFC0FFFFFE000FF7FFFFFFFFFFFFFFFFEE
:10F96000FFFFFFFFFFEFFFB007FFF00000FFFFDD2D
:10F97000FFFFFC7FCFF7FFFFFFFFFFFFFFFFFFFF52
:10F98000FFFFFFEFFF80AFFFFC0003FFFFDDFFFF86
:10F99000FCFFE7F7FFFFFFFFFFFFFFFFFFFFFFFF9A
:10F9A000FFEFFF80AFFFFF801FFFFFDDFFFFFCFFCA
:10F9B000E7F7FFFFFFFFFFFFFFFFFFFFFFFFFFEF87
:10F9C000FF8007FFFFFFFFFFFF001FFFFCFFE7F7C0
:10F9D000FFFFFFFFFFFFFFFFFFFFFFFFFFEFFF90B6
:10F9E00007FFFFFFFFFFFFDDFFFFFCFFE7F7FFFF64
:10F9F000FFFFFFFFFFFFFFFFFFFFFFEFFFDCB7FF92
:10FA0000FF801FFFFFDDFFFFFE7FC7F7FFFFFFFF48
:10FA1000FFFFFFFFFFFFFFFFFFEFFF88B7FFFC00C7
:10FA200003FFFFDDFFFFFE000FF7FFFFFFFFF80FF3
:10FA3000FFFFFFC07FFFFFEFFF8207FFF00000FF27
:10FA4000FFDDFFFFFF803FF7FFFFFFFFF80FFFFF26
:10FA5000FFC07FFFFFEFFFD007FFE07FE07FFFC029
:10FA6000FFFFFFFFFFF7FFFFFFFFF80FFFFFFFC0E4
:10FA70007FFFFFEFFF88B7FFE3FFFC7FFFFFFFFF84
:10FA8000FFFFFFF7FFFFFFFFF80FFFFFFFC07FFF44
:10FA9000FFEFFF8CB7FFC3FFFC3FFFFFFFFFFFFF40
:10FAA000FFF7FFFFFFFFF80FFFFFFFC07FFFFFEF34
:10FAB000FFDEB7FFC7FFFE3FFFFFFFFFFFFFFFF7C0
:10FAC000FFFFFFFFF80FFFFFFFC07FFFFFEFFFFF0C
:10FAD000FFFFC7FFFE3FFFFFFFFFFFFFFFF7FFFF37
:10FAE000FFFFF80FFFFFFFC07FFFFFEFFFFFFFFFEC
:10FAF000C7FFFE3FFFFFFFFFFFFFFFF7FFFFFFFF17
:10FB0000FFFFFFFFFFFFFFFFFFEFFFFFFFFFC7FF4D
:10FB1000FE3FFFFFFFFFFFFFFFF7FFFFFFFFFFFFBE
:10FB2000FFFFFFFFFFFFFFEFFFFFFFFFC3FFFC3FF4
:10FB3000FFFFFFFFFFFFFFF7FFFFFFFFFFFFFFFFDD
:10FB4000FFFFFFFFFFEFFFFFFFFFE1FFFC7FFFFF76
:10FB5000FFFFFFFFFFF7FFFFFFFFFFFFFFFFFFFFBD
:10FB6000FFFFFFEFFFFFFFFFE07FE07FFFFFFFFFF3
:10FB7000FFFFFFF7FFFFFFFFFFFFFFFFFFFFFFFF9D
:10FB8000FFEFFFF81FFFF00000FFFFFFFFFFFFFF89
:10FB9000FFF7FFFFFFFFFFFFFFFFFFFFFFFFFFEF8D
:10FBA000FFF80FFFFC0003FFFE001FFFFFFFFFF742
:10FBB000FFFFFFFFFFFFFFFFFFFFFFFFFFEFFFFF65
:10FBC000EFFFFF801FFFFE001FFFFFFFFFF7FFFF9C
:10FBD000FFFFFFFFFFFFFFFFFFFFFFEFFFFFEFFF55
:10FBE000FFFFFFFFFE001FFFFFFFFFF7FFFFFFFF0D
:10FBF000FFFFFFFFFFFFFFFFFFEFFFFFCFFFFFFF55
:10FC00000FFFFE001FFFFFFFFFF7FFFFFFFFFFFFDC
:10FC1000FFFFFFFFFFFFFFEFFFF80FFFFFFE0FFFEC
:10FC2000FE001FFFFFFFFFF7FFFFFFFFFFFFFFFFCC
:10FC3000FFFFFFFFFFEFFFF80FFFFFFC0FFFFE00CE
:10FC40001FFFFFFFFFF7FFFFFFFFFFFFFFFFFFFFAC
:10FC5000FFFFFFEFFFFFFFFFFFF88FFFFE001FFF1B
:10FC6000FFFFFFF7FFFFFFFFFFFFFFFFFFFFFFFFAC
:10FC7000FFEFFFFFFFFFFFE18FFFFE001FFFFFFF12
:10FC8000FFF7FFFFFFFFFFC00007FFFFFFFFFFEFD2
:10FC9000FFFC1FFFFFC38FFFFE001FFFFFFFFFF7EB
:10FCA000FFFFFFFFF00000003FFFFFFFFFEFFFF847
:10FCB0000BFFFF878FFFFE001FFFFFFFFFF7FFFF18
:10FCC000FFFF8000000003FFFFFFFFEFFFF9C9FF08
:10FCD000FF1F8FFFFE001FFFFFFFFFF7FFFFFFFE6D
:10FCE0000000000000FFFFFFFFEFFFFBEDFFFC3F08
:10FCF0008FFFFE001FFFFFFFFFF7FFFFFFF8000071
:10FD00000000003FFFFFFFEFFFF9C9FFF87F8FFF03
:10FD1000FE001FFFFFFFFFF7FFFFFFE000000000F6
:10FD2000000FFFFFFFEFFFF801FFF0FF8FFFFE0066
:10FD30001FFFFFFFFFF7FFFFFFC0000000000007ED
:10FD4000FFFFFFEFFFF803FFE000003FFE001FFF93
:10FD5000FFFFFFF7FFFFFF80003FFFF80003FFFFFB
:10FD6000FFEFFFFFFFFFC000003FFE001FFFFFFF90
:10FD7000FFF7FFFFFF0007FFFFFFC001FFFFFFEFDF
:10FD8000FFFFFBFFC000003FFE001FFFFFFFFFF76C
:10FD9000FFFFFF003FFFFFFFF800FFFFFFEFFFFF48
:10FDA000C3FFFFFF8FFFFE001FFFFFFFFFF7FFFFF7
:10FDB000FE00FFFFFFFFFE00FFFFFFEFFFFF07FF5B
:10FDC000FFFF8FFFFE001FFFFFFFFFF7FFFFFC019C
:10FDD000FFFFFFFFFF007FFFFFEFFFFC3FFFFFFF85
:10FDE0008FFFFE001FFFFFFFFFF7FFFFFC03FFFF7A
:10FDF000FFFFFF807FFFFFEFFFE0FFFFFFFFFFFF41
:10FE0000FE001FFFFFFFFFF7FFFFFC07FFFFFFFFE5
:10FE1000FF807FFFFFEFFFC3FFFFFFFFFFFFFE003D
:10FE20001FFFFFFFFFF7FFFFF807FFFFFFFFFFC008
:10FE30003FFFFFEFFFDFFFFFFFFF07FFFE001FFF9A
:10FE4000FFFFFFF7FFFFF807FFFFFFFFFFC03FFFC8
:10FE5000FFEFFFFFFFFFF83C01FFFE001FFFFFFF6A
:10FE6000FFF7FFFFF80FFFFFFFFFFFE03FFFFFEF90
:10FE7000FFF80FFFF01800FFFE001FFFFFFFFFF766
:10FE8000FFFFF80FFFFFFFFFFFE03FFFFFEFFFF86F
:10FE90000FFFE008F87FFE001FFFFFFFFFF7FFFFE7
:10FEA000F80FFFFFFFFFFFE03FFFFFEFFFF9FFFF4E
:10FEB000E3C1FC7FFE001FFFFFFFFFF7FFFFF80F0E
:10FEC000FFFFFFFFFFE03FFFFFEFFFFBFFFFC7E389
:10FED000FE3FFE001FFFFFFFFFF7FFFFF80FFFFFD2
:10FEE000FFFFFFE03FFFFFEFFFF80FFFC7E3FE3F1D
:10FEF000FE001FFFFFFFFFF7FFFFF80FFFFFFFFFF1
:10FF0000FFE03FFFFFEFFFFC0FFFC7E3FE3FFE00F8
:10FF10001FFFFFFFFFF7FFFFF807FFFFFFFFFFC017
:10FF20003FFFFFEFFFF9FFFFC7E3FE3FFE001FFFAC
:10FF3000FFFFFFF7FFFFF807FFFFFFFFFFC03FFFD7
:10FF4000FFEFFFFBFFFFC7E3FE3FFE001FFFFFFFCA
:10FF5000FFF7FFFFFC03FFFFFFFFFF807FFFFFEFC7
:10FF6000FFFBFFFFC7E3FE3FFE001FFFFFFFFFF7A2
:10FF7000FFFFFC03FFFFFFFFFF807FFFFFEFFFF8A6
:10FF80000FFFE3C1FC7FFE001FFFFFFFFFF7FFFF36
:10FF9000FC01FFFFFFFFFF007FFFFFEFFFFC0FFFF4
:10FFA000E008F87FFE001FFFFFFFFFF7FFFFFE00E6
:10FFB000FFFFFFFFFE00FFFFFFEFFFFFFFFFF01857
:10FFC00000FFFE001FFFFFFFFFF7FFFFFF003FFFE7
:10FFD000FFFFF801FFFFFFEFFFFFFFFFFC3C01FF0A
:10FFE000FE001FFFFFFFFFF7FFFFFF0007FFFFFF00
:10FFF000C001FFFFFFEFFF7BFFFFFFFF07FFFE00DA
:020000040801F1
:100000001FFFFFFFFFF7FFFFFF80003FFFF8000328
:10001000FFFFFFEFFF5BFFFFFFFFFFFFFE001FFF84
:10002000FFFFFFF7FFFFFFC0000000000007FFFF1A
:10003000FFEFFF03FFFFFFFFFFFFFE001FFFFFFFBC
:10004000FFF7FFFFFFE000000000000FFFFFFFEFE2
:10005000FF23FFFFFFFFFFFFFE001FFFFFFFFFF774
:10006000FFFFFFF800000000003FFFFFFFEFFFFF72
:10007000FFFFFFFFFFFFFE001FFFFFFFFFF7FFFF78
:10008000FFFE0000000000FFFFFFFFEFFFFFFFFF8C
:10009000FFFFFFFFFEFFDFFFFFFFFFF7FFFFFFFF99
:1000A0008000000003FFFFFFFFEFFFFFFFFFFFFFE8
:1000B000FFFFFEFFDFFFFFFFFFF7FFFFFFFFF8007F
:1000C00000001FFFFFFFFFEFFFFFFFFFFFFFFFFF2E
:1000D000FEFFDFFFFFFFFFF7FFFFFFFFFFC000078F
:1000E000FFFFFFFFFFEFFFFFFFFFFFFFFFFFFEFF31
:1000F000DFFFFFFFFFF7FFFFFFFFFFFFFFFFFFFF38
:10010000FFFFFFEFFFFFFFFFFFFFFFFFFEFFDFFF30
:10011000FFFFFFF7FFFFFFFFFFFFFFFFFFFFFFFFF7
:10012000FFEFFFFFFFFFFFFFFFFFFEFFDFFFFFFF10
:10013000FFF7FFFFFFFFFFFFFFFFFFFFFFFFFFEFE7
:10014000FFFFFFFFFFFFFFFFFEFFDFFFFFFFFFF7E8
:10015000FFFFFFFFFFFFFFFFFFFFFFFFFFEFFFFFBF
:10016000FFFFFFFFFFFFFEFFDFFFFFFFFFF7FFFFC8
:10017000FFFFFFFFFFFFFFFFFFFFFFEFFFFFFFFF9F
:10018000FFFFFFFFFEFFDFFFFFFFFFF7FFFFFFFFA8
:10019000FFFFFFFFFFFFFFFFFFEFFFFFFFFFFFFF7F
:1001A000FFFFFEFFDFFFFFFFFFF7FFFFFFFFFFFF88
:1001B000FFFFFFFFFFFFFFEFFFFFFFFFFFFFFFFF5F
:1001C000FEFFDFFFFFFFFFF7FFFFFFFFFFFFFFFF68
:1001D000FFFFFFFFFFEFFFFFFFFFFFFFFFFFFEFF40
:1001E000DFFFFFFFFFF7FFFFFFFFFFFFFFFFFFFF47
:1001F000FFFFFFEFFFFFFFFFFFFFFFFFFEFFDFFF40
:10020000FFFFFFF7FFFFFFFFFFFFFFFFFFFFFFFF06
:10021000FFEFFFFFFFFFFFFFFFFFFEFFDFFFFFFF1F
:10022000FFF7FFFFFFFFFFFFFFFFFFFFFFFFFFEFF6
:10023000FFFFFFFFFFFFFFFFFEFFDFFFFFFFFFF7F7
:10024000FFFFFFFFFFFFFFFFFFFFFFFFFFEFFFFFCE
:10025000FFFFFFFFFFFFFEFFDFFFFFFFFFF7FFFFD7
:10026000FFFFFFFFFFFFFFFFFFFFFFEFFFFFFFFFAE
:10027000FFFFFFFFFEFFDFFFFFFFFFF7FFFFFFFFB7
:10028000F80FFFFFFFFFFFFFFFEFFFFFFFFFFFFF85
:10029000FFFFFEFFDFFFFFFFFFF7FFFFFFFFF00F96
:1002A000FFFFFFFFFFFFFFEFFFFFFFFFFFFFFFFF6E
:1002B000FEFFDFFFFFFFFFF7FFFFFFFFF01FFFFF66
:1002C000FFFFFFFFFFEFFFFFFFFFFFFFFFFFFEFF4F
:1002D000DFFFFFFFFFF7FFFFFFFFE01FFFFFFFFF55
:1002E000FFFFFFEFFFFFFFFFFFFFFFFFFEFFDFFF4F
:1002F000FFFFFFF7FFFFFFFFE03FFFFFFFFFFFFFF5
:10030000FFEFFFFFFFFFFFFFFFFFFEFFDFFFFFFF2E
:10031000FFF7FFFFFFFFC03FFFFFFFFFFFFFFFEF04
:10032000FFFFFFFFFFFFFFFFFEFFDFFFFFFFFFF706
:10033000FFFFFFFF807FFFFFFFFFFFFFFFEFFFFFDC
:10034000FFFFFFFFFFFFFEFFDFFFFFFFFFF7FFFFE6
:10035000FFFF807FFFFFFFFFFFFFFFEFFFFFFFFFBC
:10036000FFFFFFFFFEFFDFFFFFFFFFF7FFFFFFFFC6
:1003700000FFFFFFFFFFFFFFFFEFFFFFFFFFFFFF9C
:10038000FFFFFEFFDFFFFFFFFFF7FFFFFFFE01FFA5
:10039000FFFFFFFFFFFFFFEFFFFFFFFFFFFFFFFF7D
:1003A000FEFFDFFFFFFFFFF7FFFFFFFC01FFFFFF87
:1003B000FFFFFFFFFFEFFFFFFFFFFFFFFFFFFEFF5E
:1003C000DFFFFFFFFFF7FFFFFFF803FFFFFFFFFF68
:1003D000FFFFFFEFFFFFFFFFFFFFFFFFFEFFDFFF5E
:1003E000FFFFFFF7FFFFFFF007FFFFFFFFFFFFFF2C
:1003F000FFEFFFDFFFFFFFFFFFFFFEFFDFFFFFFF5E
:10040000FFF7FFFFFFE007FFFFFFFFFFFFFFFFEF2B
:10041000FFDFFFFFFFFFFFFFFEFFDFFFFFFFFFF735
:10042000FFFFFFC00FFFFFFFFFFFFFFFFFEFFFDF3B
:10043000FFFFFFFFFFFFFEFFDFFFFFFFFFF7FFFFF5
:10044000FF800000000000003FFFFFEFFFC00FFF34
:10045000FFFFFFFFFEFFDFFFFFFFFFF7FFFFFF00D4
:100460000000000000003FFFFFEFFFC00FFFFFFF95
:10047000FFFFFEFFDFFFFFFFFFF7FFFFFC000000B5
:10048000000000003FFFFFEFFFDFFFFFFF801FFFC7
:10049000FEFFDFFFFFFFFFF7FFFFFC000000000093
:1004A00000003FFFFFEFFFDFFFFFFC0003FFFEFF49
:1004B000DFFFFFFFFFF7FFFFFC0000000000000070
:1004C0003FFFFFEFFFDFFFFFF00000FFFEFFDFFF5A
:1004D000FFFFFFF7FFFFFC000000000000003FFFF0
:1004E000FFEFFFDFFFFFE07FE07FFEFFDFFFFFFFAB
:1004F000FFF7FFFFFC000000000000003FFFFFEFE0
:10050000FFC3FFFFE3FFFC7FFEFFDFFFFFFFFFF7FF
:10051000FFFFFFFFFFFFFFFFFFFFFFFFFFEFFFE01A
:10052000FFFFC3FFFC3FFEFFDFFFFFFFFFF7FFFF03
:10053000FFFFFFFFFFFFFFFFFFFFFFEFFFFC1FFFBE
:10054000C7FFFE3FFEFFDFFFFFFFFFF7FFFFFFFFDD
:10055000FFFFFFFFFFFFFFFFFFEFFFFF0FFFC7FFE3
:10056000FE3FFEFFDFFFFFFFFFF7FFFFFFFFFFFF85
:10057000FFFFFFFFFFFFFFEFFFFF0FFFC7FFFE3F84
:10058000FEFFDFFFFFFFFFF7FFFFFFFFFFFFFFFFA4
:10059000FFFFFFFFFFEFFFFC1FFFC7FFFE3FFE0057
:1005A0001FFFFFFFFFF7FFFFFFFFFFFFFFFFFFFF43
:1005B000FFFFFFEFFFE0FFFFC3FFFC3FFFFFFFFF79
:1005C000FFFFFFF7FFFFFFFFFFFFFFFFFFFFFFFF43
:1005D000FFEFFFC3FFFFE1FFFC7FFFFFFFFFFFFF18
:1005E000FFF7FFFFFFFFFFFFFFFFFFFFFFFFFFEF33
:1005F000FFDFFFFFE07FE07FFFFFFFFFFFFFFFF771
:10060000FFFFFFFFFFFFFFFFFFFFFFFFFFEFFFFF0A
:10061000FFFFF00000FFFFFFFFFFFFFFFFF7FFFFFF
:10062000FFFFFFFFFFFFFFFFFFFFFFEFFFF83FFFB1
:10063000FC0003FFFFFFFFFFFFFFFFF7FFFFFFFFD0
:10064000FFFFFFFFFFFFFFFFFFEFFFE01FFFFF8048
:100650001FFFFFFFFFFFFFFFFFF7FFFFFFFFFFFF92
:10066000FFFFFFFFFFFFFFEFFFC78FFFFFFFFFFF52
:10067000FFFFFFFFFFFFFFF7FFFFFFFFFFFFFFFF92
:10068000FFFFFFFFFFEFFFCFCFFFFFFFFFFFFFFFEA
:10069000FFFFFFFFFFF7FFFFFFFFFFFFFFFFFFFF72
:1006A000FFFFFFEFFFDFEFFFFF801FFFFFFFFFFFF9
:1006B000FFFFFFF7FFFFFFFFFFFFFFFFFFFFFFFF52
:1006C000FFEFFFDFEFFFFC0003FFFFFFFFFFFFFF78
:1006D000FFF7FFFFFFFFFFFFFFFFFFFFFFFFFFEF42
:1006E000FFCFCFFFF00000FFFFFFFFFFFFFFFFF78F
:1006F000FFFFFFFFFFFFFFFFFFFFFFFFFFEFFFC752
:100700008FFFE07FE07FFFFFFFFFFFFFFFF7FFFFAF
:10071000FFFFFFFFFFFFFFFFFFFFFFEFFFE01FFFF8
:10072000E3FFFC7FFFFFFFFFFFFFFFF7FFFFFFFF80
:10073000FFFFFFFFFFFFFFFFFFEFFFF07FFFC3FFA4
:10074000FC3FFFFFFFFFFFFFFFF7FFFFFFFFFFFF84
:10075000FFFFFFFFFFFFFFEFFFFFFFFFC7FFFE3FB2
:10076000FFFFFFFFFFFFFFF7FFFFFFFFFFFFFFFFA1
:10077000FFFFFFFFFFEFFFFFFFFFC7FFFE3FFFFF92
:10078000FFFFFFFFFFF7FFFFFFFFFFFFFFFFFFFF81
:10079000FFFFFFEFFFF83FFFC7FFFE3FFFFFFFFF39
:1007A000FFFFFFF7FFFFFFFFFFFFFFFFFFFFFFFF61
:1007B000FFEFFFE01FFFC7FFFE3FFFFFFFFFFFFF51
:1007C000FFF7FFFFFFFFFFFFFFFFFFFFFFFFFFEF51
:1007D000FFE78FFFC3FFFC3FFFFFFFFFFFFFFFF7B8
:1007E000FFFFFFFFFFFFFFFFFFFFFFFFFFEFFFCF59
:1007F000CFFFE1FFFC7FFFFBDFFFFFFFFFF7FFFF06
:10080000FFFFFFFFFFFFFFFFFFFFFFEFFFDFEFFF38
:10081000E07FE07FFFF81FFFFFFFFFF7FFFFFFFF15
:10082000FFFFFFFFFFFFFFFFFFEFFFDFEFFFF00026
:1008300000FFFF82DFFFFFFFFFF7FFFFFFFFFFFF6C
:10084000FFFFFFFFFFFFFFEFFFCFCFFFFC0003FF26
:10085000FFAABFFFFFFFFFF7FFFFFFFFFFFFFFFF45
:10086000FFFFFFFFFFEFFFEFDFFFFF801FFFFFAA8C
:10087000BFFFFFFFFFF7FFFFFFFFFFFFFFFFFFFFD0
:10088000FFFFFFEFFFFFFFFFFFFFFFFFFFA80FFFCF
:10089000FFFFFFF7FFFFFFFFFFFFFFFFFFFFFFFF70
:1008A000FFEFFFFFFFFFFFFFFFFFFFAAAFFFFFFF0D
:1008B000FFF7FFFFFFFFFFFFFFFFFFFFFFFFFFEF60
:1008C000FFFFFFFFC7FFFFFFFFAA2FFFFFFFFFF79D
:1008D000FFFFFFFFE0FFFFFFFFFFFFFFFFEFFFFF57
:1008E000FFFFC7FFFFFFFFAA9FFFFFFFFFF7FFFF0D
:1008F000FFFF9F7FFFFFFFFFFF07FFEFFFFFFFFFF0
:10090000C7FFFFFFFF829FFFFFFFFFF7FFFFFFFF14
:100910007FBFFFFFFFFFF803FFEFFFFFFFFFC7FFF2
:10092000FFFFFFFA6FFFFFFFFFF7FFFFFFFEFFDF95
:10093000FFFFFFFFE0F1FFEFFFFFFFFFC7FFFC3FFF
:10094000FFFBEFFFFFFFFFF7FFF00001FFEFFFFFEF
:10095000FFFF83F8FFEFFFF81FFFC7FFC03FFFDA7D
:10096000BFFFFFFFFFF7FFEFB377FFEFFFFFFFFED4
:100970000FFC7FEFFFF80FFFC7FE003FFFCA6FFFBE
:10098000FFFFFFF7FFEFBFFFFFEFFFFFFFFC3FFEA3
:100990007FEFFFFFEFFFC7F803FFFF92EFFFFFFFBF
:1009A000FFF7FFEFBFFFFF6FFFFFFFF0FFFE7FEFDF
:1009B000FFFFEFFFC7E03FFFFF900FFFFFFFFFF7D5
:1009C000FFEFFFFFFE6FFFFFFFF0FFFE7FEFFFFF78
:1009D000CFFFC7C1FFFFFFCA7FFFFFFFFFF7FFF792
:1009E000FFFFFCEFFFFFFFFC3FFE7FEFFFF80FFF75
:1009F000C707FFFFFFFA8FFFFFFFFFF7FFF80000B9
:100A0000F9EFFFFFFFFE0FFC7FEFFFF80FFFC61FA0
:100A1000FFFFFFC03FFFFFFFFFF7FFFFFFFF7FDF8D
:100A2000FFFFFFFF83F8FFEFFFFFFFFFC47FFFFF24
:100A3000FFDBFFFFFFFFFFF7FFFFFFFFBFBFFFFF72
:100A4000FFFFE0F1FFEFFFFFFFFFC0FFFFFFFFDB56
:100A5000FFFFFFFFFFF7FFFFFFFFC07FFFFFFFFF6D
:100A6000F803FFEFFFFC1FFFC3FFFFFFFFB80FFFFF
:100A7000FFFFFFF7FFFFFFFFFFFFFFFFFFFFFF0786
:100A8000FFEFFFF80BFFC7FFFFFFFFBBFFFFFFFFFD
:100A9000FFF7FFFFFFFFFFFFFFFFFFFFFFFFFFEF7E
:100AA000FFF9C9FFFFFFFFFFFFFBFFFFFFFFFFF79E
:100AB000FFFFFFFFFFFFFFFFFFFFFFFFFFEFFFFB5A
:100AC000EDFFFFFFFFFFFFFEDFFFFFFFFFF7FFFF71
:100AD000FFFFFFFFFFFFFFFFFFFFFFEFFFF9C9FF72
:100AE000FF801FFFFFD6DFFFFFFFFFF7FFFFFFFFC6
:100AF000FFFFFFFFFFFFFFFFFFEFFFF801FFFC001D
:100B000003FFFFD6BFFFFFFFFFF7FFFFFFFFFFFF62
:100B1000FFFFFFFFFFFFFFEFFFF803FFF80000FFFD
:100B2000FFDABFFFFFFFFFF7FFFFFFFFFFFFFFFF42
:100B3000FFFFFFFFFFEFFFFFFFFFF070F0FFFFDEA3
:100B40007FFFFFFFFFF7FFFFFFFFFFFFFFFFFFFF3D
:100B5000FFFFFFEFFFFFFBFFE1E3FC7FFFCC0FFF99
:100B6000FFFFFFF7FFFFFFFFFFFFFFFFFFFFFFFF9D
:100B7000FFEFFFFFC3FFE3E3FC3FFFD27FFFFFFF79
:100B8000FFF7FFFFFFFFFFFFFFFFFFFFFFFFFFEF8D
:100B9000FFFF07FFC7C7FE3FFFDEBFFFFFFFFFF7F7
:100BA000FFFFFFFFFFFFFFFFFFFFFFFFFFEFFFFC68
:100BB0003FFFC7C7FE3FFFBABFFFFFFFFFF7FFFFC3
:100BC000FFFFFFFFFFFFFFFFFFFFFFEFFFE0FFFF64
:100BD000C7C7FE3FFFB6DFFFFFFFFFF7FFFFF3FFD3
:100BE000FE7FFFFFFFFFFFFFFFEFFFC3FFFFC7C752
:100BF000FE3FFFAEDFFFFFFFFFF7FFFF83FFF87F42
:100C0000FFFFFFFFF0FFFFEFFFDFFFFFC7C7FE3F64
:100C1000FFFEDFFFFFFFFFF7FFFF03FFF07FFFFF98
:100C2000FFFFE0FFFFEFFFFFFFFFC3C3FC7FFFFB02
:100C30006FFFFFFFFFF7FFFE0FFFE07FFFFFFFFFEC
:100C400080FFFFEFFFF80FFFE1E1F87FFFF76FFF95
:100C5000FFFFFFF7FFFE3FFFC47FFFFFFFFF00FF27
:100C6000FFEFFFF80FFFE0F000FFFFC05FFFFFFFA7
:100C7000FFF7FFFE3FFF847FFFFFFFFE08FFFFEF50
:100C8000FFF9FFFFF0F801FFFF955FFFFFFFFFF7A0
:100C9000FFFC7FFF0C7FFFFFFFF838FFFFEFFFFB3C
:100CA000FFFFFCFE07FFFFD55FFFFFFFFFF7FFFC25
:100CB0007FFF1C7FFFFFFFF078FFFFEFFFF80FFFC4
:100CC000FFFFFFFFFFD53FFFFFFFFFF7FFFC7FFEAA
:100CD0003C7FFFFFFFC1F8FFFFEFFFFC0FFFFFFFAF
:100CE000FFFFFF800FFFFFFFFFF7FFFC7FFC7C7F14
:100CF000FFFFFF83F8FFFFEFFFF9FFFFFFFFFFFF9D
:100D0000FF953FFFFFFFFFF7FFFC7FF87C7FFFFFB2
:100D1000FF0FF8FFFFEFFFFBFFFFFFFFFFFFFFD518
:100D20005FFFFFFFFFF7FFFC7FF0FC7FFFFFFC1F73
:100D3000F8FFFFEFFFFBFFFFFFFFFFFFFFD55FFFA8
:100D4000FFFFFFF7FFFC3FE1FC7FFFFFF83FF8FFED
:100D5000FFEFFFF80FFFFFFFFFFFFFD56FFFFFFF64
:100D6000FFF7FFFE3FC3FC7FFFFFF0000001FFEF36
:100D7000FFFC0FFFFFFFFFFFFFDF6FFFFFFFFFF72E
:100D8000FFFE0F07FC7FFFFFF0000001FFEFFFFFFA
:100D9000FFFFFFFFFFFFFFFFFFFFFFFFFFF7FFFF6B
:100DA000000FFC7FFFFFF0000001FFEFFF7BFFFF64
:100DB000FFFFFFFFFFC01FFFFFFFFFF7FFFF803FA9
:100DC000FC7FFFFFFFFFF8FFFFEFFF5BFFFFFFFF71
:100DD000FFFFFFDBBFFFFFFFFFF7FFFFE0FFFC7F31
:100DE000FFFFFFFFF8FFFFEFFF03FFFFFFFFFFFF26
:100DF000FFDBBFFFFFFFFFF7FFFFFFFFFFFFFFFF6F
:100E0000FFFFF8FFFFEFFF23FFFFFFFFFFFFFFC024
:100E10001FFFFFFFFFF7FFFFFFFFFFFFFFFFFFFFCA
:100E2000FFFFFFEFFFFFFFFFFFFFFFFFFFEFFFFFF2
:100E3000FFFFFFF7FFFFFFFFFFFFFFFFFFFFFFFFCA
:100E4000FFEFFFFFFFFFFFFFFFFFFFEBFFFFFFFFD6
:100E5000FFF7FFFFFFFFFFFFFFFFFFFFFFFFFFEFBA
:100E6000FFFFFFFFFFFFFFFFFFECEFFFFFFFFFF7BD
:100E7000FFFFFFFFFFFFFFFFFFFFFFFFFFEFFFFF92
:100E8000FFFFFFFFFFFFFFEFEFFFFFFFFFF7FFFF9A
:100E9000F3FFFE7FFFFFFFFFFFFFFFEFFFFFFFFFFF
:100EA000FFFFFFFFFF800FFFFFFFFFF7FFFF83FF45
:100EB000F87FFFFFFFFFF0FFFFEFFFFFFFFFFFFFE8
:100EC000FFFFFFEFFFFFFFFFFFF7FFFF03FFF07FD5
:100ED000FFFFFFFFE0FFFFEFFFFFFFFFFFFFFFFF51
:100EE000FFEFFFFFFFFFFFF7FFFE0FFFE07FFFFFBA
:100EF000FFFF80FFFFEFFFFFFFFFFFFFFFFFFFFF91
:100F0000FFFFFFFFFFF7FFFE3FFFC47FFFFFFFFF75
:100F100000FFFFEFFFFFFFFFFFFFFFFFFFE00FFFFF
:100F2000FFFFFFF7FFFE3FFF847FFFFFFFFE08FF8D
:100F3000FFEFFFFFFFFFFFFFFFFFFFBFFFFFFFFF11
:100F4000FFF7FFFC7FFF0C7FFFFFFFF838FFFFEF8D
:100F5000FFFFFFFFFFFFFFFFFFDFFFFFFFFFFFF7C9
:100F6000FFFC7FFF1C7FFFFFFFF078FFFFEFFFFF1D
:100F7000FFFFFFFFFFFFFFE01FFFFFFFFFF7FFFC8B
:100F80007FFE3C7FFFFFFFC1F8FFFFEFFFFFFFFF8A
:100F9000FFFFFFFFFFADBFFFFFFFFFF7FFFC7FFC81
:100FA0007C7FFFFFFF83F8FFFFEFFFFFFFFFFFFFE7
:100FB000FFFFFFADBFFFFFFFFFF7FFFC7FF87C7F68
:100FC000FFFFFF0FF8FFFFEFFFFFFFFFFFFFFFFF38
:100FD000FFA02FFFFFFFFFF7FFFC7FF0FC7FFFFF6D
:100FE000FC1FF8FFFFEFFFFFFFFFFFFFFFFFFFBF4B
:100FF000EFFFFFFFFFF7FFFC3FE1FC7FFFFFF83F44
:10100000F8FFFFEFFFFFFFFFFFFFFFFFFFBFEFFF57
:10101000FFFFFFF7FFFE3FC3FC7FFFFFF000000173
:10102000FFEFFFFFFFFFFFFFFFFFFF800FFFFFFF4F
:10103000FFF7FFFE0F07FC7FFFFFF0000001FFEF4F
:10104000FFFFFFFFFFFFFFFFFFFFFFFFFFFFFFF7B8
:10105000FFFF000FFC7FFFFFF0000001FFEFFFFF2D
:10106000FFFFFFFFFFFFFFFFFFFFFFFFFFF7FFFF98
:10107000803FFC7FFFFFFFFFF8FFFFEFFFFFFFFF59
:10108000FFFFFFFFFFFFFFFFFFFFFFF7FFFFE0FF97
:10109000FC7FFFFFFFFFF8FFFFEFFFFFFFFFFFFFFA
:1010A000FFFFFFFFFFFFFFFFFFF7FFFFFFFFFFFF58
:1010B000FFFFFFFFF8FFFFEFFFFFFFFFFFFFFFFF57
:1010C000FFFFFFFFFFFFFFF7FFFFFFFFFFFFFFFF38
:1010D000FFFFFFFFFFEFFFFFFFFFFFFFFFFFFFFF30
:1010E000FFFFFFFFFFF7FFFFFFFFFFFFFFFFFFFF18
:1010F000FFFFFFEFFFFFFFFFFFFFFFFFFFF99FFF76
:10110000FFFFFFF7FFFFFFFFFC7FFFFFFFFFFFFF7A
:10111000FFEFFFFFFFFFFFFFFFFFFFF99FFFFFFF55
:10112000FFF7FFFFFFFFFC7FFFFFFFFFFFF1FFEF78
:10113000FFFFFFFFFFFFFFFFFFFFFFFFFFFFFFF7C7
:10114000FFFFFFFFFC7FFFFFFFFFFFF1FFEFFFFF50
:10115000FFFFFFFFFFFFFFFFFFFFFFFFFFF7FFFFA7
:10116000FFFFFFFFFFFFFFFFFFF1FFEFFFFFFFFFAD
:10117000FFFFFFFFFFFFFFFFFFFFFFF7FFFFFFFF87
:10118000FFFFFFFFFFFFFFFFFFEFFFFFFFFFFFFF7F
:10119000FFFFFFEFEFFFFFFFFFF7FFFFFFFFFFFF87
:1011A000FFFFFFFFFFFFFFEFFFFFFFFFFFFFFFFF5F
:1011B000FFDFCFFFFFFFFFF7FFFFFFFFFFFFFFFF97
:1011C000FFFFFFFFFFEFFFFFFFFFFFFFFFFFFFDF5F
:1011D000AFFFFFFFFFF7FFFFFFFFFFFFFFFFFFFF77
:1011E000FFFFFFEFFFFFFFFFFFFFFFFFFFDE6FFFD0
:1011F000FFFFFFF7FFFFFFFC3FFFFFFFFFFFFFFFCA
:10120000FFEFFFFFFFFFFFFFFFFFFFE1EFFFFFFF2C
:10121000FFF7FFFFFFF83FFFFFFFFFFFFFFFFFEFBD
:10122000FFFFFFFFFFFFFFFFFFFFFFFFFFFFFFF7D6
:10123000FFFFFFE03FFFFFFFFFFFFFFFFFEFFFFFAD
:10124000FFFFFF801FFFFFFFFFFFFFFFFFF7FFFF15
:10125000FFC03FFFFFFFFFFFFFC7FFEFFFFFFFFFE5
:10126000FC0003FFFFF03FFFFFFFFFF7FFFFFF82E0
:101270003FFFFFFFF8FFFFE3FFEFFFFFFFFFF0007F
:1012800000FFFFEFDFFFFFFFFFF7FFFFFE0E3FFF57
:10129000FFFFF1FFFFE3FFEFFFFFFFFFE07FE07FD6
:1012A000FFDFEFFFFFFFFFF7FFFFFC1E3FFFFFFF2A
:1012B000F1FE3FF1FFEFFFFFFFFFE3FFFC7FFFEFDA
:1012C000DFFFFFFFFFF7FFFFF07E3FFFFFFFE3FEC3
:1012D0003FF1FFEFFFFFFFFFC3FFFC3FFFF03FFFCA
:1012E000FFFFFFF7FFFFE0FE3FFFFFFFE3FE3FF1E1
:1012F000FFEFFFFFFFFFC7FFFE3FFFFFFFFFFFFF07
:10130000FFF7FFFFC3FE3FFFFFFFE3FE3FF1FFEFED
:10131000FFF83FFFC7FFFE3FFFEFEFFFFFFFFFF7C5
:10132000FFFF07FE3FFFFFFFE3FE3FF1FFEFFFE0A0
:101330001FFFC7FFFE3FFFDFCFFFFFFFFFF7FFFEEF
:101340000FFE3FFFFFFFE3FE3FF1FFEFFFE78FFFE1
:10135000C7FFFE3FFFDFAFFFFFFF07F7FFFC000007
:10136000007FFFFFE3FC1FF1FFEFFFCFCFFFC3FFC5
:10137000FC3FFFDE6FFFFFFF07F7FFFC0000007F71
:10138000FFFFE1FC1FE1FFEFFFDFEFFFE1FFFC7F6D
:10139000FFE1EFFFFFFF07F7FFFC0000007FFFFF0B
:1013A000F0F88FC3FFEFFFDFEFFFE07FE07FFFFF8D
:1013B000FFFFFFFFFFF7FFFFFFFE3FFFFFFFF00113
:1013C0008783FFEFFFCFCFFFF00000FFFFFFFFFF9E
:1013D000FFFFFFF7FFFFFFFE3FFFFFFFF801800762
:1013E000FFEFFFEFDFFFFC0003FFFFEFEFFFFFF872
:1013F00007F7FFFFFFFE3FFFFFFFFC03C00FFFEFFC
:10140000FFFFFFFFFF801FFFFFDFCFFFFFF807F7A2
:10141000FFFFFFFFFFFFFFFFFE0FE01FFFEFFFFFDC
:10142000FFFFFFFFFFFFFFDFAFFFFFF807F7FFFF43
:10143000FFFFFFFFFFFFFFFFF03FFFEFFFF83FFF62
:10144000FFFFFFFFFFDE6FFFFFFFFFF7FFFFFFFF65
:10145000FFFFFFFFFFFFFFFFFFEFFFE01FFFFFFFAB
:101460000FFFFFE1EFFFFFFFFFF7FFFFFFFFFFFFB2
:10147000FFFFFFFFFFFFFFEFFFC78FFFFFFE0FFF25
:10148000FFFFFFFFFFC007F7FFFFFFFFFFFFFFFFAB
:10149000FFFFFFFFFFEFFFCFCFFFFFFC0FFFFFFFBF
:1014A000FFFFFFC007F7FFFFFFFFFFFFFFFFFFFF8B
:1014B000FFFFFFEFFFDFEFFFFFF88FFFFFFFFFFFF3
:1014C000FFC007F7FFFFFFFFFFFFFFFFFFFFFFFF6B
:1014D000FFEFFFDFEFFFFFE18FFFFFFFFFFFFFFFEA
:1014E000FFF7FFFFFFFFFFFFFFFFFFFFFFFFFFEF24
:1014F000FFCFCFFFFFC38FFFFFFFFFFFFFFFFFF710
:10150000FFFFFFFFFFFFFFFFFFFFFFFFFFEFFFC733
:101510008FFFFF878FFFFFF03FFFFE0007F7FFFF02
:10152000FFFFFFFFFFFFFFFFFFFFFFEFFFE01FFFDA
:10153000FF1F8FFFFFEFDFFFFE0007F7FFFFFFFF3B
:10154000FFFFFFFFFFFFFFFFFFEFFFF07FFFFC3F0D
:101550008FFFFFDFEFFFFE0007F7FFFFFFFFFFFF3B
:10156000FFFFFFFFFFFFFFEFFFFFFFFFF87F8FFF92
:10157000FFEFDFFFFFFFFFF7FFFFFFFFFFFFFFFFB3
:10158000FFFFFFFFFFEFFFFFF7FFF0FF8FFFFFF011
:101590003FFFFFFFFFF7FFFFFFFFFFFFFFFFFFFF23
:1015A000FFFFFFEFFFFEE7FFE000003FFFFFFFFF51
:1015B000FFFFE7F7FFFFFFFFFFFFFFFFFFFFFFFF5B
:1015C000FFEFFFFEC7FFC000003FFFE31FFFFFFF6D
:1015D000E7F7FFFFFFFFFFFFFFFFFFFFFFFFFFEF4B
:1015E000FFFE17FFC000003FFFDCEFFFFFFFE7F744
:1015F000FFFFFFFFFFFFFFFFFFFFFFFFFFEFFFFE0C
:1016000037FFFFFF8FFFFFDDEFFFFFFFFFF7FFFF5C
:10161000FFFFFFFFFFFFFFFFFFFFFFEFFFFFFFFFEA
:10162000FFFF8FFFFFDCEFFFFFFFFFF7FFFFFFF084
:10163000FFFFFFFFFFFFFFFFFFEFFFFFFFFFFFFFCA
:101640008FFFFFE31FFFFFFFFFF7FFFFFFE67FFFB7
:10165000FFFFFFFFC3FFFFEFFFFFFFFFFFFFFFFFE6
:10166000FFFFFFFFFFFFFFF7FFFFFFEF7FFFFFFF22
:10167000FFFF80FFFFEFFFFFFFFFFE7FFF3FFFFF4A
:10168000FFFFFFFFFFF7FFFFFFEF7FFFFFFFFFFF02
:101690003E7FFFEFFFFFFFFFF87FFC3FFFFFFFFFF5
:1016A000FFFFFFF7FFFFFFE67FFFFFFFFFFF7F7DED
:1016B000FFEFFFFFFFFFF07FF83FFFFFFFFFFFFFA0
:1016C000FFF7FFFFFFF0FFFFFFFFFFFF3E79FFEF98
:1016D000FFF801FFE1FFF03FFFF03FFFFFFFFFF7E3
:1016E000FFFFFFFF80FFFFFFFFFF80E7FFEFFFF837
:1016F00001FFE3FFE23FFFEFDFFFFFFFFFF7FFFF29
:10170000FFFE007FFFFFFFFFC38FFFEFFFF9CFFF5B
:10171000C7FFE63FFFDFEFFFFFFFFFF7FFFFFFFC25
:101720007E3FFFFFFFFFFE3FFFEFFFFBEFFFC7FF27
:10173000C63FFFEFDFFFFFFFFFF7FFFFFFF8FF1FD1
:10174000FFFFFFFFF8FFFFEFFFF9CFFFC7FF8E3F5F
:10175000FFF03FFFFFFFFFF7FFFFFFF9FF8FFFFFE6
:10176000FFFFF307FFEFFFF80FFFC7FF1E3FFFFF6D
:10177000FFFFFFFFFFF7FFFFFFF3FFCFFFFFFFFFBD
:10178000C603FFEFFFFC1FFFC7FE3E3FFFFFFFFF4B
:10179000FFFFFFF7FFFFFFF3FFCFFFFFFFFF1CF986
:1017A000FFEFFFFFFFFFC7FC7E3FFFF0FFFFFC00E6
:1017B0001FF7FFFFFFF3FFCFFFFFFFFF7DFDFFEFF1
:1017C000FFFFFFFFE3F8FE3FFFEF6FFFFC001FF797
:1017D000FFFFFFF3FFCFFFFFFFFFFDFDFFEFFFF870
:1017E00001FFE1E1FE3FFFDF6FFFFCFF9FF7FFFF1F
:1017F000FFF3FFCFFFFFFFFFFCF9FFEFFFF801FF53
:10180000F003FE3FFFEF1FFFFC809FF7FFFFFFF19C
:10181000FF8FFFFFFFFFFE03FFEFFFF9CFFFF8078A
:10182000FE3FFFF07FFFFC809FF7FFFFFFFFFFFF02
:10183000FFFFFFFFFF07FFEFFFFBEFFFFC1FFE3F78
:10184000FFFFFFFFFC809FF7FFFFFFFFFFFFFFFF92
:10185000FFFFFFFFFFEFFFF9CFFFFFFFFFFFFFFFDE
:10186000FFFFFCFF9FF7FFFFFFFFFFFFFFFFFFFFF3
:10187000FFFFFFEFFFF80FFFFFFFFFFFFFFFFFFF7F
:10188000FCFF9FF7FFFFFFFFFFFFFFFFFFFFFFFFD3
:10189000FFEFFFFC1FFFC7FFFFFFFFFFFFFFFCFF86
:1018A0009FF7FFFFFFFFFFFFFFFFFFFFFFFFFFEFC0
:1018B000FFFFFFFFC7FFFFFFFFF03FFFFCFF9FF7AA
:1018C000FFFFFFFFFFFFFFFFFFFFFFFFFFEFFFFF38
:1018D000FFFFC7FFFFFFFFEFDFFFFCFF9FF7FFFFEB
:1018E000FFFFFFFFFFFFFFFFFFFFFFEFFFF80FFF0F
:1018F000C7FFFFFFFFDFEFFFFCFF9FF7FFFFFFFFCB
:10190000FFFFFFFFFFFFFFFFFFEFFFF80FFFC7FF26
:10191000FC3FFFEFDFFFFCFF9FF7FFFFFFFFFFFF35
:10192000FFFFFFFFFFFFFFEFFFF9FFFFC7FFC03F14
:10193000FFF03FFFFCFF9FF7FFFFFFFFFFFFFFFFF1
:10194000FFFFFFFFFFEFFFFBFFFFC7FE003FFFFFB3
:10195000FFFFFCFF9FF7FFFFFFFFFFFFFFFFFFFF02
:10196000FFFFFFEFFFF80FFFC7F803FFFFFFDFFFE9
:10197000FCFF9FF7FFFFFFFFFFFFFFFFFFFFFFFFE2
:10198000FFEFFFFC0FFFC7E03FFFFFEFEFFFFCFFA4
:101990009FF7FFFFFFFFFFFFFFFFFFFFFFFFFFEFCF
:1019A000FFF9FFFFC7C1FFFFFFDDEFFFFCFF9FF760
:1019B000FFFFFFFFFFFFFFFFFFFFFFFFFFEFFFFB4B
:1019C000FFFFC707FFFFFFDCEFFFFCFF9FF7FFFFF5
:1019D000FFFFFFFFFFFFFFFFFFFFFFEFFFFBFFFF2B
:1019E000C61FFFFFFFE21FFFFCFF9FF7FFFFFFFF88
:1019F000FFFFFFFFFFFFFFFFFFEFFFF80FFFC47FB9
:101A0000FFFFFFFFFFFFFCFF9FF7FFFFFFFFFFFF51
:101A1000FFFFFFFFFFFFFFEFFFFC0FFFC0FFFFFF18
:101A2000FFFFFFFFFCFF9FF7FFFFFFFFFFFFFFFF31
:101A3000FFFFFFFFFFEFFFFFFFFFC3FFFFFFFFF908
:101A4000CFFFFCFF9FF7FFFFFFFFFFFFFFFFFFFF41
:101A5000FFFFFFEFFFFFFFFFC7FFFFFFFFFFFFFFDE
:101A6000FCFF9FF7FFFFFFFFFFFFFFFFFFFFFFFFF1
:101A7000FFEFFFFFFFFFFFFFFFFFFFEFEFFFFC00A8
:101A80001FFFFFFFFFFFFFFFFFFFFFFFFFFFFFEF56
:101A9000FFFFFFFFFFFFFFFFFFDFCFFFFC001FFF88
:101AA000FFFFFFFFFFFFFFFFFFFFFFFFFFEFFFFF56
:101AB000FFFFFFFFFFFFFFDFAFFFFF80FFFFFFFF25
:101AC000FFFFFFFFFFFFFFFFFFFFFFEFFFFFFFFF36
:101AD000FFFFFFFFFFDE6FFFFFFFFFFFFFFFFFFFC7
:101AE000FFFFFFFFFFFFFFFFFFFFFFFFFFFFFFFF06
:101AF000FFFFFFE1EFFFFFFFFFFFFFFFFFFFFFFF24
:101B0000FFFFFFFFFFFFFFFFFFFFFFFFFFFFFFFFE5
:101B1000FFFFFFFFFFFFFFFFFFFFFFFFFFFFFFFFD5
:101B2000FFFFFFFFFFFFFFFFFFFFFFFFFFFFFFC103
:101B30009FFFFFFFFFFFFFFFFFFFFFFFFFFFFFFF15
:101B4000FFFFFFFFFFFFFFFFFFFFFFFFFFDBEFFFD9
:101B5000FFFFFFFFFFFFFFFFFFFFFFFFFFFFFFFF95
:101B6000FFFFFFFFFFFFFFFFFFFFFFDBEFFFFFFFB9
:101B7000FFFFFFFFFFFFFFFFFFFFFFFFFFFFFFFF75
:101B8000FFFFFFFFFFFFFFFFFFDBEFFFFFFFFFFF99
:101B9000FFFFFFFFFFFFFFFFFFFFFFFFFFFFFFFF55
:101BA000FFFFFFFFFFFFFFDBEFFFFFFFFFFFFFFF79
:101BB000FFFFFFFFFFFFFFFFFFFFFFFFFFFFFFFF35
:101BC000FFFFFFFFFFDC1FFFFFFFFFFFFFFFFFFF28
:101BD000FFFFFFFFFFFFFFFFFFFFFFFFFFFFFFFF15
:101BE000FFFFFFFFFFFFFFFFFFFFFFFFFFFFFFFF05
:101BF000FFFFFFFFFFFFFFFFFFFFFFFFFFFFFFFFF5
:101C0000FFFFFFFFFFFFFFFFFFFFFFFFFFFFFFFFE4
:101C1000FFFFFFFFFFFFFFFFFFFFFFFFFFFFFFFFD4
:101C2000FFFFFFFFFFFFFFFFFFFFFFFFFFFFFFFFC4
:101C3000FFFFFFFFFFFFFFFFFFFFFFFFFFFFFFFFB4
:101C4000FFFFFFFFFFFFFFFFFFFFFFFFFFFFFFFFA4
:101C5000FFFFFFFFFFFFFFFFFFFFFFFFFFFFFFFF94
:101C6000FFFFFFFFFFFFFFFFFFFFFFFFFFFFFFFF84
:101C7000FFFFFFFFFFFFFFFFFFFFFFFFFFFFFFFF74
:101C8000FFFFFFFFFFFFFFFFFFFFFFFFFFFFFFFF64
:101C9000FFFFFFFFFFFFFFFFFFFFFFFFFFFFFFFF54
:101CA000FFFFFFFFFFFFFFFFFFFFFFFFFFFFFFFF44
:101CB000FFFFFFFFFFFFFFFFFFFFFFFFFFFFFFFF34
:101CC000FFFFFFFFFFFFFFFFFFFFFFFFFFFFFFFF24
:101CD000FFFFFFFFFFFFFFFFFFFFFFFFFFFFFFFF14
:101CE000FFFFFFFFFFFFFFFFFFFFFFFFFFFFFFFF04
:101CF000FFFFFFFFFFFFFFFFFFFFFFFFFFFFFFFFF4
:101D0000FFFFFFFFFFFFFFFFFFFFFFFFFFFFFFFFE3
:101D1000FFFFFFFFFFFFFFFFFFFFFFFFFFFFFFFFD3
:101D2000FFFFFFFFFFFFFFFFFFFFFFFFFFFFFFFFC3
:101D3000FFFFFFFFFFFFFFFFFFFFFFFFFFFFFFFFB3
:101D4000FFFFFFFFFFFFFFFFFFFFFFFFFFFFFFFFA3
:101D5000FFFFFFFFFFFFFFFFFFFFFFFFFFFFFFFF93
:101D6000FFFFFFFFFFFFFFFFFFFFFFFFFFFFFFFF83
:101D7000FFFFFFFFFFFFFFFFFFFFFFFFFFFFFFFF73
:101D8000FFFFFFFFFFFFFFFFFFFFFFFFFFFFFFFF63
:101D9000FFFFFFFFFFFFFFFFFFFFFFFFFFFFFFFF53
:101DA000FFFFFFFFFFFFFFFFFFFFFFFFFFFFFFFF43
:101DB000FFFFFFFFFFFFFFFFFFFFFFFFFFFFFFFF33
:101DC000FFFFFFFFFFFFFFFFFFFFFFFFFFFFFFFF23
:101DD000FFFFFFFFFFFFFFFFFFFFFFFFFFFFFFFF13
:101DE000FFFFFFFFFFFFFFFFFFFFFFFFFFFFFFFF03
:101DF000FFFFFFFFFFFFFFFFFFFFFFFFFFFFFFFFF3
:101E0000FFFFFFFFFFFFFFFFFFFFFFFFFFFFFFFFE2
:101E1000FFFFFFFFFFFFFFFFFFFFFFFFFFFFFFFFD2
:101E2000FFFFFFFFFFFFFFFFFFFFFFFFFFFFFFFFC2
:101E3000FFFFFFFFFFFFFFFFFFFFFFFFFFFFFFFFB2
:101E4000FFFFFFFFFFFFFFFFFFFFFFFFFFFFFFFFA2
:101E5000FFFFFFFFFFFFFFFFFFFFFFFFFFFFFFFF92
:101E6000FFFFFFFFFFFFFFFFFFFFFFFFFFFFFFFF82
:101E7000FFFFFFFFFFFFFFFFFFFFFFFFFFFFFFFF72
:101E8000FFFFFFFFFFFFFFFFFFFFFFFFFFFFFFFF62
:101E9000FFFFFFFFFFFFFFFFFF3FE7FFFFFFFFFF2A
:101EA000FFFFFFFFFFFFFFFFFFFFFFFFFFFFFFFF42
:101EB000FFFFFFFFFFFFFE3FC7FFFFFFFFFFFFFF2B
:101EC000FFFFFFFFFFFFFFFFFFFFFFFFFFFFFFFF22
:101ED000FFFFFFFFFC7F87FFFFFFFFFFFFFFFFFF0D
:101EE000FFFFFFFFFFFFFFFFFFFFFFFFFFFFFFFF02
:101EF000FFFFFCFF27FFFFFFFFFFFFFFFFFFFFFFCD
:101F0000FFFFFFFFFFFFFFFFFFFFFFFFFFFFFFFFE1
:101F1000FCFE67FFFFFFFFFFFFFFFFFFFFFFFFFF6D
:101F2000FFFFFFFFFFFFFFFFFFFFFFFFFFFFFCFEC5
:101F300067F7FFFFFFFFFFFFFFFFFFFFFFFFFFFF51
:101F4000FFFFFFFFFFFFFFFFFFFFFFFFFCFCE7F7C7
:101F5000FFFFFFFFFFFFFFFFFFFFFFFFFFEFFFFFA1
:101F6000FFFFFFFFFFFFFFFFFFFFFC71E7F7FFFF32
:101F7000FFFFFFFFFFFFFFFFFFFFFFEFFFFFFFFF81
:101F8000FFFFFFFFFFFFFFFFFE03E7F7FFFFFFFF7E
:101F9000FFFFFFFFFFFFFFFFFFEFFFFFFFFFFFFF61
:101FA000FFFFFFFFFFFFFF0FE7F7FFFFFFFFFFFF51
:101FB000FFFFFFFFFFFFFFEFFFFFFFFFF87FFFFFC8
:101FC000FFFFFFFFFFFFFFF7FFFFFFFFFFFFFFFF29
:101FD000FFFFFFFFFFEFFFFFFFFF8007FFFFFFFF98
:101FE000FFFFFFFFFFF7FFFFFFFFFFFFFFFFFFFF09
:101FF000FFFFFFEFFFFFFFFE07C1FFFFFFFFFFFF38
:10200000FF803FF7FFFFFFFFFFFFFFFFFFFFFFFF27
:10201000FFEFFFFFFFFC7FFC7FFFFFFFFFFFFE00E6
:102020000FF7FFFFFFFFFFFFFFFFFFFFFFFFFFEFC8
:10203000FFFFFFF1FFFF1FFFFFFFFFFFFC7FCFF759
:10204000FFFFFFFFFFFFFFFFFFFFFFFFFFEFFFFFB0
:10205000FFE7FFFF8FFFFFFFFFFFFCFFE7F7FFFF3B
:10206000FFFFF01FFFFFFFFFFFFFFFEFFFFFFFCFAF
:10207000FFFFCFFFFFFFFFFFFCFFE7F7FFFFFFFFC3
:10208000E01FFFFFFFFFFFFFFFEFFFFFFF9FE7FFE7
:10209000E7FFFFFFFFFFFCFFE7F7FFFFFFFFE03F6A
:1020A000FFFFFFFFFFFFFFEFFFFFFF3F81FFF3FF9A
:1020B000FFFFFFFFFCFFE7F7FFFFFFFFC03FFFFF52
:1020C000FFFFFFFFFFEFFFFFFF3F81FBF1FFFFFF80
:1020D000FFFFFE7FC7F7FFFFFFFFC07FFFFFFFFF90
:1020E000FFFFFFEFFFFFFE7F00FCF9FFFFFFFFFF99
:1020F000FE000FF7FFFFFFFF807FFFFFFFFFFFFFE7
:10210000FFEFFFFFFEFF00FE78FFFFFFFFFFFF80F6
:102110003FF7FFFFFFFF00FFFFFFFFFFFFFFFFEFA6
:10212000FFFFFEFF80FF3CFFFFFFFFFFFFFFFFF70A
:10213000FFFFFFFF00FFFFFFFFFFFFFFFFEFFFFFBE
:10214000FCFF81FF9CFFFFFFFFFFFFFFFFF7FFFF8B
:10215000FFFE01FFFFFFFFFFFFFFFFEFFFFFFDFFA0
:10216000C3FFCC7FFFFFFFFFFF3FE7F7FFFFFFFC51
:1021700003FFFFFFFFFFFFFFFFEFFFFFFDFFFFFF7D
:10218000CE7FFFFFFFFFFE3FC7F7FFFFFFF803FF14
:10219000FFFFFFFFFFFFFFEFFFFFFDFFFFFFEE7FF2
:1021A000FFFFFFFFFC7F87F7FFFFFFF007FFFFFF49
:1021B000FFFFFFFFFFEFFFFFF9FFFFFFE67FFFFFDE
:1021C000FFFFFCFF27F7FFFFFFE00FFFFFFFFFFF11
:1021D000FFFFFFEFFFFFF9FFFFFFE67FFFFFFFFFBE
:1021E000FCFE67F7FFFFFFC00FFFFFFFFFFFFFFFD2
:1021F000FFEFFFFFF9FFFFFFE67FFFFFFFFFFCFEA2
:1022000067F7FFFFFF801FFFFFFFFFFFFFFFFFEFED
:10221000FFFFFDFFFFFFEE7FFFFFFFFFFCFCE7F787
:10222000FFFFFF000000000000007FFFFFEFFFFF47
:10223000FDFFFFFFCE7FFFFFFFFFFC71E7F7FFFF12
:10224000FE000000000000007FFFFFEFFFFFFDFF2A
:10225000E7FFCC7FFFFFFFFFFE03E7F7FFFFF8007C
:102260000000000000007FFFFFEFFFFFFCFF81FF89
:10227000CCFFFFFFFFFFFF0FE7F7FFFFF8000000B5
:10228000000000007FFFFFEFFFFFFEFF81FF1CFF4C
:10229000FFFFFFFFFFFFFFF7FFFFF8000000000058
:1022A00000007FFFFFEFFFFFFEFF00FF38FFFFFF93
:1022B000FFFFFFFFFFF7FFFFF80000000000000036
:1022C0007FFFFFEFFFFFFE7F00FCF9FFFFFFFFFF37
:1022D000FF3FE7F7FFFFF8000000000000007FFF6E
:1022E000FFEFFFFFFF3F81FBF1FFFFFFFFFFFE3F1F
:1022F000C7F7FFFFFFFFFFFFFFFFFFFFFFFFFFEF3E
:10230000FFFFFF3F81FFF3FFFFFFFFFFFC7F87F72A
:10231000FFFFFFFFFFFFFFFFFFFFFFFFFFEFFFFFDD
:10232000FF9FC3FFE7FFFFFFFFFFFCFF27F7FFFF54
:10233000FFFFFFFFFFFFFFFFFFFFFFEFFFFFFFCFED
:10234000FFFFCFFFFFFFFFFFFCFE67F7FFFFFFFF71
:10235000FFFFFFFFFFFFFFFFFFEFFFFFFFE7FFFFB5
:102360008FFFFFFFFFFFFCFE67F7FFFFFFFFFFFF91
:10237000FFFFFFFFFFFFFFEFFFFFFFF1FFFF1FFF6B
:10238000FFFFFFFFFCFCE7F7FFFFFFFFFFFFFFFF83
:10239000FFFFFFFFFFEFFFFFFFF8FFFC7FFFFFFFE7
:1023A000FFFFFC71E7F7FFFFFFFFFFFFFFFFFFFFEE
:1023B000FFFFFFEFFFFFFFFE07C1FFFFFFFFFFFF74
:1023C000FE03E7F7FFFFFFFFFFFFFFFFFFFFFFFF3A
:1023D000FFEFFFFFFFFF8007FFFFFFFFFFFFFF0F84
:1023E000E7F7FFFFFFFFFFFFFFFFFFFFFFFFFFEF2D
:1023F000FFFFFFFFF87FFFFFFFFFFFFFFFFFFFF77C
:10240000FFFFFFFFFFFFFFFFFFFFFFFFFFEFFFFFEC
:10241000FFFFFFFFFFFFFFFFFFFFFFFCFFF7FFFFD7
:10242000FFFFFFFFFFFFFFFFFFFFFFEFFFFFFFFFCC
:10243000FFFFFFFFFFFFFFFFFFFCFFF7FFFFFFFFB7
:10244000FFFFFFFFFFFFFFFFFFEFFFFFFFFFFFFFAC
:10245000FFFFFFFFFFFFFFFCFFF7FFFFFFFFFFFF97
:10246000FFFFFFFFFFFFFFEFFFFFFFFFFFFFFFFF8C
:10247000FFFFFFFFFFFCFFF7FFFFFFFFFFFFFFFF77
:10248000FFFFFFFFFFEFFFFFFFFFFFFFFFFFFFFF6C
:10249000FFFFFFFCFFF7FFFFFFFFFFFFFFFFFFFF57
:1024A000FFFFFFEFFFFFFFFFFFFFFFFFFFFFFFFF4C
:1024B000FFFCFFF7FFFFFFFFFFFFFFFFFFFFFFFF37
:1024C000FFEFFFFFFFFFFFFFFFFFFFFFFFFFFFFF2C
:1024D000FFF7FFFFFFFFFFFFFFFFFFFFFFFFFFEF24
:1024E000FFFFFFFFFFFFFFFFFFFFFFFFFFFFFFF704
:1024F000FFFFFFFFFFFFFFFFFFF87FFFFFEFFFFF83
:10250000FFFFFFFFFFFFFFFFFFFFFF803FF7FFFF22
:10251000FFFFE3FFFFFFFFC07FFFFFEFFFFFFFFFB6
:10252000FFFFFFFFFFFFFFFFFE000FF7FFFFFFFEB4
:1025300003FFFFFFFF807FFFFFEFFFFFFFFFFFFFB6
:10254000FFFFFFFFFFFFFC7FCFF7FFFFFFF803FF59
:10255000FFFFFE007FFFFFEFFFFFFFFFFFFFFFFF1B
:10256000FFFFFFFFFCFFE7F7FFFFFFF001FFFFFFAB
:10257000FC007FFFFFEFFFFFFFFFFFFFFFFFFFFFFD
:10258000FFFFFCFFE7F7FFFFFFE001FFFFFFF800A1
:102590007FFFFFEFFFFFFFFFFFFFFFFFFFFFFFFFDB
:1025A000FCFFE7F7FFFFFF8001FFFFFFE0007FFF79
:1025B000FFEFFFFFFFFFFFFFFFFFFFFFFFFFFCFF3E
:1025C000E7F7FFFFFF8001FFFFFFC0007FFFFFEF86
:1025D000FFFFFFFFFFFFFFFFFFFFFFFFFE7FC7F7CC
:1025E000FFFFFF001FFFFFFF80007FFFFFEFFFFFE8
:1025F000FFFFFFFFFFFFFFFFFFFFFE000FF7FFFFE3
:10260000FE007FFFFFFF00007FFFFFEFFFFFFFFFE8
:10261000FFFFFFFFFFFFFFFFFF803FF7FFFFFE0011
:10262000FFFFFFFF00407FFFFFEFFC000000000006
:102630000000003FFFFFFFFFFFF7FFFFFC01FFFF70
:10264000FFFE00C07FFFFFEFFFFFFFFFFFFFFFFF69
:10265000FFFFFFFFFFFFFFF7FFFFFC03FFFFFFFC94
:1026600001C07FFFFFEFFFFFFFFFFFFFFFFFFFFF47
:10267000FFFFFFFE1FF7FFFFFC07FFFFFFF803C090
:102680007FFFFFEFFFFFFFFFFFFFFFFFFFFFFFFFEA
:10269000FF0C0FF7FFFFFC07FFFFFFF007C07FFFF6
:1026A000FFEFFFFFFFFFFFFFFFFFFFFFFFFFFE0149
:1026B000C7F7FFFFF807FFFFFFE00FC07FFFFFEF47
:1026C000FFFFFFFFFFFFFFFFFFFFFFFFFCF3E7F749
:1026D000FFFFF80FFFFFFFE01FC07FFFFFEFFFFFCF
:1026E000FFFFFFFFFFFFFFFFFFFFFCF3E7F7FFFF29
:1026F000F80FFFFFFFC03FC07FFFFFEFFFFFFFFFAF
:10270000FFFFFFFFFFFFFFFFFCF3E7F7FFFFF80FFF
:10271000FFFFFF807FC07FFFFFEFFFFFFFFFFFFF97
:10272000FFFFFFFDBFFFFCF3E7F7FFFFF80FFFFF21
:10273000FF007FC07FFFFFEFFFFFFFFFFFFFFFFFF7
:10274000FFADBFFFFE01C7F7FFFFF80FFFFFFE0061
:10275000FFC07FFFFFEFFFFFFFFFFFFFFFFFFFADAA
:102760007FFFFF0C0FF7FFFFF80FFFFFFC01FFC01B
:102770007FFFFFEFFFFFFFFFFFFFFFFFFFB57FFFC3
:10278000FFFE1FF7FFFFF80FFFFFF803FFC07FFFFB
:10279000FFEFFFFFFFFFFFFFFFFFFFBCFFFFFFFF9C
:1027A000FFF7FFFFF80FFFFFF007FFC07FFFFFEF0E
:1027B000FFFFFFFFFFFFFFFFFF981FFFFFFCFFF77B
:1027C000FFFFF807FFFFE00FFFC07FFFFFEFFFFFF6
:1027D000FFFFFFFFFFFFFFA4FFFFFFFCFFF7FFFF6F
:1027E000FC07FFFFC01FFFC07FFFFFEFFFFFFFFFE2
:1027F000FFFFFFFFFFBD7FFFFFFCFFF7FFFFFC03B5
:10280000FFFF803FFFC07FFFFFEFFFFFFFFFFFFFE6
:10281000FFFFFF757FFFFFFCFFF7FFFFFC01FFFEDF
:10282000007FFFC07FFFFFEFFFFFFFFFFFFFFFFF06
:10283000FF6DBFFFFFFCFFF7FFFFFE00FFFC00FF87
:10284000FFC07FFFFFEFFFFFFFFFFFFFFFFFFF5D09
:10285000BFFFFFFCFFF7FFFFFE007FF001FFFFC09F
:102860007FFFFFEFFF803FFFFFFFFFFFFFFDBFFF89
:10287000FFFFFFF7FFFFFF001FC003FFFFC07FFF49
:10288000FFEFFF803FFFFFFFFFFFFFF6DFFFFFFFD0
:10289000FFF7FFFFFF00000007FFFFC07FFFFFEF14
:1028A000FFB77FFFFF801FFFFFEEDFFFFFFFFFF798
:1028B000FFFFFF8000000FFFFFC07FFFFFEFFFB7AC
:1028C0007FFFFC0003FFFF80BFFFFFBFFFF7FFFF9D
:1028D000FFC000001FFFFFC07FFFFFEFFFB77FFFBC
:1028E000F00000FFFF2ABFFFFF3FFFF7FFFFFFE001
:1028F00000007FFFFFC07FFFFFEFFF8007FFE07F4B
:10290000E07FFFAABFFFFE7FFFF7FFFFFFF8000099
:10291000FFFFFFC07FFFFFEFFF8007FFE3FFFC7FAC
:10292000FFAA7FFFFC0007F7FFFFFFFE0007FFFF86
:10293000FFC07FFFFFEFFFB77FFFC3FFFC3FFF003C
:102940001FFFFC0007F7FFFFFFFF803FFFFFFFC0F7
:102950007FFFFFEFFFB77FFFC7FFFE3FFF2A7FFF2D
:10296000FFFFFFF7FFFFFFFFFFFFFFFFFFC07FFF3E
:10297000FFEFFF803FFFC7FFFE3FFFAABFFFFFFF44
:10298000FFF7FFFFFFFFFFFFFFFFFFFFFFFFFFEF6F
:10299000FF803FFFC7FFFE3FFFAABFFFFFFFFFF71C
:1029A000FFFFFFFFFFFFFFFFFFFFFFFFFFEFFFFF47
:1029B000FFFFC7FFFE3FFFAADFFFFFFFFFF7FFFF9D
:1029C000FFFFFFFFFFFFFFFFFFFFFFEFFFFFFFFF27
:1029D000C3FFFC3FFFBEDFFFFFFFFFF7FFFFFFFF6F
:1029E000FFFFFFFFFFFFFFFFFFEFFFFFFFFFE1FF25
:1029F000FC7FFFFFFFFFFF803FF7FFFFFFFFFFFFB1
:102A0000FFFFFFFFFFFFFFEFFFB007FFE07FE07F6B
:102A1000FFC0FFFFFE000FF7FFFFFFFFFFFFFFFFFD
:102A2000FFFFFFFFFFEFFFB007FFF00000FFFFDD3C
:102A3000FFFFFC7FCFF7FFFFFFFFFFFFFFFFFFFF61
:102A4000FFFFFFEFFF80AFFFFC0003FFFFDDFFFF95
:102A5000FCFFE7F7FFFFFFFFFFFFFFFFFFFFFFFFA9
:102A6000FFEFFF80AFFFFF801FFFFFDDFFFFFCFFD9
:102A7000E7F7FFFFFFFFFFFFFFFFFFFFFFFFFFEF96
:102A8000FF8007FFFFFFFFFFFF001FFFFCFFE7F7CF
:102A9000FFFFFFFFFFFFFFFFFFFFFFFFFFEFFF90C5
:102AA00007FFFFFFFFFFFFDDFFFFFCFFE7F7FFFF73
:102AB000FFFFFFFFFFFFFFFFFFFFFFEFFFDCB7FFA1
:102AC000FF801FFFFFDDFFFFFE7FC7F7FFFFFFFF58
:102AD000FFFFFFFFFFFFFFFFFFEFFF88B7FFFC00D7
:102AE00003FFFFDDFFFFFE000FF7FFFFFFFFF80F03
:102AF000FFFFFFC07FFFFFEFFF8207FFF00000FF37
:102B0000FFDDFFFFFF803FF7FFFFFFFFF80FFFFF35
:102B1000FFC07FFFFFEFFFD007FFE07FE07FFFC038
:102B2000FFFFFFFFFFF7FFFFFFFFF80FFFFFFFC0F3
:102B30007FFFFFEFFF88B7FFE3FFFC7FFFFFFFFF93
:102B4000FFFFFFF7FFFFFFFFF80FFFFFFFC07FFF53
:102B5000FFEFFF8CB7FFC3FFFC3FFFFFFFFFFFFF4F
:102B6000FFF7FFFFFFFFF80FFFFFFFC07FFFFFEF43
:102B7000FFDEB7FFC7FFFE3FFFFFFFFFFFFFFFF7CF
:102B8000FFFFFFFFF80FFFFFFFC07FFFFFEFFFFF1B
:102B9000FFFFC7FFFE3FFFFFFFFFFFFFFFF7FFFF46
:102BA000FFFFF80FFFFFFFC07FFFFFEFFFFFFFFFFB
:102BB000C7FFFE3FFFFFFFFFFFFFFFF7FFFFFFFF26
:102BC000FFFFFFFFFFFFFFFFFFEFFFFFFFFFC7FF5D
:102BD000FE3FFFFFFFFFFFFFFFF7FFFFFFFFFFFFCE
:102BE000FFFFFFFFFFFFFFEFFFFFFFFFC3FFFC3F04
:102BF000FFFFFFFFFFFFFFF7FFFFFFFFFFFFFFFFED
:102C0000FFFFFFFFFFEFFFFFFFFFE1FFFC7FFFFF85
:102C1000FFFFFFFFFFF7FFFFFFFFFFFFFFFFFFFFCC
:102C2000FFFFFFEFFFFFFFFFE07FE07FFFFFFFFF02
:102C3000FFFFFFF7FFFFFFFFFFFFFFFFFFFFFFFFAC
:102C4000FFEFFFF81FFFF00000FFFFFFFFFFFFFF98
:102C5000FFF7FFFFFFFFFFFFFFFFFFFFFFFFFFEF9C
:102C6000FFF80FFFFC0003FFFE001FFFFFFFFFF751
:102C7000FFFFFFFFFFFFFFFFFFFFFFFFFFEFFFFF74
:102C8000EFFFFF801FFFFE001FFFFFFFFFF7FFFFAB
:102C9000FFFFFFFFFFFFFFFFFFFFFFEFFFFFEFFF64
:102CA000FFFFFFFFFE001FFFFFFFFFF7FFFFFFFF1C
:102CB000FFFFFFFFFFFFFFFFFFEFFFFFCFFFFFFF64
:102CC0000FFFFE001FFFFFFFFFF7FFFFFFFFFFFFEC
:102CD000FFFFFFFFFFFFFFEFFFF80FFFFFFE0FFFFC
:102CE000FE001FFFFFFFFFF7FFFFFFFFFFFFFFFFDC
:102CF000FFFFFFFFFFEFFFF80FFFFFFC0FFFFE00DE
:102D00001FFFFFFFFFF7FFFFFFFFFFFFFFFFFFFFBB
:102D1000FFFFFFEFFFFFFFFFFFF88FFFFE001FFF2A
:102D2000FFFFFFF7FFFFFFFFFFFFFFFFFFFFFFFFBB
:102D3000FFEFFFFFFFFFFFE18FFFFE001FFFFFFF21
:102D4000FFF7FFFFFFFFFFC00007FFFFFFFFFFEFE1
:102D5000FFFC1FFFFFC38FFFFE001FFFFFFFFFF7FA
:102D6000FFFFFFFFF00000003FFFFFFFFFEFFFF856
:102D70000BFFFF878FFFFE001FFFFFFFFFF7FFFF27
:102D8000FFFF8000000003FFFFFFFFEFFFF9C9FF17
:102D9000FF1F8FFFFE001FFFFFFFFFF7FFFFFFFE7C
:102DA0000000000000FFFFFFFFEFFFFBEDFFFC3F17
:102DB0008FFFFE001FFFFFFFFFF7FFFFFFF8000080
:102DC0000000003FFFFFFFEFFFF9C9FFF87F8FFF13
:102DD000FE001FFFFFFFFFF7FFFFFFE00000000006
:102DE000000FFFFFFFEFFFF801FFF0FF8FFFFE0076
:102DF0001FFFFFFFFFF7FFFFFFC0000000000007FD
:102E0000FFFFFFEFFFF803FFE000003FFE001FFFA2
:102E1000FFFFFFF7FFFFFF80003FFFF80003FFFF0A
:102E2000FFEFFFFFFFFFC000003FFE001FFFFFFF9F
:102E3000FFF7FFFFFF0007FFFFFFC001FFFFFFEFEE
:102E4000FFFFFBFFC000003FFE001FFFFFFFFFF77B
:102E5000FFFFFF003FFFFFFFF800FFFFFFEFFFFF57
:102E6000C3FFFFFF8FFFFE001FFFFFFFFFF7FFFF06
:102E7000FE00FFFFFFFFFE00FFFFFFEFFFFF07FF6A
:102E8000FFFF8FFFFE001FFFFFFFFFF7FFFFFC01AB
:102E9000FFFFFFFFFF007FFFFFEFFFFC3FFFFFFF94
:102EA0008FFFFE001FFFFFFFFFF7FFFFFC03FFFF89
:102EB000FFFFFF807FFFFFEFFFE0FFFFFFFFFFFF50
:102EC000FE001FFFFFFFFFF7FFFFFC07FFFFFFFFF5
:102ED000FF807FFFFFEFFFC3FFFFFFFFFFFFFE004D
:102EE0001FFFFFFFFFF7FFFFF807FFFFFFFFFFC018
:102EF0003FFFFFEFFFDFFFFFFFFFFFFFFE001FFFB2
:102F0000FFFFFFF7FFFFF807FFFFFFFFFFC03FFFD7
:102F1000FFEFFFFFFFFFFFFFFFFFFE001FFFFFFFB1
:102F2000FFF7FFFFF80FFFFFFFFFFFE03FFFFFEF9F
:102F3000FFF80FFFC003FE3FFE001FFFFFFFFFF77C
:102F4000FFFFF80FFFFFFFFFFFE03FFFFFEFFFF87E
:102F50000FFFC003FE3FFE001FFFFFFFFFF7FFFF55
:102F6000F80FFFFFFFFFFFE03FFFFFEFFFF9FFFF5D
:102F7000C003FE3FFE001FFFFFFFFFF7FFFFF80F3C
:102F8000FFFFFFFFFFE03FFFFFEFFFFBFFFFC7E398
:102F9000FE3FFE001FFFFFFFFFF7FFFFF80FFFFFE1
:102FA000FFFFFFE03FFFFFEFFFF80FFFC7E3FE3F2C
:102FB000FE001FFFFFFFFFF7FFFFF80FFFFFFFFF00
:102FC000FFE03FFFFFEFFFFC0FFFC7E3FE3FFE0008
:102FD0001FFFFFFFFFF7FFFFF807FFFFFFFFFFC027
:102FE0003FFFFFEFFFF9FFFFC7E3FE3FFE001FFFBC
:102FF000FFFFFFF7FFFFF807FFFFFFFFFFC03FFFE7
:10300000FFEFFFFBFFFFC7E1FC3FFE001FFFFFFFDD
:10301000FFF7FFFFFC03FFFFFFFFFF807FFFFFEFD6
:10302000FFFBFFFFC7F1FC7FFE001FFFFFFFFFF765
:10303000FFFFFC03FFFFFFFFFF807FFFFFEFFFF8B5
:103040000FFFC7F0F87FFE001FFFFFFFFFF7FFFF36
:10305000FC01FFFFFFFFFF007FFFFFEFFFFC0FFF03
:10306000C7F800FFFE001FFFFFFFFFF7FFFFFE0096
:10307000FFFFFFFFFE00FFFFFFEFFFFFFFFFC7FCAB
:1030800001FFFE001FFFFFFFFFF7FFFFFF003FFFF5
:10309000FFFFF801FFFFFFEFFFFFFFFFFFFE07FF4E
:1030A000FE001FFFFFFFFFF7FFFFFF0007FFFFFF0F
:1030B000C001FFFFFFEFFF7BFFFFFFFFFFFFFE00F1
:1030C0001FFFFFFFFFF7FFFFFF80003FFFF8000338
:1030D000FFFFFFEFFF5BFFFFFFFFFFFFFE001FFF94
:1030E000FFFFFFF7FFFFFFC0000000000007FFFF2A
:1030F000FFEFFF03FFFFFFFFFFFFFE001FFFFFFFCC
:10310000FFF7FFFFFFE000000000000FFFFFFFEFF1
:10311000FF23FFFFFFFFFFFFFE001FFFFFFFFFF783
:10312000FFFFFFF800000000003FFFFFFFEFFFFF81
:10313000FFFFFFFFFFFFFE001FFFFFFFFFF7FFFF87
:10314000FFFE0000000000FFFFFFFFEFFFFFFFFF9B
:10315000FFFFFFFFFEFFDFFFFFFFFFF7FFFFFFFFA8
:103160008000000003FFFFFFFFEFFFFFFFFFFFFFF7
:10317000FFFFFEFFDFFFFFFFFFF7FFFFFFFFF8008E
:1031800000001FFFFFFFFFEFFFFFFFFFFFFFFFFF3D
:10319000FEFFDFFFFFFFFFF7FFFFFFFFFFC000079E
:1031A000FFFFFFFFFFEFFFFFFFFFFFFFFFFFFEFF40
:1031B000DFFFFFFFFFF7FFFFFFFFFFFFFFFFFFFF47
:1031C000FFFFFFEFFFFFFFFFFFFFFFFFFEFFDFFF40
:1031D000FFFFFFF7FFFFFFFFFFFFFFFFFFFFFFFF07
:1031E000FFEFFFFFFFFFFFFFFFFFFEFFDFFFFFFF20
:1031F000FFF7FFFFFFFFFFFFFFFFFFFFFFFFFFEFF7
:10320000FFFFFFFFFFFFFFFFFEFFDFFFFFFFFFF7F7
:10321000FFFFFFFFFFFFFFFFFFFFFFFFFFEFFFFFCE
:10322000FFFFFFFFFFFFFEFFDFFFFFFFFFF7FFFFD7
:10323000FFFFFFFFFFFFFFFFFFFFFFEFFFFFFFFFAE
:10324000FFFFFFFFFEFFDFFFFFFFFFF7FFFFFFFFB7
:10325000FFFFFFFFFFFFFFFFFFEFFFFFFFFFFFFF8E
:10326000FFFFFEFFDFFFFFFFFFF7FFFFFFFFFFFF97
:10327000FFFFFFFFFFFFFFEFFFFFFFFFFFFFFFFF6E
:10328000FEFFDFFFFFFFFFF7FFFFFFFFFFFFFFFF77
:10329000FFF87FFFFFEFFFFFFFFFFFFFFFFFFEFFD6
:1032A000DFFFFFFFFFF7FFFFFFFFE3FFFFFFFFC0B1
:1032B0007FFFFFEFFFFFFFFFFFFFFFFFFEFFDFFFCF
:1032C000FFFFFFF7FFFFFFFE03FFFFFFFF807FFF12
:1032D000FFEFFFFFFFFFFFFFFFFFFEFFDFFFFFFF2F
:1032E000FFF7FFFFFFF803FFFFFFFE007FFFFFEF89
:1032F000FFFFFFFFFFFFFFFFFEFFDFFFFFFFFFF707
:10330000FFFFFFF001FFFFFFFC007FFFFFEFFFFF6C
:10331000FFFFFFFFFFFFFEFFDFFFFFFFFFF7FFFFE6
:10332000FFE001FFFFFFF8007FFFFFEFFFFFFFFF60
:10333000FFFFFFFFFEFFDFFFFFFFFFF7FFFFFF8045
:1033400001FFFFFFE0007FFFFFEFFFFFFFFFFFFF39
:10335000FFFFFEFFDFFFFFFFFFF7FFFFFF8001FF23
:10336000FFFFC0007FFFFFEFFFFFFFFFFFFFFFFF3B
:10337000FEFFDFFFFFFFFFF7FFFFFF001FFFFFFF65
:1033800080007FFFFFEFFFFFFFFFFFFFFFFFFEFF5C
:10339000DFFFFFFFFFF7FFFFFE007FFFFFFF0000E3
:1033A0007FFFFFEFFFFFFFFFFFFFFFFFFEFFDFFFDE
:1033B000FFFFFFF7FFFFFE00FFFFFFFF00407FFF63
:1033C000FFEFFFFFFFFFFFFFFFFFFEFFDFFFFFFF3E
:1033D000FFF7FFFFFC01FFFFFFFE00C07FFFFFEFD5
:1033E000FFFFFFFFFFFFFFFFFEFFDFFFFFFFFFF716
:1033F000FFFFFC03FFFFFFFC01C07FFFFFEFFFFFAC
:10340000FFFFFFFFFFFFFEFFDFFFFFFFFFF7FFFFF5
:10341000FC07FFFFFFF803C07FFFFFEFFFFFFFFF89
:10342000FFFFFFFFFEFFDFFFFFFFFFF7FFFFFC07D0
:10343000FFFFFFF007C07FFFFFEFFFFFFFFFFFFF72
:10344000FFFFFEFFDFFFFFFFFFF7FFFFF807FFFFB4
:10345000FFE00FC07FFFFFEFFFFFFFFFFFFFFFFF5A
:10346000FEFFDFFFFFFFFFF7FFFFF80FFFFFFFE0AB
:103470001FC07FFFFFEFFFFFFFFFFFFFFFFFFEFF0C
:10348000DFFFFFFFFFF7FFFFF80FFFFFFFC03FC0A9
:103490007FFFFFEFFFFFFFFFFFFFFFFFFEFFDFFFED
:1034A000FFFFFFF7FFFFF80FFFFFFF807FC07FFFE9
:1034B000FFEFFFDFFFFFFFFFFFFFFEFFDFFFFFFF6D
:1034C000FFF7FFFFF80FFFFFFF007FC07FFFFFEF59
:1034D000FFDFFFFFFFFFFFFFFEFFDFFFFFFFFFF745
:1034E000FFFFF80FFFFFFE00FFC07FFFFFEFFFDFD2
:1034F000FFFFFFFFFFFFFEFFDFFFFFFFFFF7FFFF05
:10350000F80FFFFFFC01FFC07FFFFFEFFFC00FFFC1
:10351000FFFFFFFFFEFFDFFFFFFFFFF7FFFFF80FDB
:10352000FFFFF803FFC07FFFFFEFFFC00FFFFFFFAC
:10353000FFFFFEFFDFFFFFFFFFF7FFFFF80FFFFFBB
:10354000F007FFC07FFFFFEFFFDFFFFFFF801FFFE0
:10355000FEFFDFFFFFFFFFF7FFFFF807FFFFE00FB2
:10356000FFC07FFFFFEFFFDFFFFFFC0003FFFEFF59
:10357000DFFFFFFFFFF7FFFFFC07FFFFC01FFFC0DC
:103580007FFFFFEFFFDFFFFFF00000FFFEFFDFFF29
:10359000FFFFFFF7FFFFFC03FFFF803FFFC07FFF40
:1035A000FFEFFFDFFFFFE07FE07FFEFFDFFFFFFFBA
:1035B000FFF7FFFFFC01FFFE007FFFC07FFFFFEF73
:1035C000FFC3FFFFE3FFFC7FFEFFDFFFFFFFFFF70F
:1035D000FFFFFE00FFFC00FFFFC07FFFFFEFFFE0EB
:1035E000FFFFC3FFFC3FFEFFDFFFFFFFFFF7FFFF13
:1035F000FE007FF001FFFFC07FFFFFEFFFFC1FFF1A
:10360000C7FFFE3FFEFFDFFFFFFFFFF7FFFFFF00EB
:103610001FC003FFFFC07FFFFFEFFFFF0FFFC7FFCC
:10362000FE3FFEFFDFFFFFFFFFF7FFFFFF00000091
:1036300007FFFFC07FFFFFEFFFFF0FFFC7FFFE3F4A
:10364000FEFFDFFFFFFFFFF7FFFFFF8000000FFF20
:10365000FFC07FFFFFEFFFFC1FFFC7FFFE3FFE0025
:103660001FFFFFFFFFF7FFFFFFC000001FFFFFC0AE
:103670007FFFFFEFFFE0FFFFC3FFFC3FFFFFFFFF08
:10368000FFFFFFF7FFFFFFE000007FFFFFC07FFFAE
:10369000FFEFFFC3FFFFE1FFFC7FFFFFFFFFFFFF27
:1036A000FFF7FFFFFFF80000FFFFFFC07FFFFFEF06
:1036B000FFDFFFFFE07FE07FFFFFFFFFFFFFFFF780
:1036C000FFFFFFFE0007FFFFFFC07FFFFFEFFFFFD1
:1036D000FFFFF00000FFFFFFFFFFFFFFFFF7FFFF0F
:1036E000FFFF803FFFFFFFC07FFFFFEFFFF83FFFBF
:1036F000FC0003FFFFFFFFFFFFFFFFF7FFFFFFFFE0
:10370000FFFFFFFFFFC07FFFFFEFFFE01FFFFF8016
:103710001FFFFFFFFFFFFFFFFFF7FFFFFFFFFFFFA1
:10372000FFFFFFFFFFFFFFEFFFC78FFFFFFFFFFF61
:10373000FFFFFFFFFFFFFFF7FFFFFFFFFFFFFFFFA1
:10374000FFFFFFFFFFEFFFCFCFFFFFFFFFFFFFFFF9
:10375000FFFFFFFFFFF7FFFFFFFFFFFFFFFFFFFF81
:10376000FFFFFFEFFFDFEFFFFF801FFFFFFFFFFF08
:10377000FFFFFFF7FFFFFFFFFFFFFFFFFFFFFFFF61
:10378000FFEFFFDFEFFFFC0003FFFFFFFFFFFFFF87
:10379000FFF7FFFFFFFFFFFFFFFFFFFFFFFFFFEF51
:1037A000FFCFCFFFF00000FFFFFFFFFFFFFFFFF79E
:1037B000FFFFFFFFFFFFFFFFFFFFFFFFFFEFFFC761
:1037C0008FFFE07FE07FFFFFFFFFFFFFFFF7FFFFBF
:1037D000FFFFFFFFFFFFFFFFFFFFFFEFFFE01FFF08
:1037E000E3FFFC7FFFFFFFFFFFFFFFF7FFFFFFFF90
:1037F000FFFFFFFFFFFFFFFFFFEFFFF07FFFC3FFB4
:10380000FC3FFFFFFFFFFFFFFFF7FFFFFFFFFFFF93
:10381000FFFFFFFFFFFFFFEFFFFFFFFFC7FFFE3FC1
:10382000FFFFFFFFFFFFFFF7FFFFFFFFFFFFFFFFB0
:10383000FFFFFFFFFFEFFFFFFFFFC7FFFE3FFFFFA1
:10384000FFFFFFFFFFF7FFFFFFFFFFFFFFFFFFFF90
:10385000FFFFFFEFFFF83FFFC7FFFE3FFFFFFFFF48
:10386000FFFFFFF7FFFFFFFFFFFFFFFFFFFFFFFF70
:10387000FFEFFFE01FFFC7FFFE3FFFFFFFFFFFFF60
:10388000FFF7FFFFFFFFFFFFFFFFFFFFFFFFFFEF60
:10389000FFE78FFFC3FFFC3FFFFFFFFFFFFFFFF7C7
:1038A000FFFFFFFFFFFFFFFFFFFFFFFFFFEFFFCF68
:1038B000CFFFE1FFFC7FFFFBDFFFFFFFFFF7FFFF15
:1038C000FFFFFFFFFFFFFFFFFFFFFFEFFFDFEFFF48
:1038D000E07FE07FFFF81FFFFFFFFFF7FFFFFFFF25
:1038E000FFFFFFFFFFFFFFFFFFEFFFDFEFFFF00036
:1038F00000FFFF82DFFFFFFFFFF7FFFFFFFFFFFF7C
:10390000FFFFFFFFFFFFFFEFFFCFCFFFFC0003FF35
:10391000FFAABFFFFFFFFFF7FFFFFFFFFFFFFFFF54
:10392000FFFFFFFFFFEFFFEFDFFFFF801FFFFFAA9B
:10393000BFFFFFFFFFF7FFFFFFFFFFFFFFFFFFFFDF
:10394000FFFFFFEFFFFFFFFFFFFFFFFFFFA80FFFDE
:10395000FFFFFFF7FFFFFFFFFFFFFFFFFFFFFFFF7F
:10396000FFEFFFFFFFFFFFFFFFFFFFAAAFFFFFFF1C
:10397000FFF7FFFFFFFFFFFFFFFFFFFFFFFFFFEF6F
:10398000FFFFFFFFC7FFFFFFFFAA2FFFFFFFFFF7AC
:10399000FFFFFFFFE0FFFFFFFFFFFFFFFFEFFFFF66
:1039A000FFFFC7FFFFFFFFAA9FFFFFFFFFF7FFFF1C
:1039B000FFFF9F7FFFFFFFFFFF07FFEFFFFFFFFFFF
:1039C000C7FFFFFFFF829FFFFFFFFFF7FFFFFFFF24
:1039D0007FBFFFFFFFFFF803FFEFFFFFFFFFC7FF02
:1039E000FFFFFFFA6FFFFFFFFFF7FFFFFFFEFFDFA5
:1039F000FFFFFFFFE0F1FFEFFFFFFFFFC7FFFC3F0F
:103A0000FFFBEFFFFFFFFFF7FFF00001FFEFFFFFFE
:103A1000FFFF83F8FFEFFFF81FFFC7FFC03FFFDA8C
:103A2000BFFFFFFFFFF7FFEFB377FFEFFFFFFFFEE3
:103A30000FFC7FEFFFF80FFFC7FE003FFFCA6FFFCD
:103A4000FFFFFFF7FFEFBFFFFFEFFFFFFFFC3FFEB2
:103A50007FEFFFFFEFFFC7F803FFFF92EFFFFFFFCE
:103A6000FFF7FFEFBFFFFF6FFFFFFFF0FFFE7FEFEE
:103A7000FFFFEFFFC7E03FFFFF900FFFFFFFFFF7E4
:103A8000FFEFFFFFFE6FFFFFFFF0FFFE7FEFFFFF87
:103A9000CFFFC7C1FFFFFFCA7FFFFFFFFFF7FFF7A1
:103AA000FFFFFCEFFFFFFFFC3FFE7FEFFFF80FFF84
:103AB000C707FFFFFFFA8FFFFFFFFFF7FFF80000C8
:103AC000F9EFFFFFFFFE0FFC7FEFFFF80FFFC61FB0
:103AD000FFFFFFC03FFFFFFFFFF7FFFFFFFF7FDF9D
:103AE000FFFFFFFF83F8FFEFFFFFFFFFC47FFFFF34
:103AF000FFDBFFFFFFFFFFF7FFFFFFFFBFBFFFFF82
:103B0000FFFFE0F1FFEFFFFFFFFFC0FFFFFFFFDB65
:103B1000FFFFFFFFFFF7FFFFFFFFC07FFFFFFFFF7C
:103B2000F803FFEFFFFC1FFFC3FFFFFFFFB80FFF0E
:103B3000FFFFFFF7FFFFFFFFFFFFFFFFFFFFFF0795
:103B4000FFEFFFF80BFFC7FFFFFFFFBBFFFFFFFF0C
:103B5000FFF7FFFFFFFFFFFFFFFFFFFFFFFFFFEF8D
:103B6000FFF9C9FFFFFFFFFFFFFBFFFFFFFFFFF7AD
:103B7000FFFFFFFFFFFFFFFFFFFFFFFFFFEFFFFB69
:103B8000EDFFFFFFFFFFFFFEDFFFFFFFFFF7FFFF80
:103B9000FFFFFFFFFFFFFFFFFFFFFFEFFFF9C9FF81
:103BA000FFFFFFFFFFD6DFFFFFFFFFF7FFFFFFFF76
:103BB000FFFFFFFFFFFFFFFFFFEFFFF801FFC00365
:103BC000FE3FFFD6BFFFFFFFFFF7FFFFFFFFFFFF37
:103BD000FFFFFFFFFFFFFFEFFFF803FFC003FE3F04
:103BE000FFDABFFFFFFFFFF7FFFFFFFFFFFFFFFF52
:103BF000FFFFFFFFFFEFFFFFFFFFC003FE3FFFDE02
:103C00007FFFFFFFFFF7FFFFFFFFFFFFFFFFFFFF4C
:103C1000FFFFFFEFFFFFFBFFC7E3FE3FFFCC0FFF00
:103C2000FFFFFFF7FFFFFFFFFFFFFFFFFFFFFFFFAC
:103C3000FFEFFFFFC3FFC7E3FE3FFFD27FFFFFFFA2
:103C4000FFF7FFFFFFFFFFFFFFFFFFFFFFFFFFEF9C
:103C5000FFFF07FFC7E3FE3FFFDEBFFFFFFFFFF7EA
:103C6000FFFFFFFFFFFFFFFFFFFFFFFFFFEFFFFC77
:103C70003FFFC7E3FE3FFFBABFFFFFFFFFF7FFFFB6
:103C8000FFFFFFFFFFFFFFFFFFFFFFEFFFE0FFFF73
:103C9000C7E1FC3FFFB6DFFFFFFFFFF7FFFFF3FFCA
:103CA000FE7FFFFFFFFFFFFFFFEFFFC3FFFFC7F137
:103CB000FC7FFFAEDFFFFFFFFFF7FFFF83FFF87F13
:103CC000FFFFFFFFF0FFFFEFFFDFFFFFC7F0F87F11
:103CD000FFFEDFFFFFFFFFF7FFFF03FFF07FFFFFA8
:103CE000FFFFE0FFFFEFFFFFFFFFC7F800FFFFFB55
:103CF0006FFFFFFFFFF7FFFE0FFFE07FFFFFFFFFFC
:103D000080FFFFEFFFF80FFFC7FC01FFFFF76FFF1A
:103D1000FFFFFFF7FFFE3FFFC47FFFFFFFFF00FF36
:103D2000FFEFFFF80FFFFFFE07FFFFC05FFFFFFF82
:103D3000FFF7FFFE3FFF847FFFFFFFFE08FFFFEF5F
:103D4000FFF9FFFFFFFFFFFFFF955FFFFFFFFFF79B
:103D5000FFFC7FFF0C7FFFFFFFF838FFFFEFFFFB4B
:103D6000FFFFFFFFFFFFFFD55FFFFFFFFFF7FFFC38
:103D70007FFF1C7FFFFFFFF078FFFFEFFFF80FFFD3
:103D8000FFFFFFFFFFD53FFFFFFFFFF7FFFC7FFEB9
:103D90003C7FFFFFFFC1F8FFFFEFFFFC0FFFFFFFBE
:103DA000FFFFFF800FFFFFFFFFF7FFFC7FFC7C7F23
:103DB000FFFFFF83F8FFFFEFFFF9FFFFFFFFFFFFAC
:103DC000FF953FFFFFFFFFF7FFFC7FF87C7FFFFFC2
:103DD000FF0FF8FFFFEFFFFBFFFFFFFFFFFFFFD528
:103DE0005FFFFFFFFFF7FFFC7FF0FC7FFFFFFC1F83
:103DF000F8FFFFEFFFFBFFFFFFFFFFFFFFD55FFFB8
:103E0000FFFFFFF7FFFC3FE1FC7FFFFFF83FF8FFFC
:103E1000FFEFFFF80FFFFFFFFFFFFFD56FFFFFFF73
:103E2000FFF7FFFE3FC3FC7FFFFFF0000001FFEF45
:103E3000FFFC0FFFFFFFFFFFFFDF6FFFFFFFFFF73D
:103E4000FFFE0F07FC7FFFFFF0000001FFEFFFFF09
:103E5000FFFFFFFFFFFFFFFFFFFFFFFFFFF7FFFF7A
:103E6000000FFC7FFFFFF0000001FFEFFF7BFFFF73
:103E7000FFFFFFFFFFC01FFFFFFFFFF7FFFF803FB8
:103E8000FC7FFFFFFFFFF8FFFFEFFF5BFFFFFFFF80
:103E9000FFFFFFDBBFFFFFFFFFF7FFFFE0FFFC7F40
:103EA000FFFFFFFFF8FFFFEFFF03FFFFFFFFFFFF35
:103EB000FFDBBFFFFFFFFFF7FFFFFFFFFFFFFFFF7E
:103EC000FFFFF8FFFFEFFF23FFFFFFFFFFFFFFC034
:103ED0001FFFFFFFFFF7FFFFFFFFFFFFFFFFFFFFDA
:103EE000FFFFFFEFFFFFFFFFFFFFFFFFFFEFFFFF02
:103EF000FFFFFFF7FFFFFFFFFFFFFFFFFFFFFFFFDA
:103F0000FFEFFFFFFFFFFFFFFFFFFFEBFFFFFFFFE5
:103F1000FFF7FFFFFFFFFFFFFFFFFFFFFFFFFFEFC9
:103F2000FFFFFFFFFFFFFFFFFFECEFFFFFFFFFF7CC
:103F3000FFFFFFFFFFFFFFFFFFFFFFFFFFEFFFFFA1
:103F4000FFFFFFFFFFFFFFEFEFFFFFFFFFF7FFFFA9
:103F5000FFFFFFFFFFFFFFFFFFFFFFEFFFFFFFFF81
:103F6000FFFFFFFFFF800FFFFFFFFFF7FFFFFFFFD8
:103F7000F1FFFFFFFFFFFFFFFFEFFFFFFFFFFFFF6F
:103F8000FFFFFFEFFFFFFFFFFFF7FFFE3FFFF8FF21
:103F9000FFFFFFFFFFFFFFEFFFFFFFFFFFFFFFFF41
:103FA000FFEFFFFFFFFFFFF7FFFC7FFFF8FFFFFFC3
:103FB000FFE03FF1FFEFFFFFFFFFFFFFFFFFFFFF0E
:103FC000FFFFFFFFFFF7FFFC7F8FFC7FFFFFF0008D
:103FD0003FF1FFEFFFFFFFFFFFFFFFFFFFE00FFFDE
:103FE000FFFFFFF7FFF8FF8FFC7FFFFFF0003FF1BF
:103FF000FFEFFFFFFFFFFFFFFFFFFFBFFFFFFFFF21
:10400000FFF7FFF8FF8FFC7FFFFFF0FE3FF1FFEFB0
:10401000FFFFFFFFFFFFFFFFFFDFFFFFFFFFFFF7D8
:10402000FFF8FF8FFC7FFFFFF1FE3FF1FFEFFFFF87
:10403000FFFFFFFFFFFFFFE01FFFFFFFFFF7FFF89E
:10404000FF8FFC7FFFFFF1FE3FF1FFEFFFFFFFFF60
:10405000FFFFFFFFFFADBFFFFFFFFFF7FFF8FF8F81
:10406000FC7FFFFFF1FE3FF1FFEFFFFFFFFFFFFFD0
:10407000FFFFFFADBFFFFFFFFFF7FFF8FF07FC7F6C
:10408000FFFFF1FE3FF1FFEFFFFFFFFFFFFFFFFF2D
:10409000FFA02FFFFFFFFFF7FFF87F07F87FFFFF6D
:1040A000F1FE1FF1FFEFFFFFFFFFFFFFFFFFFFBF6D
:1040B000EFFFFFFFFFF7FFFC3E23F0FFFFFFF1FFE5
:1040C0001FE3FFEFFFFFFFFFFFFFFFFFFFBFEFFF5C
:1040D000FFFFFFF7FFFC0061E0FFFFFFF1FF0FC3F1
:1040E000FFEFFFFFFFFFFFFFFFFFFF800FFFFFFF5F
:1040F000FFF7FFFE006001FFFFFFF1FF0787FFEF03
:10410000FFFFFFFFFFFFFFFFFFFFFFFFFFFFFFF7C7
:10411000FFFF00F003FFFFFFF1FF8007FFEFFFFF4E
:10412000FFFFFFFFFFFFFFFFFFFFFFFFFFF7FFFFA7
:1041300083F807FFFFFFF1FFC00FFFEFFFFFFFFF57
:10414000FFFFFFFFFFFFFFFFFFFFFFF7FFFFFFFC8A
:104150000FFFFFFFFFFFF03FFFEFFFFFFFFFFFFF3E
:10416000FFFFFFFFFFFFFFFFFFF7FFFFFFFFFFFF67
:10417000FFFFFFFFFFFFFFEFFFFFFFFFFFFFFFFF5F
:10418000FFFFFFFFFFFFFFF7FFFFFFFFFFFFFFFF47
:10419000FFFFFFFFFFEFFFFFFFFFFFFFFFFFFFFF3F
:1041A000FFFFFFFFFFF7FFFFFFFFFFFFFFFFFFFF27
:1041B000FFFFFFEFFFFFFFFFFFFFFFFFFFF99FFF85
:1041C000FFFFFFF7FFFFFFFFFC7FFFFFFFFFFFFF8A
:1041D000FFEFFFFFFFFFFFFFFFFFFFF99FFFFFFF65
:1041E000FFF7FFFFFFFFFC7FFFFFFFFFFFF1FFEF88
:1041F000FFFFFFFFFFFFFFFFFFFFFFFFFFFFFFF7D7
:10420000FFFFFFFFFC7FFFFFFFFFFFF1FFEFFFFF5F
:10421000FFFFFFFFFFFFFFFFFFFFFFFFFFF7FFFFB6
:10422000FFFFFFFFFFFFFFFFFFF1FFEFFFFFFFFFBC
:10423000FFFFFFFFFFFFFFFFFFFFFFF7FFFFFFFF96
:10424000FFFFFFFFFFFFFFFFFFEFFFFFFFFFFFFF8E
:10425000FFFFFFEFEFFFFFFFFFF7FFFFFFFFFFFF96
:10426000FFFFFFFFFFFFFFEFFFFFFFFFFFFFFFFF6E
:10427000FFDFCFFFFFFFFFF7FFFFFFFFFFFFFFFFA6
:10428000FFFFFFFFFFEFFFFFFFFFFFFFFFFFFFDF6E
:10429000AFFFFFFFFFF7FFFFFFFFFFFFFFFFFFFF86
:1042A000FFFFFFEFFFFFFFFFFFFFFFFFFFDE6FFFDF
:1042B000FFFFFFF7FFFFFFFC3FFFFFFFFFFFFFFFD9
:1042C000FFEFFFFFFFFFFFFFFFFFFFE1EFFFFFFF3C
:1042D000FFF7FFFFFFF83FFFFFFFFFFFFFFFFFEFCD
:1042E000FFFFFFFFFFFFFFFFFFFFFFFFFFFFFFF7E6
:1042F000FFFFFFE03FFFFFFFFFFFFFFFFFEFFFFFBD
:10430000FFFFFF801FFFFFFFFFFFFFFFFFF7FFFF24
:10431000FFC03FFFFFFFFFFFFFC7FFEFFFFFFFFFF4
:10432000FC0003FFFFF03FFFFFFFFFF7FFFFFF82EF
:104330003FFFFFFFF8FFFFE3FFEFFFFFFFFFF0008E
:1043400000FFFFEFDFFFFFFFFFF7FFFFFE0E3FFF66
:10435000FFFFF1FFFFE3FFEFFFFFFFFFE07FE07FE5
:10436000FFDFEFFFFFFFFFF7FFFFFC1E3FFFFFFF39
:10437000F1FE3FF1FFEFFFFFFFFFE3FFFC7FFFEFE9
:10438000DFFFFFFFFFF7FFFFF07E3FFFFFFFE3FED2
:104390003FF1FFEFFFFFFFFFC3FFFC3FFFF03FFFD9
:1043A000FFFFFFF7FFFFE0FE3FFFFFFFE3FE3FF1F0
:1043B000FFEFFFFFFFFFC7FFFE3FFFFFFFFFFFFF16
:1043C000FFF7FFFFC3FE3FFFFFFFE3FE3FF1FFEFFD
:1043D000FFF83FFFC7FFFE3FFFEFEFFFFFFFFFF7D5
:1043E000FFFF07FE3FFFFFFFE3FE3FF1FFEFFFE0B0
:1043F0001FFFC7FFFE3FFFDFCFFFFFFFFFF7FFFEFF
:104400000FFE3FFFFFFFE3FE3FF1FFEFFFE78FFFF0
:10441000C7FFFE3FFFDFAFFFFFFF07F7FFFC000016
:10442000007FFFFFE3FC1FF1FFEFFFCFCFFFC3FFD4
:10443000FC3FFFDE6FFFFFFF07F7FFFC0000007F80
:10444000FFFFE1FC1FE1FFEFFFDFEFFFE1FFFC7F7C
:10445000FFE1EFFFFFFF07F7FFFC0000007FFFFF1A
:10446000F0F88FC3FFEFFFDFEFFFE07FE07FFFFF9C
:10447000FFFFFFFFFFF7FFFFFFFE3FFFFFFFF00122
:104480008783FFEFFFCFCFFFF00000FFFFFFFFFFAD
:10449000FFFFFFF7FFFFFFFE3FFFFFFFF801800771
:1044A000FFEFFFEFDFFFFC0003FFFFEFEFFFFFF881
:1044B00007F7FFFFFFFE3FFFFFFFFC03C00FFFEF0B
:1044C000FFFFFFFFFF801FFFFFDFCFFFFFF807F7B2
:1044D000FFFFFFFFFFFFFFFFFE0FE01FFFEFFFFFEC
:1044E000FFFFFFFFFFFFFFDFAFFFFFF807F7FFFF53
:1044F000FFFFFFFFFFFFFFFFF03FFFEFFFF83FFF72
:10450000FFFFFFFFFFDE6FFFFFFFFFF7FFFFFFFF74
:10451000FFFFFFFFFFFFFFFFFFEFFFE01FFFFFFFBA
:104520000FFFFFE1EFFFFFFFFFF7FFFFFFFFFFFFC1
:10453000FFFFFFFFFFFFFFEFFFC78FFFFFFE0FFF34
:10454000FFFFFFFFFFC007F7FFFFFFFFFFFFFFFFBA
:10455000FFFFFFFFFFEFFFCFCFFFFFFC0FFFFFFFCE
:10456000FFFFFFC007F7FFFFFFFFFFFFFFFFFFFF9A
:10457000FFFFFFEFFFDFEFFFFFF88FFFFFFFFFFF02
:10458000FFC007F7FFFFFFFFFFFFFFFFFFFFFFFF7A
:10459000FFEFFFDFEFFFFFE18FFFFFFFFFFFFFFFF9
:1045A000FFF7FFFFFFFFFFFFFFFFFFFFFFFFFFEF33
:1045B000FFCFCFFFFFC38FFFFFFFFFFFFFFFFFF71F
:1045C000FFFFFFFFFFFFFFFFFFFFFFFFFFEFFFC743
:1045D0008FFFFF878FFFFFF03FFFFE0007F7FFFF12
:1045E000FFFFFFFFFFFFFFFFFFFFFFEFFFE01FFFEA
:1045F000FF1F8FFFFFEFDFFFFE0007F7FFFFFFFF4B
:10460000FFFFFFFFFFFFFFFFFFEFFFF07FFFFC3F1C
:104610008FFFFFDFEFFFFE0007F7FFFFFFFFFFFF4A
:10462000FFFFFFFFFFFFFFEFFFFFFFFFF87F8FFFA1
:10463000FFEFDFFFFFFFFFF7FFFFFFFFFFFFFFFFC2
:10464000FFFFFFFFFFEFFFFFF7FFF0FF8FFFFFF020
:104650003FFFFFFFFFF7FFFFFFFFFFFFFFFFFFFF32
:10466000FFFFFFEFFFFEE7FFE000003FFFFFFFFF60
:10467000FFFFE7F7FFFFFFFFFFFFFFFFFFFFFFFF6A
:10468000FFEFFFFEC7FFC000003FFFE31FFFFFFF7C
:10469000E7F7FFFFFFFFFFFFFFFFFFFFFFFFFFEF5A
:1046A000FFFE17FFC000003FFFDCEFFFFFFFE7F753
:1046B000FFFFFFFFFFFFFFFFFFFFFFFFFFEFFFFE1B
:1046C00037FFFFFF8FFFFFDDEFFFFFFFFFF7FFFF6C
:1046D000FFFFFFFFFFFFFFFFFFFFFFEFFFFFFFFFFA
:1046E000FFFF8FFFFFDCEFFFFFFFFFF7FFFFFFF094
:1046F000FFFFFFFFFFFFFFFFFFEFFFFFFFFFFFFFDA
:104700008FFFFFE31FFFFFFFFFF7FFFFFFE67FFFC6
:10471000FFFFFFFFC3FFFFEFFFFFFFFFFFFFFFFFF5
:10472000FFFFFFFFFFFFFFF7FFFFFFEF7FFFFFFF31
:10473000FFFF80FFFFEFFFFFFFFFFFFFFFFFFFFF18
:10474000FFFFFFFFFFF7FFFFFFEF7FFFFFFFFFFF11
:104750003E7FFFEFFFFFFFFFFFFFF8FFFFFFFFFFC1
:10476000FFFFFFF7FFFFFFE67FFFFFFFFFFF7F7DFC
:10477000FFEFFFFFFFFFF1FFFC7FFFFFFFFFFFFFEA
:10478000FFF7FFFFFFF0FFFFFFFFFFFF3E79FFEFA7
:10479000FFF801FFE3FFFC7FFFF03FFFFFFFFFF7A4
:1047A000FFFFFFFF80FFFFFFFFFF80E7FFEFFFF846
:1047B00001FFE3F1FE3FFFEFDFFFFFFFFFF7FFFF2A
:1047C000FFFE007FFFFFFFFFC38FFFEFFFF9CFFF6B
:1047D000C7F1FE3FFFDFEFFFFFFFFFF7FFFFFFFC2B
:1047E0007E3FFFFFFFFFFE3FFFEFFFFBEFFFC7F145
:1047F000FE3FFFEFDFFFFFFFFFF7FFFFFFF8FF1FA9
:10480000FFFFFFFFF8FFFFEFFFF9CFFFC7F1FE3F0C
:10481000FFF03FFFFFFFFFF7FFFFFFF9FF8FFFFFF5
:10482000FFFFF307FFEFFFF80FFFC7F1FE3FFFFFAA
:10483000FFFFFFFFFFF7FFFFFFF3FFCFFFFFFFFFCC
:10484000C603FFEFFFFC1FFFC7E1FE3FFFFFFFFFB7
:10485000FFFFFFF7FFFFFFF3FFCFFFFFFFFF1CF995
:10486000FFEFFFFFFFFFC3E0FC3FFFF0FFFFFC0097
:104870001FF7FFFFFFF3FFCFFFFFFFFF7DFDFFEF00
:10488000FFFFFFFFE004FC7FFFEF6FFFFC001FF75F
:10489000FFFFFFF3FFCFFFFFFFFFFDFDFFEFFFF87F
:1048A00001FFF00C787FFFDF6FFFFCFF9FF7FFFF3A
:1048B000FFF3FFCFFFFFFFFFFCF9FFEFFFF801FF62
:1048C000FC3C00FFFFEF1FFFFC809FF7FFFFFFF1A5
:1048D000FF8FFFFFFFFFFE03FFEFFFF9CFFFFFFE9C
:1048E00001FFFFF07FFFFC809FF7FFFFFFFFFFFF4F
:1048F000FFFFFFFFFF07FFEFFFFBEFFFFFFF83FF60
:10490000FFFFFFFFFC809FF7FFFFFFFFFFFFFFFFA1
:10491000FFFFFFFFFFEFFFF9CFFFFFFFFFFFFFFFED
:10492000FFFFFCFF9FF7FFFFFFFFFFFFFFFFFFFF02
:10493000FFFFFFEFFFF80FFFFFFFFFFFFFFFFFFF8E
:10494000FCFF9FF7FFFFFFFFFFFFFFFFFFFFFFFFE2
:10495000FFEFFFFC1FFFC7FFFFFFFFFFFFFFFCFF95
:104960009FF7FFFFFFFFFFFFFFFFFFFFFFFFFFEFCF
:10497000FFFFFFFFC7FFFFFFFFF03FFFFCFF9FF7B9
:10498000FFFFFFFFFFFFFFFFFFFFFFFFFFEFFFFF47
:10499000FFFFC7FFFFFFFFEFDFFFFCFF9FF7FFFFFA
:1049A000FFFFFFFFFFFFFFFFFFFFFFEFFFF80FFF1E
:1049B000C7FFFFFFFFDFEFFFFCFF9FF7FFFFFFFFDA
:1049C000FFFFFFFFFFFFFFFFFFEFFFF80FFFC7FF36
:1049D000FC3FFFEFDFFFFCFF9FF7FFFFFFFFFFFF45
:1049E000FFFFFFFFFFFFFFEFFFF9FFFFC7FFC03F24
:1049F000FFF03FFFFCFF9FF7FFFFFFFFFFFFFFFF01
:104A0000FFFFFFFFFFEFFFFBFFFFC7FE003FFFFFC2
:104A1000FFFFFCFF9FF7FFFFFFFFFFFFFFFFFFFF11
:104A2000FFFFFFEFFFF80FFFC7F803FFFFFFDFFFF8
:104A3000FCFF9FF7FFFFFFFFFFFFFFFFFFFFFFFFF1
:104A4000FFEFFFFC0FFFC7E03FFFFFEFEFFFFCFFB3
:104A50009FF7FFFFFFFFFFFFFFFFFFFFFFFFFFEFDE
:104A6000FFF9FFFFC7C1FFFFFFDDEFFFFCFF9FF76F
:104A7000FFFFFFFFFFFFFFFFFFFFFFFFFFEFFFFB5A
:104A8000FFFFC707FFFFFFDCEFFFFCFF9FF7FFFF04
:104A9000FFFFFFFFFFFFFFFFFFFFFFEFFFFBFFFF3A
:104AA000C61FFFFFFFE21FFFFCFF9FF7FFFFFFFF97
:104AB000FFFFFFFFFFFFFFFFFFEFFFF80FFFC47FC8
:104AC000FFFFFFFFFFFFFCFF9FF7FFFFFFFFFFFF61
:104AD000FFFFFFFFFFFFFFEFFFFC0FFFC0FFFFFF28
:104AE000FFFFFFFFFCFF9FF7FFFFFFFFFFFFFFFF41
:104AF000FFFFFFFFFFEFFFFFFFFFC3FFFFFFFFF918
:104B0000CFFFFCFF9FF7FFFFFFFFFFFFFFFFFFFF50
:104B1000FFFFFFEFFFFFFFFFC7FFFFFFFFFFFFFFED
:104B2000FCFF9FF7FFFFFFFFFFFFFFFFFFFFFFFF00
:104B3000FFEFFFFFFFFFFFFFFFFFFFEFEFFFFC00B7
:104B40001FFFFFFFFFFFFFFFFFFFFFFFFFFFFFEF65
:104B5000FFFFFFFFFFFFFFFFFFDFCFFFFC001FFF97
:104B6000FFFFFFFFFFFFFFFFFFFFFFFFFFEFFFFF65
:104B7000FFFFFFFFFFFFFFDFAFFFFF80FFFFFFFF34
:104B8000FFFFFFFFFFFFFFFFFFFFFFEFFFFFFFFF45
:104B9000FFFFFFFFFFDE6FFFFFFFFFFFFFFFFFFFD6
:104BA000FFFFFFFFFFFFFFFFFFFFFFFFFFFFFFFF15
:104BB000FFFFFFE1EFFFFFFFFFFFFFFFFFFFFFFF33
:104BC000FFFFFFFFFFFFFFFFFFFFFFFFFFFFFFFFF5
:104BD000FFFFFFFFFFFFFFFFFFFFFFFFFFFFFFFFE5
:104BE000FFFFFFFFFFFFFFFFFFFFFFFFFFFFFFF8DC
:104BF0001FFFFFFFFFFFFFFFFFFFFFFFFFFFFFFFA5
:104C0000FFFFFFFFFFFFFFFFFFFFFFFFFFE6EFFFDD
:104C1000FFFFFFFFFFFFFFFFFFFFFFFFFFFFFFFFA4
:104C2000FFFFFFFFFFFFFFFFFFFFFFDDF7FFFFFFBE
:104C3000FFFFFFFFFFFFFFFFFFFFFFFFFFFFFFFF84
:104C4000FFFFFFFFFFFFFFFFFFDDF7FFFFFFFFFF9E
:104C5000FFFFFFFFFFFFFFFFFFFFFFFFFFFFFFFF64
:104C6000FFFFFFFFFFFFFFDDF7FFFFFFFFFFFFFF7E
:104C7000FFFFFFFFFFFFFFFFFFFFFFFFFFFFFFFF44
:104C8000FFFFFFFFFFDCEFFFFFFFFFFFFFFFFFFF67
:104C9000FFFFFFFFFFFFFFFFFFFFFFFFFFFFFFFF24
:104CA000FFFFFFFE1FFFFFFFFFFFFFFFFFFFFFFFF5
:104CB000FFFFFFFFFFFFFFFFFFFFFFFFFFFFFFFF04
:104CC000FFFFFFFFFFFFFFFFFFFFFFFFFFFFFFFFF4
:104CD000FFFFFFFFFFFFFFFFFFFFFFFFFFFFFFFFE4
:104CE000FFFFFFFFFFFFFFFFFFFFFFFFFFFFFFFFD4
:104CF000FFFFFFFFFFFFFFFFFFFFFFFFFFFFFFFFC4
:104D0000FFFFFFFFFFFFFFFFFFFFFFFFFFFFFFFFB3
:104D1000FFFFFFFFFFFFFFFFFFFFFFFFFFFFFFFFA3
:104D2000FFFFFFFFFFFFFFFFFFFFFFFFFFFFFFFF93
:104D3000FFFFFFFFFFFFFFFFFFFFFFFFFFFFFFFF83
:104D4000FFFFFFFFFFFFFFFFFFFFFFFFFFFFFFFF73
:104D5000FFFFFFFFFFFFFFFFFFFFFFFFFFFFFFFF63
:104D6000FFFFFFFFFFFFFFFFFFFFFFFFFFFFFFFF53
:104D7000FFFFFFFFFFFFFFFFFFFFFFFFFFFFFFFF43
:104D8000FFFFFFFFFFFFFFFFFFFFFFFFFFFFFFFF33
:104D9000FFFFFFFFFFFFFFFFFFFFFFFFFFFFFFFF23
:104DA000FFFFFFFFFFFFFFFFFFFFFFFFFFFFFFFF13
:104DB000FFFFFFFFFFFFFFFFFFFFFFFFFFFFFFFF03
:104DC000FFFFFFFFFFFFFFFFFFFFFFFFFFFFFFFFF3
:104DD000FFFFFFFFFFFFFFFFFFFFFFFFFFFFFFFFE3
:104DE000FFFFFFFFFFFFFFFFFFFFFFFFFFFFFFFFD3
:104DF000FFFFFFFFFFFFFFFFFFFFFFFFFFFFFFFFC3
:104E0000FFFFFFFFFFFFFFFFFFFFFFFFFFFFFFFFB2
:104E1000FFFFFFFFFFFFFFFFFFFFFFFFFFFFFFFFA2
:104E2000FFFFFFFFFFFFFFFFFFFFFFFFFFFFFFFF92
:104E3000FFFFFFFFFFFFFFFFFFFFFFFFFFFFFFFF82
:104E4000FFFFFFFFFFFFFFFFFFFFFFFFFFFFFFFF72
:104E5000FFFFFFFFFFFFFFFFFFFFFFFFFFFFFFFF62
:104E6000FFFFFFFFFFFFFFFFFFFFFFFFFFFFFFFF52
:104E7000FFFFFFFFFFFFFFFFFFFFFFFFFFFFFFFF42
:104E8000FFFFFFFFFFFFFFFFFFFFFFFFFFFFFFFF32
:104E9000FFFFFFFFFFFFFFFFFFFFFFFFFFFFFFFF22
:104EA000FFFFFFFFFFFFFFFFFFFFFFFFFFFFFFFF12
:104EB000FFFFFFFFFFFFFFFFFFFFFFFFFFFFFFFF02
:104EC000FFFFFFFFFFFFFFFFFFFFFFFFFFFFFFFFF2
:104ED000FFFFFFFFFFFFFFFFFFFFFFFFFFFFFFFFE2
:104EE000FFFFFFFFFFFFFFFFFFFFFFFFFFFFFFFFD2
:104EF000FFFFFFFFFFFFFFFFFFFFFFFFFFFFFFFFC2
:104F0000FFFFFFFFFFFFFFFFFFFFFFFFFFFFFFFFB1
:104F1000FFFFFFFFFFFFFFFFFFFFFFFFFFFFFFFFA1
:104F2000FFFFFFFFFFFFFFFFFFFFFFFFFFFFFFFF91
:104F3000FFFFFFFFFFFFFFFFFFFFFFFFFFFFFFFF81
:104F4000FFFFFFFFFFFFFFFFFFFFFFFFFFFFFFFF71
:104F5000FFFFFFFFFFFFFFFFFF3FE7FFFFFFFFFF39
:104F6000FFFFFFFFFFFFFFFFFFFFFFFFFFFFFFFF51
:104F7000FFFFFFFFFFFFFE3FC7FFFFFFFFFFFFFF3A
:104F8000FFFFFFFFFFFFFFFFFFFFFFFFFFFFFFFF31
:104F9000FFFFFFFFFC7F87FFFFFFFFFFFFFFFFFF1C
:104FA000FFFFFFFFFFFFFFFFFFFFFFFFFFFFFFFF11
:104FB000FFFFFCFF27FFFFFFFFFFFFFFFFFFFFFFDC
:104FC000FFFFFFFFFFFFFFFFFFFFFFFFFFFFFFFFF1
:104FD000FCFE67FFFFFFFFFFFFFFFFFFFFFFFFFF7D
:104FE000FFFFFFFFFFFFFFFFFFFFFFFFFFFFFCFED5
:104FF00067F7FFFFFFFFFFFFFFFFFFFFFFFFFFFF61
:10500000FFFFFFFFFFFFFFFFFFFFFFFFFCFCE7F7D6
:10501000FFFFFFFFFFFFFFFFFFFFFFFFFFEFFFFFB0
:10502000FFFFFFFFFFFFFFFFFFFFFC71E7F7FFFF41
:10503000FFFFFFFFFFFFFFFFFFFFFFEFFFFFFFFF90
:10504000FFFFFFFFFFFFFFFFFE03E7F7FFFFFFFF8D
:10505000FFFFFFFFFFFFFFFFFFEFFFFFFFFFFFFF70
:10506000FFFFFFFFFFFFFF0FE7F7FFFFFFFFFFFF60
:10507000FFFFFFFFFFFFFFEFFFFFFFFFF87FFFFFD7
:10508000FFFFFFFFFFFFFFF7FFFFFFFFFFFFFFFF38
:10509000FFFFFFFFFFEFFFFFFFFF8007FFFFFFFFA7
:1050A000FFFFFFFFFFF7FFFFFFFFFFFFFFFFFFFF18
:1050B000FFFFFFEFFFFFFFFE07C1FFFFFFFFFFFF47
:1050C000FF803FF7FFFFFFFFFFFFFFFFFFFFFFFF37
:1050D000FFEFFFFFFFFC7FFC7FFFFFFFFFFFFE00F6
:1050E0000FF7FFFFFFFFFFFFFFFFFFFFFFFFFFEFD8
:1050F000FFFFFFF1FFFF1FFFFFFFFFFFFC7FCFF769
:10510000FFFFFFFFFFFFFFFFFFFFFFFFFFEFFFFFBF
:10511000FFE7FFFF8FFFFFFFFFFFFCFFE7F7FFFF4A
:10512000FFFFF01FFFFFFFFFFFFFFFEFFFFFFFCFBE
:10513000FFFFCFFFFFFFFFFFFCFFE7F7FFFFFFFFD2
:10514000E01FFFFFFFFFFFFFFFEFFFFFFF9FE7FFF6
:10515000E7FFFFFFFFFFFCFFE7F7FFFFFFFFE03F79
:10516000FFFFFFFFFFFFFFEFFFFFFF3F81FFF3FFA9
:10517000FFFFFFFFFCFFE7F7FFFFFFFFC03FFFFF61
:10518000FFFFFFFFFFEFFFFFFF3F81FBF1FFFFFF8F
:10519000FFFFFE7FC7F7FFFFFFFFC07FFFFFFFFF9F
:1051A000FFFFFFEFFFFFFE7F00FCF9FFFFFFFFFFA8
:1051B000FE000FF7FFFFFFFF807FFFFFFFFFFFFFF6
:1051C000FFEFFFFFFEFF00FE78FFFFFFFFFFFF8006
:1051D0003FF7FFFFFFFF00FFFFFFFFFFFFFFFFEFB6
:1051E000FFFFFEFF80FF3CFFFFFFFFFFFFFFFFF71A
:1051F000FFFFFFFF00FFFFFFFFFFFFFFFFEFFFFFCE
:10520000FCFF81FF9CFFFFFFFFFFFFFFFFF7FFFF9A
:10521000FFFE01FFFFFFFFFFFFFFFFEFFFFFFDFFAF
:10522000C3FFCC7FFFFFFFFFFF3FE7F7FFFFFFFC60
:1052300003FFFFFFFFFFFFFFFFEFFFFFFDFFFFFF8C
:10524000CE7FFFFFFFFFFE3FC7F7FFFFFFF803FF23
:10525000FFFFFFFFFFFFFFEFFFFFFDFFFFFFEE7F01
:10526000FFFFFFFFFC7F87F7FFFFFFF007FFFFFF58
:10527000FFFFFFFFFFEFFFFFF9FFFFFFE67FFFFFED
:10528000FFFFFCFF27F7FFFFFFE00FFFFFFFFFFF20
:10529000FFFFFFEFFFFFF9FFFFFFE67FFFFFFFFFCD
:1052A000FCFE67F7FFFFFFC00FFFFFFFFFFFFFFFE1
:1052B000FFEFFFFFF9FFFFFFE67FFFFFFFFFFCFEB1
:1052C00067F7FFFFFF801FFFFFFFFFFFFFFFFFEFFD
:1052D000FFFFFDFFFFFFEE7FFFFFFFFFFCFCE7F797
:1052E000FFFFFF000000000000007FFFFFEFFFFF57
:1052F000FDFFFFFFCE7FFFFFFFFFFC71E7F7FFFF22
:10530000FE000000000000007FFFFFEFFFFFFDFF39
:10531000E7FFCC7FFFFFFFFFFE03E7F7FFFFF8008B
:105320000000000000007FFFFFEFFFFFFCFF81FF98
:10533000CCFFFFFFFFFFFF0FE7F7FFFFF8000000C4
:10534000000000007FFFFFEFFFFFFEFF81FF1CFF5B
:10535000FFFFFFFFFFFFFFF7FFFFF8000000000067
:1053600000007FFFFFEFFFFFFEFF00FF38FFFFFFA2
:10537000FFFFFFFFFFF7FFFFF80000000000000045
:105380007FFFFFEFFFFFFE7F00FCF9FFFFFFFFFF46
:10539000FF3FE7F7FFFFF8000000000000007FFF7D
:1053A000FFEFFFFFFF3F81FBF1FFFFFFFFFFFE3F2E
:1053B000C7F7FFFFFFFFFFFFFFFFFFFFFFFFFFEF4D
:1053C000FFFFFF3F81FFF3FFFFFFFFFFFC7F87F73A
:1053D000FFFFFFFFFFFFFFFFFFFFFFFFFFEFFFFFED
:1053E000FF9FC3FFE7FFFFFFFFFFFCFF27F7FFFF64
:1053F000FFFFFFFFFFFFFFFFFFFFFFEFFFFFFFCFFD
:10540000FFFFCFFFFFFFFFFFFCFE67F7FFFFFFFF80
:10541000FFFFFFFFFFFFFFFFFFEFFFFFFFE7FFFFC4
:105420008FFFFFFFFFFFFCFE67F7FFFFFFFFFFFFA0
:10543000FFFFFFFFFFFFFFEFFFFFFFF1FFFF1FFF7A
:10544000FFFFFFFFFCFCE7F7FFFFFFFFFFFFFFFF92
:10545000FFFFFFFFFFEFFFFFFFF8FFFC7FFFFFFFF6
:10546000FFFFFC71E7F7FFFFFFFFFFFFFFFFFFFFFD
:10547000FFFFFFEFFFFFFFFE07C1FFFFFFFFFFFF83
:10548000FE03E7F7FFFFFFFFFFFFFFFFFFFFFFFF49
:10549000FFEFFFFFFFFF8007FFFFFFFFFFFFFF0F93
:1054A000E7F7FFFFFFFFFFFFFFFFFFFFFFFFFFEF3C
:1054B000FFFFFFFFF87FFFFFFFFFFFFFFFFFFFF78B
:1054C000FFFFFFFFFFFFFFFFFFFFFFFFFFEFFFFFFC
:1054D000FFFFFFFFFFFFFFFFFFFFFFFCFFF7FFFFE7
:1054E000FFFFFFFFFFFFFFFFFFFFFFEFFFFFFFFFDC
:1054F000FFFFFFFFFFFFFFFFFFFCFFF7FFFFFFFFC7
:10550000FFFFFFFFFFFFFFFFFFEFFFFFFFFFFFFFBB
:10551000FFFFFFFFFFFFFFFCFFF7FFFFFFFFFFFFA6
:10552000FFFFFFFFFFFFFFEFFFFFFFFFFFFFFFFF9B
:10553000FFFFFFFFFFFCFFF7FFFFFFFFFFFFFFFF86
:10554000FFFFFFFFFFEFFFFFFFFFFFFFFFFFFFFF7B
:10555000FFFFFFFCFFF7FFFFFFFFFFFFFFFFFFFF66
:10556000FFFFFFEFFFFFFFFFFFFFFFFFFFFFFFFF5B
:10557000FFFCFFF7FFFFFFFFFFFFFFFFFFFFFFFF46
:10558000FFEFFFFFFFFFFFFFFFFFFFFFFFFFFFFF3B
:10559000FFF7FFFFFFFFFFFFFFFFFFFFFFFFFFEF33
:1055A000FFFFFFFFFFFFFFFFFFFFFFFFFFFFFFF713
:1055B000FFFFFFFFFFFFFFFFFFF87FFFFFEFFFFF92
:1055C000FFFFFFFFFFFFFFFFFFFFFF803FF7FFFF32
:1055D000FFFFE3FFFFFFFFC07FFFFFEFFFFFFFFFC6
:1055E000FFFFFFFFFFFFFFFFFE000FF7FFFFFFFEC4
:1055F00003FFFFFFFF807FFFFFEFFFFFFFFFFFFFC6
:10560000FFFFFFFFFFFFFC7FCFF7FFFFFFF803FF68
:10561000FFFFFE007FFFFFEFFFFFFFFFFFFFFFFF2A
:10562000FFFFFFFFFCFFE7F7FFFFFFF001FFFFFFBA
:10563000FC007FFFFFEFFFFFFFFFFFFFFFFFFFFF0C
:10564000FFFFFCFFE7F7FFFFFFE001FFFFFFF800B0
:105650007FFFFFEFFFFFFFFFFFFFFFFFFFFFFFFFEA
:10566000FCFFE7F7FFFFFF8001FFFFFFE0007FFF88
:10567000FFEFFFFFFFFFFFFFFFFFFFFFFFFFFCFF4D
:10568000E7F7FFFFFF8001FFFFFFC0007FFFFFEF95
:10569000FFFFFFFFFFFFFFFFFFFFFFFFFE7FC7F7DB
:1056A000FFFFFF001FFFFFFF80007FFFFFEFFFFFF7
:1056B000FFFFFFFFFFFFFFFFFFFFFE000FF7FFFFF2
:1056C000FE007FFFFFFF00007FFFFFEFFFFFFFFFF8
:1056D000FFFFFFFFFFFFFFFFFF803FF7FFFFFE0021
:1056E000FFFFFFFF00407FFFFFEFFC000000000016
:1056F0000000003FFFFFFFFFFFF7FFFFFC01FFFF80
:10570000FFFE00C07FFFFFEFFFFFFFFFFFFFFFFF78
:10571000FFFFFFFFFFFFFFF7FFFFFC03FFFFFFFCA3
:1057200001C07FFFFFEFFFFFFFFFFFFFFFFFFFFF56
:10573000FFFFFFFE1FF7FFFFFC07FFFFFFF803C09F
:105740007FFFFFEFFFFFFFFFFFFFFFFFFFFFFFFFF9
:10575000FF0C0FF7FFFFFC07FFFFFFF007C07FFF05
:10576000FFEFFFFFFFFFFFFFFFFFFFFFFFFFFE0158
:10577000C7F7FFFFF807FFFFFFE00FC07FFFFFEF56
:10578000FFFFFFFFFFFFFFFFFFFFFFFFFCF3E7F758
:10579000FFFFF80FFFFFFFE01FC07FFFFFEFFFFFDE
:1057A000FFFFFFFFFFFFFFFFFFFFFCF3E7F7FFFF38
:1057B000F80FFFFFFFC03FC07FFFFFEFFFFFFFFFBE
:1057C000FFFFFFFFFFFFFFFFFCF3E7F7FFFFF80F0F
:1057D000FFFFFF807FC07FFFFFEFFFFFFFFFFFFFA7
:1057E000FFFFFFFDBFFFFCF3E7F7FFFFF80FFFFF31
:1057F000FF007FC07FFFFFEFFFFFFFFFFFFFFFFF07
:10580000FFADBFFFFE01C7F7FFFFF80FFFFFFE0070
:10581000FFC07FFFFFEFFFFFFFFFFFFFFFFFFFADB9
:105820007FFFFF0C0FF7FFFFF80FFFFFFC01FFC02A
:105830007FFFFFEFFFFFFFFFFFFFFFFFFFB57FFFD2
:10584000FFFE1FF7FFFFF80FFFFFF803FFC07FFF0A
:10585000FFEFFFFFFFFFFFFFFFFFFFBCFFFFFFFFAB
:10586000FFF7FFFFF80FFFFFF007FFC07FFFFFEF1D
:10587000FFFFFFFFFFFFFFFFFF981FFFFFFCFFF78A
:10588000FFFFF807FFFFE00FFFC07FFFFFEFFFFF05
:10589000FFFFFFFFFFFFFFA4FFFFFFFCFFF7FFFF7E
:1058A000FC07FFFFC01FFFC07FFFFFEFFFFFFFFFF1
:1058B000FFFFFFFFFFBD7FFFFFFCFFF7FFFFFC03C4
:1058C000FFFF803FFFC07FFFFFEFFFFFFFFFFFFFF6
:1058D000FFFFFF757FFFFFFCFFF7FFFFFC01FFFEEF
:1058E000007FFFC07FFFFFEFFFFFFFFFFFFFFFFF16
:1058F000FF6DBFFFFFFCFFF7FFFFFE00FFFC00FF97
:10590000FFC07FFFFFEFFFFFFFFFFFFFFFFFFF5D18
:10591000BFFFFFFCFFF7FFFFFE007FF001FFFFC0AE
:105920007FFFFFEFFF803FFFFFFFFFFFFFFDBFFF98
:10593000FFFFFFF7FFFFFF001FC003FFFFC07FFF58
:10594000FFEFFF803FFFFFFFFFFFFFF6DFFFFFFFDF
:10595000FFF7FFFFFF00000007FFFFC07FFFFFEF23
:10596000FFB77FFFFF801FFFFFEEDFFFFFFFFFF7A7
:10597000FFFFFF8000000FFFFFC07FFFFFEFFFB7BB
:105980007FFFFC0003FFFF80BFFFFFBFFFF7FFFFAC
:10599000FFC000001FFFFFC07FFFFFEFFFB77FFFCB
:1059A000F00000FFFF2ABFFFFF3FFFF7FFFFFFE010
:1059B00000007FFFFFC07FFFFFEFFF8007FFE07F5A
:1059C000E07FFFAABFFFFE7FFFF7FFFFFFF80000A9
:1059D000FFFFFFC07FFFFFEFFF8007FFE3FFFC7FBC
:1059E000FFAA7FFFFC0007F7FFFFFFFE0007FFFF96
:1059F000FFC07FFFFFEFFFB77FFFC3FFFC3FFF004C
:105A00001FFFFC0007F7FFFFFFFF803FFFFFFFC006
:105A10007FFFFFEFFFB77FFFC7FFFE3FFF2A7FFF3C
:105A2000FFFFFFF7FFFFFFFFFFFFFFFFFFC07FFF4D
:105A3000FFEFFF803FFFC7FFFE3FFFAABFFFFFFF53
:105A4000FFF7FFFFFFFFFFFFFFFFFFFFFFFFFFEF7E
:105A5000FF803FFFC7FFFE3FFFAABFFFFFFFFFF72B
:105A6000FFFFFFFFFFFFFFFFFFFFFFFFFFEFFFFF56
:105A7000FFFFC7FFFE3FFFAADFFFFFFFFFF7FFFFAC
:105A8000FFFFFFFFFFFFFFFFFFFFFFEFFFFFFFFF36
:105A9000C3FFFC3FFFBEDFFFFFFFFFF7FFFFFFFF7E
:105AA000FFFFFFFFFFFFFFFFFFEFFFFFFFFFE1FF34
:105AB000FC7FFFFFFFFFFF803FF7FFFFFFFFFFFFC0
:105AC000FFFFFFFFFFFFFFEFFFB007FFE07FE07F7B
:105AD000FFC0FFFFFE000FF7FFFFFFFFFFFFFFFF0D
:105AE000FFFFFFFFFFEFFFB007FFF00000FFFFDD4C
:105AF000FFFFFC7FCFF7FFFFFFFFFFFFFFFFFFFF71
:105B0000FFFFFFEFFF80AFFFFC0003FFFFDDFFFFA4
:105B1000FCFFE7F7FFFFFFFFFFFFFFFFFFFFFFFFB8
:105B2000FFEFFF80AFFFFF801FFFFFDDFFFFFCFFE8
:105B3000E7F7FFFFFFFFFFFFFFFFFFFFFFFFFFEFA5
:105B4000FF8007FFFFFFFFFFFF001FFFFCFFE7F7DE
:105B5000FFFFFFFFFFFFFFFFFFFFFFFFFFEFFF90D4
:105B600007FFFFFFFFFFFFDDFFFFFCFFE7F7FFFF82
:105B7000FFFFFFFFFFFFFFFFFFFFFFEFFFDCB7FFB0
:105B8000FF801FFFFFDDFFFFFE7FC7F7FFFFFFFF67
:105B9000FFFFFFFFFFFFFFFFFFEFFF88B7FFFC00E6
:105BA00003FFFFDDFFFFFE000FF7FFFFFFFFF80F12
:105BB000FFFFFFC07FFFFFEFFF8207FFF00000FF46
:105BC000FFDDFFFFFF803FF7FFFFFFFFF80FFFFF45
:105BD000FFC07FFFFFEFFFD007FFE07FE07FFFC048
:105BE000FFFFFFFFFFF7FFFFFFFFF80FFFFFFFC003
:105BF0007FFFFFEFFF88B7FFE3FFFC7FFFFFFFFFA3
:105C0000FFFFFFF7FFFFFFFFF80FFFFFFFC07FFF62
:105C1000FFEFFF8CB7FFC3FFFC3FFFFFFFFFFFFF5E
:105C2000FFF7FFFFFFFFF80FFFFFFFC07FFFFFEF52
:105C3000FFDEB7FFC7FFFE3FFFFFFFFFFFFFFFF7DE
:105C4000FFFFFFFFF80FFFFFFFC07FFFFFEFFFFF2A
:105C5000FFFFC7FFFE3FFFFFFFFFFFFFFFF7FFFF55
:105C6000FFFFF80FFFFFFFC07FFFFFEFFFFFFFFF0A
:105C7000C7FFFE3FFFFFFFFFFFFFFFF7FFFFFFFF35
:105C8000FFFFFFFFFFFFFFFFFFEFFFFFFFFFC7FF6C
:105C9000FE3FFFFFFFFFFFFFFFF7FFFFFFFFFFFFDD
:105CA000FFFFFFFFFFFFFFEFFFFFFFFFC3FFFC3F13
:105CB000FFFFFFFFFFFFFFF7FFFFFFFFFFFFFFFFFC
:105CC000FFFFFFFFFFEFFFFFFFFFE1FFFC7FFFFF95
:105CD000FFFFFFFFFFF7FFFFFFFFFFFFFFFFFFFFDC
:105CE000FFFFFFEFFFFFFFFFE07FE07FFFFFFFFF12
:105CF000FFFFFFF7FFFFFFFFFFFFFFFFFFFFFFFFBC
:105D0000FFEFFFF81FFFF00000FFFFFFFFFFFFFFA7
:105D1000FFF7FFFFFFFFFFFFFFFFFFFFFFFFFFEFAB
:105D2000FFF80FFFFC0003FFFE001FFFFFFFFFF760
:105D3000FFFFFFFFFFFFFFFFFFFFFFFFFFEFFFFF83
:105D4000EFFFFF801FFFFE001FFFFFFFFFF7FFFFBA
:105D5000FFFFFFFFFFFFFFFFFFFFFFEFFFFFEFFF73
:105D6000FFFFFFFFFE001FFFFFFFFFF7FFFFFFFF2B
:105D7000FFFFFFFFFFFFFFFFFFEFFFFFCFFFFFFF73
:105D80000FFFFE001FFFFFFFFFF7FFFFFFFFFFFFFB
:105D9000FFFFFFFFFFFFFFEFFFF80FFFFFFE0FFF0B
:105DA000FE001FFFFFFFFFF7FFFFFFFFFFFFFFFFEB
:105DB000FFFFFFFFFFEFFFF80FFFFFFC0FFFFE00ED
:105DC0001FFFFFFFFFF7FFFFFFFFFFFFFFFFFFFFCB
:105DD000FFFFFFEFFFFFFFFFFFF88FFFFE001FFF3A
:105DE000FFFFFFF7FFFFFFFFFFFFFFFFFFFFFFFFCB
:105DF000FFEFFFFFFFFFFFE18FFFFE001FFFFFFF31
:105E0000FFF7FFFFFFFFFFC00007FFFFFFFFFFEFF0
:105E1000FFFC1FFFFFC38FFFFE001FFFFFFFFFF709
:105E2000FFFFFFFFF00000003FFFFFFFFFEFFFF865
:105E30000BFFFF878FFFFE001FFFFFFFFFF7FFFF36
:105E4000FFFF8000000003FFFFFFFFEFFFF9C9FF26
:105E5000FF1F8FFFFE001FFFFFFFFFF7FFFFFFFE8B
:105E60000000000000FFFFFFFFEFFFFBEDFFFC3F26
:105E70008FFFFE001FFFFFFFFFF7FFFFFFF800008F
:105E80000000003FFFFFFFEFFFF9C9FFF87F8FFF22
:105E9000FE001FFFFFFFFFF7FFFFFFE00000000015
:105EA000000FFFFFFFEFFFF801FFF0FF8FFFFE0085
:105EB0001FFFFFFFFFF7FFFFFFC00000000000070C
:105EC000FFFFFFEFFFF803FFE000003FFE001FFFB2
:105ED000FFFFFFF7FFFFFF80003FFFF80003FFFF1A
:105EE000FFEFFFFFFFFFC000003FFE001FFFFFFFAF
:105EF000FFF7FFFFFF0007FFFFFFC001FFFFFFEFFE
:105F0000FFFFFBFFC000003FFE001FFFFFFFFFF78A
:105F1000FFFFFF003FFFFFFFF800FFFFFFEFFFFF66
:105F2000C3FFFFFF8FFFFE001FFFFFFFFFF7FFFF15
:105F3000FE00FFFFFFFFFE00FFFFFFEFFFFF07FF79
:105F4000FFFF8FFFFE001FFFFFFFFFF7FFFFFC01BA
:105F5000FFFFFFFFFF007FFFFFEFFFFC3FFFFFFFA3
:105F60008FFFFE001FFFFFFFFFF7FFFFFC03FFFF98
:105F7000FFFFFF807FFFFFEFFFE0FFFFFFFFFFFF5F
:105F8000FE001FFFFFFFFFF7FFFFFC07FFFFFFFF04
:105F9000FF807FFFFFEFFFC3FFFFFFFFFFFFFE005C
:105FA0001FFFFFFFFFF7FFFFF807FFFFFFFFFFC027
:105FB0003FFFFFEFFFDFFFFFFFFF07FFFE001FFFB9
:105FC000FFFFFFF7FFFFF807FFFFFFFFFFC03FFFE7
:105FD000FFEFFFFFFFFFF83C01FFFE001FFFFFFF89
:105FE000FFF7FFFFF80FFFFFFFFFFFE03FFFFFEFAF
:105FF000FFF80FFFF01800FFFE001FFFFFFFFFF785
:10600000FFFFF80FFFFFFFFFFFE03FFFFFEFFFF88D
:106010000FFFE008F87FFE001FFFFFFFFFF7FFFF05
:10602000F80FFFFFFFFFFFE03FFFFFEFFFF9FFFF6C
:10603000E3C1FC7FFE001FFFFFFFFFF7FFFFF80F2C
:10604000FFFFFFFFFFE03FFFFFEFFFFBFFFFC7E3A7
:10605000FE3FFE001FFFFFFFFFF7FFFFF80FFFFFF0
:10606000FFFFFFE03FFFFFEFFFF80FFFC7E3FE3F3B
:10607000FE001FFFFFFFFFF7FFFFF80FFFFFFFFF0F
:10608000FFE03FFFFFEFFFFC0FFFC7E3FE3FFE0017
:106090001FFFFFFFFFF7FFFFF807FFFFFFFFFFC036
:1060A0003FFFFFEFFFF9FFFFC7E3FE3FFE001FFFCB
:1060B000FFFFFFF7FFFFF807FFFFFFFFFFC03FFFF6
:1060C000FFEFFFFBFFFFC7E3FE3FFE001FFFFFFFE9
:1060D000FFF7FFFFFC03FFFFFFFFFF807FFFFFEFE6
:1060E000FFFBFFFFC7E3FE3FFE001FFFFFFFFFF7C1
:1060F000FFFFFC03FFFFFFFFFF807FFFFFEFFFF8C5
:106100000FFFE3C1FC7FFE001FFFFFFFFFF7FFFF54
:10611000FC01FFFFFFFFFF007FFFFFEFFFFC0FFF12
:10612000E008F87FFE001FFFFFFFFFF7FFFFFE0004
:10613000FFFFFFFFFE00FFFFFFEFFFFFFFFFF01875
:1061400000FFFE001FFFFFFFFFF7FFFFFF003FFF05
:10615000FFFFF801FFFFFFEFFFFFFFFFFC3C01FF28
:10616000FE001FFFFFFFFFF7FFFFFF0007FFFFFF1E
:10617000C001FFFFFFEFFF7BFFFFFFFF07FFFE00F8
:106180001FFFFFFFFFF7FFFFFF80003FFFF8000347
:10619000FFFFFFEFFF5BFFFFFFFFFFFFFE001FFFA3
:1061A000FFFFFFF7FFFFFFC0000000000007FFFF39
:1061B000FFEFFF03FFFFFFFFFFFFFE001FFFFFFFDB
:1061C000FFF7FFFFFFE000000000000FFFFFFFEF01
:1061D000FF23FFFFFFFFFFFFFE001FFFFFFFFFF793
:1061E000FFFFFFF800000000003FFFFFFFEFFFFF91
:1061F000FFFFFFFFFFFFFE001FFFFFFFFFF7FFFF97
:10620000FFFE0000000000FFFFFFFFEFFFFFFFFFAA
:10621000FFFFFFFFFEFFDFFFFFFFFFF7FFFFFFFFB7
:106220008000000003FFFFFFFFEFFFFFFFFFFFFF06
:10623000FFFFFEFFDFFFFFFFFFF7FFFFFFFFF8009D
:1062400000001FFFFFFFFFEFFFFFFFFFFFFFFFFF4C
:10625000FEFFDFFFFFFFFFF7FFFFFFFFFFC00007AD
:10626000FFFFFFFFFFEFFFFFFFFFFFFFFFFFFEFF4F
:10627000DFFFFFFFFFF7FFFFFFFFFFFFFFFFFFFF56
:10628000FFFFFFEFFFFFFFFFFFFFFFFFFEFFDFFF4F
:10629000FFFFFFF7FFFFFFFFFFFFFFFFFFFFFFFF16
:1062A000FFEFFFFFFFFFFFFFFFFFFEFFDFFFFFFF2F
:1062B000FFF7FFFFFFFFFFFFFFFFFFFFFFFFFFEF06
:1062C000FFFFFFFFFFFFFFFFFEFFDFFFFFFFFFF707
:1062D000FFFFFFFFFFFFFFFFFFFFFFFFFFEFFFFFDE
:1062E000FFFFFFFFFFFFFEFFDFFFFFFFFFF7FFFFE7
:1062F000FFFFFFFFFFFFFFFFFFFFFFEFFFFFFFFFBE
:10630000FFFFFFFFFEFFDFFFFFFFFFF7FFFFFFFFC6
:10631000FFFFFFFFFFFFFFFFFFEFFFFFFFFFFFFF9D
:10632000FFFFFEFFDFFFFFFFFFF7FFFFFFFFFFFFA6
:10633000FFFFFE07FFFFFFEFFFFFFFFFFFFFFFFF76
:10634000FEFFDFFFFFFFFFF7FFFFFFFFFFFFFFFF86
:10635000FF03FFFFFFEFFFFFFFFFFFFFFFFFFEFF5A
:10636000DFFFFFFFFFF7FFFFFF03FFFFFFFFFF81DF
:10637000FFFFFFEFFFFFFFFFFFFFFFFFFEFFDFFF5E
:10638000FFFFFFF7FFFFFE07FFFFFFFFFF81FFFF9C
:10639000FFEFFFFFFFFFFFFFFFFFFEFFDFFFFFFF3E
:1063A000FFF7FFFFFE07FFFFFFFFFFC0FFFFFFEF4D
:1063B000FFFFFFFFFFFFFFFFFEFFDFFFFFFFFFF716
:1063C000FFFFFC0FFFFFFFFFFFC0FFFFFFEFFFFF1F
:1063D000FFFFFFFFFFFFFEFFDFFFFFFFFFF7FFFFF6
:1063E000FC0FFFFE07FFFFE07FFFFFEFFFFFFFFF58
:1063F000FFFFFFFFFEFFDFFFFFFFFFF7FFFFF81FBD
:10640000FFFE07FFFFE07FFFFFEFFFFFFFFFFFFF44
:10641000FFFFFEFFDFFFFFFFFFF7FFFFF81FFFFE9D
:1064200007FFFFE07FFFFFEFFFFFFFFFFFFFFFFF23
:10643000FEFFDFFFFFFFFFF7FFFFF81FFFFE07FF75
:10644000FFF03FFFFFEFFFFFFFFFFFFFFFFFFEFF3C
:10645000DFFFFFFFFFF7FFFFF83FFFFE07FFFFF043
:106460003FFFFFEFFFFFFFFFFFFFFFFFFEFFDFFF2D
:10647000FFFFFFF7FFFFF03FFFFE07FFFFF03FFFCB
:10648000FFEFFFFFFFFFFFFFFFFFFEFFDFFFFFFF4D
:10649000FFF7FFFFF03FFFFE07FFFFF03FFFFFEFBB
:1064A000FFFFFFFFFFFFFFFFFEFFDFFFFFFFFFF725
:1064B000FFFFF03FFFFE07FFFFF03FFFFFEFFFFF93
:1064C000FFFFFFFFFFFFFEFFDFFFFFFFFFF7FFFF05
:1064D000F03FFFFE07FFFFF03FFFFFEFFFFFFFFF73
:1064E000FFFFFFFFFEFFDFFFFFFFFFF7FFFFF03FB4
:1064F000FFFE07FFFFF03FFFFFEFFFFFFFFFFFFF84
:10650000FFFFFEFFDFFFFFFFFFF7FFFFF03FFFFC96
:1065100007FFFFF03FFFFFEFFFFFFFFFFFFFFFFF62
:10652000FEFFDFFFFFFFFFF7FFFFF03FFFFC03FF72
:10653000FFF03FFFFFEFFFFFFFFFFFFFFFFFFEFF4B
:10654000DFFFFFFFFFF7FFFFF01FFFFC03FFFFE090
:106550003FFFFFEFFFFFFFFFFFFFFFFFFEFFDFFF3C
:10656000FFFFFFF7FFFFF01FFFF803FFFFE07FFFD4
:10657000FFEFFFDFFFFFFFFFFFFFFEFFDFFFFFFF7C
:10658000FFF7FFFFF01FFFF801FFFFE07FFFFFEFC6
:10659000FFDFFFFFFFFFFFFFFEFFDFFFFFFFFFF754
:1065A000FFFFF80FFFF041FFFFC07FFFFFEFFFDFAE
:1065B000FFFFFFFFFFFFFEFFDFFFFFFFFFF7FFFF14
:1065C000F807FFE040FFFFC07FFFFFEFFFC00FFFB6
:1065D000FFFFFFFFFEFFDFFFFFFFFFF7FFFFF803F7
:1065E000FFC040FFFF80FFFFFFEFFFC00FFFFFFF77
:1065F000FFFFFEFFDFFFFFFFFFF7FFFFFC00FF00D5
:10660000C07FFF00FFFFFFEFFFDFFFFFFF801FFFE7
:10661000FEFFDFFFFFFFFFF7FFFFFC000000E01FB2
:10662000FC01FFFFFFEFFFDFFFFFFC0003FFFEFFAA
:10663000DFFFFFFFFFF7FFFFFE000001E007F001B3
:10664000FFFFFFEFFFDFFFFFF00000FFFEFFDFFFB8
:10665000FFFFFFF7FFFFFE000003F0000003FFFF56
:10666000FFEFFFDFFFFFE07FE07FFEFFDFFFFFFFC9
:10667000FFF7FFFFFF000003F0000003FFFFFFEF45
:10668000FFC3FFFFE3FFFC7FFEFFDFFFFFFFFFF71E
:10669000FFFFFF800007F8000007FFFFFFEFFFE0AC
:1066A000FFFFC3FFFC3FFEFFDFFFFFFFFFF7FFFF22
:1066B000FFC0001FFC00000FFFFFFFEFFFFC1FFFEC
:1066C000C7FFFE3FFEFFDFFFFFFFFFF7FFFFFFF00B
:1066D000003FFE00001FFFFFFFEFFFFF0FFFC7FFA0
:1066E000FE3FFEFFDFFFFFFFFFF7FFFFFFFC01FFA5
:1066F000FF00007FFFFFFFEFFFFF0FFFC7FFFE3F21
:10670000FEFFDFFFFFFFFFF7FFFFFFFFFFFFFF8041
:1067100001FFFFFFFFEFFFFC1FFFC7FFFE3FFE0073
:106720001FFFFFFFFFF7FFFFFFFFFFFFFFF00FFF60
:10673000FFFFFFEFFFE0FFFFC3FFFC3FFFFFFFFF97
:10674000FFFFFFF7FFFFFFFFFFFFFFFFFFFFFFFF61
:10675000FFEFFFC3FFFFE1FFFC7FFFFFFFFFFFFF36
:10676000FFF7FFFFFFFFFFFFFFFFFFFFFFFFFFEF51
:10677000FFDFFFFFE07FE07FFFFFFFFFFFFFFFF78F
:10678000FFFFFFFFFFFFFFFFFFFFFFFFFFEFFFFF29
:10679000FFFFF00000FFFFFFFFFFFFFFFFF7FFFF1E
:1067A000FFFFFFFFFFFFFFFFFFFFFFEFFFF83FFFD0
:1067B000FC0003FFFFFFFFFFFFFFFFF7FFFFFFFFEF
:1067C000FFFFFFFFFFFFFFFFFFEFFFE01FFFFF8067
:1067D0001FFFFFFFFFFFFFFFFFF7FFFFFFFFFFFFB1
:1067E000FFFFFFFFFFFFFFEFFFC78FFFFFFFFFFF71
:1067F000FFFFFFFFFFFFFFF7FFFFFFFFFFFFFFFFB1
:10680000FFFFFFFFFFEFFFCFCFFFFFFFFFFFFFFF08
:10681000FFFFFFFFFFF7FFFFFFFFFFFFFFFFFFFF90
:10682000FFFFFFEFFFDFEFFFFF801FFFFFFFFFFF17
:10683000FFFFFFF7FFFFFFFFFFFFFFFFFFFFFFFF70
:10684000FFEFFFDFEFFFFC0003FFFFFFFFFFFFFF96
:10685000FFF7FFFFFFFFFFFFFFFFFFFFFFFFFFEF60
:10686000FFCFCFFFF00000FFFFFFFFFFFFFFFFF7AD
:10687000FFFFFFFFFFFFFFFFFFFFFFFFFFEFFFC770
:106880008FFFE07FE07FFFFFFFFFFFFFFFF7FFFFCE
:10689000FFFFFFFFFFFFFFFFFFFFFFEFFFE01FFF17
:1068A000E3FFFC7FFFFFFFFFFFFFFFF7FFFFFFFF9F
:1068B000FFFFFFFFFFFFFFFFFFEFFFF07FFFC3FFC3
:1068C000FC3FFFFFFFFFFFFFFFF7FFFFFFFFFFFFA3
:1068D000FFFFFFFFFFFFFFEFFFFFFFFFC7FFFE3FD1
:1068E000FFFFFFFFFFFFFFF7FFFFFFFFFFFFFFFFC0
:1068F000FFFFFFFFFFEFFFFFFFFFC7FFFE3FFFFFB1
:10690000FFFFFFFFFFF7FFFFFFFFFFFFFFFFFFFF9F
:10691000FFFFFFEFFFF83FFFC7FFFE3FFFFFFFFF57
:10692000FFFFFFF7FFFFFFFFFFFFFFFFFFFFFFFF7F
:10693000FFEFFFE01FFFC7FFFE3FFFFFFFFFFFFF6F
:10694000FFF7FFFFFFFFFFFFFFFFFFFFFFFFFFEF6F
:10695000FFE78FFFC3FFFC3FFFFFFFFFFFFFFFF7D6
:10696000FFFFFFFFFFFFFFFFFFFFFFFFFFEFFFCF77
:10697000CFFFE1FFFC7FFFFBDFFFFFFFFFF7FFFF24
:10698000FFFFFFFFFFFFFFFFFFFFFFEFFFDFEFFF57
:10699000E07FE07FFFF81FFFFFFFFFF7FFFFFFFF34
:1069A000FFFFFFFFFFFFFFFFFFEFFFDFEFFFF00045
:1069B00000FFFF82DFFFFFFFFFF7FFFFFFFFFFFF8B
:1069C000FFFFFFFFFFFFFFEFFFCFCFFFFC0003FF45
:1069D000FFAABFFFFFFFFFF7FFFFFFFFFFFFFFFF64
:1069E000FFFFFFFFFFEFFFEFDFFFFF801FFFFFAAAB
:1069F000BFFFFFFFFFF7FFFFFFFFFFFFFFFFFFFFEF
:106A0000FFFFFFEFFFFFFFFFFFFFFFFFFFA80FFFED
:106A1000FFFFFFF7FFFFFFFFFFFFFFFFFFFFFFFF8E
:106A2000FFEFFFFFFFFFFFFFFFFFFFAAAFFFFFFF2B
:106A3000FFF7FFFFFFFFFFFFFFFFFFFFFFFFFFEF7E
:106A4000FFFFFFFFC7FFFFFFFFAA2FFFFFFFFFF7BB
:106A5000FFFFFFFFE0FFFFFFFFFFFFFFFFEFFFFF75
:106A6000FFFFC7FFFFFFFFAA9FFFFFFFFFF7FFFF2B
:106A7000FFFF9F7FFFFFFFFFFF07FFEFFFFFFFFF0E
:106A8000C7FFFFFFFF829FFFFFFFFFF7FFFFFFFF33
:106A90007FBFFFFFFFFFF803FFEFFFFFFFFFC7FF11
:106AA000FFFFFFFA6FFFFFFFFFF7FFFFFFFEFFDFB4
:106AB000FFFFFFFFE0F1FFEFFFFFFFFFC7FFFC3F1E
:106AC000FFFBEFFFFFFFFFF7FFF00001FFEFFFFF0E
:106AD000FFFF83F8FFEFFFF81FFFC7FFC03FFFDA9C
:106AE000BFFFFFFFFFF7FFEFB377FFEFFFFFFFFEF3
:106AF0000FFC7FEFFFF80FFFC7FE003FFFCA6FFFDD
:106B0000FFFFFFF7FFEFBFFFFFEFFFFFFFFC3FFEC1
:106B10007FEFFFFFEFFFC7F803FFFF92EFFFFFFFDD
:106B2000FFF7FFEFBFFFFF6FFFFFFFF0FFFE7FEFFD
:106B3000FFFFEFFFC7E03FFFFF900FFFFFFFFFF7F3
:106B4000FFEFFFFFFE6FFFFFFFF0FFFE7FEFFFFF96
:106B5000CFFFC7C1FFFFFFCA7FFFFFFFFFF7FFF7B0
:106B6000FFFFFCEFFFFFFFFC3FFE7FEFFFF80FFF93
:106B7000C707FFFFFFFA8FFFFFFFFFF7FFF80000D7
:106B8000F9EFFFFFFFFE0FFC7FEFFFF80FFFC61FBF
:106B9000FFFFFFC03FFFFFFFFFF7FFFFFFFF7FDFAC
:106BA000FFFFFFFF83F8FFEFFFFFFFFFC47FFFFF43
:106BB000FFDBFFFFFFFFFFF7FFFFFFFFBFBFFFFF91
:106BC000FFFFE0F1FFEFFFFFFFFFC0FFFFFFFFDB75
:106BD000FFFFFFFFFFF7FFFFFFFFC07FFFFFFFFF8C
:106BE000F803FFEFFFFC1FFFC3FFFFFFFFB80FFF1E
:106BF000FFFFFFF7FFFFFFFFFFFFFFFFFFFFFF07A5
:106C0000FFEFFFF80BFFC7FFFFFFFFBBFFFFFFFF1B
:106C1000FFF7FFFFFFFFFFFFFFFFFFFFFFFFFFEF9C
:106C2000FFF9C9FFFFFFFFFFFFFBFFFFFFFFFFF7BC
:106C3000FFFFFFFFFFFFFFFFFFFFFFFFFFEFFFFB78
:106C4000EDFFFFFFFFFFFFFEDFFFFFFFFFF7FFFF8F
:106C5000FFFFFFFFFFFFFFFFFFFFFFEFFFF9C9FF90
:106C6000FF801FFFFFD6DFFFFFFFFFF7FFFFFFFFE4
:106C7000FFFFFFFFFFFFFFFFFFEFFFF801FFFC003B
:106C800003FFFFD6BFFFFFFFFFF7FFFFFFFFFFFF81
:106C9000FFFFFFFFFFFFFFEFFFF803FFF80000FF1C
:106CA000FFDABFFFFFFFFFF7FFFFFFFFFFFFFFFF61
:106CB000FFFFFFFFFFEFFFFFFFFFF070F0FFFFDEC2
:106CC0007FFFFFFFFFF7FFFFFFFFFFFFFFFFFFFF5C
:106CD000FFFFFFEFFFFFFBFFE1E3FC7FFFCC0FFFB8
:106CE000FFFFFFF7FFFFFFFFFFFFFFFFFFFFFFFFBC
:106CF000FFEFFFFFC3FFE3E3FC3FFFD27FFFFFFF98
:106D0000FFF7FFFFFFFFFFFFFFFFFFFFFFFFFFEFAB
:106D1000FFFF07FFC7C7FE3FFFDEBFFFFFFFFFF715
:106D2000FFFFFFFFFFFFFFFFFFFFFFFFFFEFFFFC86
:106D30003FFFC7C7FE3FFFBABFFFFFFFFFF7FFFFE1
:106D4000FFFFFFFFFFFFFFFFFFFFFFEFFFE0FFFF82
:106D5000C7C7FE3FFFB6DFFFFFFFFFF7FFFFF3FFF1
:106D6000FE7FFFFFFFFFFFFFFFEFFFC3FFFFC7C770
:106D7000FE3FFFAEDFFFFFFFFFF7FFFF83FFF87F60
:106D8000FFFFFFFFF0FFFFEFFFDFFFFFC7C7FE3F83
:106D9000FFFEDFFFFFFFFFF7FFFF03FFF07FFFFFB7
:106DA000FFFFE0FFFFEFFFFFFFFFC3C3FC7FFFFB21
:106DB0006FFFFFFFFFF7FFFE0FFFE07FFFFFFFFF0B
:106DC00080FFFFEFFFF80FFFE1E1F87FFFF76FFFB4
:106DD000FFFFFFF7FFFE3FFFC47FFFFFFFFF00FF46
:106DE000FFEFFFF80FFFE0F000FFFFC05FFFFFFFC6
:106DF000FFF7FFFE3FFF847FFFFFFFFE08FFFFEF6F
:106E0000FFF9FFFFF0F801FFFF955FFFFFFFFFF7BE
:106E1000FFFC7FFF0C7FFFFFFFF838FFFFEFFFFB5A
:106E2000FFFFFCFE07FFFFD55FFFFFFFFFF7FFFC43
:106E30007FFF1C7FFFFFFFF078FFFFEFFFF80FFFE2
:106E4000FFFFFFFFFFD53FFFFFFFFFF7FFFC7FFEC8
:106E50003C7FFFFFFFC1F8FFFFEFFFFC0FFFFFFFCD
:106E6000FFFFFF800FFFFFFFFFF7FFFC7FFC7C7F32
:106E7000FFFFFF83F8FFFFEFFFF9FFFFFFFFFFFFBB
:106E8000FF953FFFFFFFFFF7FFFC7FF87C7FFFFFD1
:106E9000FF0FF8FFFFEFFFFBFFFFFFFFFFFFFFD537
:106EA0005FFFFFFFFFF7FFFC7FF0FC7FFFFFFC1F92
:106EB000F8FFFFEFFFFBFFFFFFFFFFFFFFD55FFFC7
:106EC000FFFFFFF7FFFC3FE1FC7FFFFFF83FF8FF0C
:106ED000FFEFFFF80FFFFFFFFFFFFFD56FFFFFFF83
:106EE000FFF7FFFE3FC3FC7FFFFFF0000001FFEF55
:106EF000FFFC0FFFFFFFFFFFFFDF6FFFFFFFFFF74D
:106F0000FFFE0F07FC7FFFFFF0000001FFEFFFFF18
:106F1000FFFFFFFFFFFFFFFFFFFFFFFFFFF7FFFF89
:106F2000000FFC7FFFFFF0000001FFEFFF7BFFFF82
:106F3000FFFFFFFFFFC01FFFFFFFFFF7FFFF803FC7
:106F4000FC7FFFFFFFFFF8FFFFEFFF5BFFFFFFFF8F
:106F5000FFFFFFDBBFFFFFFFFFF7FFFFE0FFFC7F4F
:106F6000FFFFFFFFF8FFFFEFFF03FFFFFFFFFFFF44
:106F7000FFDBBFFFFFFFFFF7FFFFFFFFFFFFFFFF8D
:106F8000FFFFF8FFFFEFFF23FFFFFFFFFFFFFFC043
:106F90001FFFFFFFFFF7FFFFFFFFFFFFFFFFFFFFE9
:106FA000FFFFFFEFFFFFFFFFFFFFFFFFFFEFFFFF11
:106FB000FFFFFFF7FFFFFFFFFFFFFFFFFFFFFFFFE9
:106FC000FFEFFFFFFFFFFFFFFFFFFFEBFFFFFFFFF5
:106FD000FFF7FFFFFFFFFFFFFFFFFFFFFFFFFFEFD9
:106FE000FFFFFFFFFFFFFFFFFFECEFFFFFFFFFF7DC
:106FF000FFFFFFFFFFFFFFFFFFFFFFFFFFEFFFFFB1
:10700000FFFFFFFFFFFFFFEFEFFFFFFFFFF7FFFFB8
:10701000F3FFFE7FFFFFFFFFFFFFFFEFFFFFFFFF1D
:10702000FFFFFFFFFF800FFFFFFFFFF7FFFF83FF63
:10703000F87FFFFFFFFFF0FFFFEFFFFFFFFFFFFF06
:10704000FFFFFFEFFFFFFFFFFFF7FFFF03FFF07FF3
:10705000FFFFFFFFE0FFFFEFFFFFFFFFFFFFFFFF6F
:10706000FFEFFFFFFFFFFFF7FFFE0FFFE07FFFFFD8
:10707000FFFF80FFFFEFFFFFFFFFFFFFFFFFFFFFAF
:10708000FFFFFFFFFFF7FFFE3FFFC47FFFFFFFFF94
:1070900000FFFFEFFFFFFFFFFFFFFFFFFFE00FFF1E
:1070A000FFFFFFF7FFFE3FFF847FFFFFFFFE08FFAC
:1070B000FFEFFFFFFFFFFFFFFFFFFFBFFFFFFFFF30
:1070C000FFF7FFFC7FFF0C7FFFFFFFF838FFFFEFAC
:1070D000FFFFFFFFFFFFFFFFFFDFFFFFFFFFFFF7E8
:1070E000FFFC7FFF1C7FFFFFFFF078FFFFEFFFFF3C
:1070F000FFFFFFFFFFFFFFE01FFFFFFFFFF7FFFCAA
:107100007FFE3C7FFFFFFFC1F8FFFFEFFFFFFFFFA8
:10711000FFFFFFFFFFADBFFFFFFFFFF7FFFC7FFC9F
:107120007C7FFFFFFF83F8FFFFEFFFFFFFFFFFFF05
:10713000FFFFFFADBFFFFFFFFFF7FFFC7FF87C7F86
:10714000FFFFFF0FF8FFFFEFFFFFFFFFFFFFFFFF56
:10715000FFA02FFFFFFFFFF7FFFC7FF0FC7FFFFF8B
:10716000FC1FF8FFFFEFFFFFFFFFFFFFFFFFFFBF69
:10717000EFFFFFFFFFF7FFFC3FE1FC7FFFFFF83F62
:10718000F8FFFFEFFFFFFFFFFFFFFFFFFFBFEFFF76
:10719000FFFFFFF7FFFE3FC3FC7FFFFFF000000192
:1071A000FFEFFFFFFFFFFFFFFFFFFF800FFFFFFF6E
:1071B000FFF7FFFE0F07FC7FFFFFF0000001FFEF6E
:1071C000FFFFFFFFFFFFFFFFFFFFFFFFFFFFFFF7D7
:1071D000FFFF000FFC7FFFFFF0000001FFEFFFFF4C
:1071E000FFFFFFFFFFFFFFFFFFFFFFFFFFF7FFFFB7
:1071F000803FFC7FFFFFFFFFF8FFFFEFFFFFFFFF78
:10720000FFFFFFFFFFFFFFFFFFFFFFF7FFFFE0FFB5
:10721000FC7FFFFFFFFFF8FFFFEFFFFFFFFFFFFF18
:10722000FFFFFFFFFFFFFFFFFFF7FFFFFFFFFFFF76
:10723000FFFFFFFFF8FFFFEFFFFFFFFFFFFFFFFF75
:10724000FFFFFFFFFFFFFFF7FFFFFFFFFFFFFFFF56
:10725000FFFFFFFFFFEFFFFFFFFFFFFFFFFFFFFF4E
:10726000FFFFFFFFFFF7FFFFFFFFFFFFFFFFFFFF36
:10727000FFFFFFEFFFFFFFFFFFFFFFFFFFF99FFF94
:10728000FFFFFFF7FFFFFFFFFC7FFFFFFFFFFFFF99
:10729000FFEFFFFFFFFFFFFFFFFFFFF99FFFFFFF74
:1072A000FFF7FFFFFFFFFC7FFFFFFFFFFFF1FFEF97
:1072B000FFFFFFFFFFFFFFFFFFFFFFFFFFFFFFF7E6
:1072C000FFFFFFFFFC7FFFFFFFFFFFF1FFEFFFFF6F
:1072D000FFFFFFFFFFFFFFFFFFFFFFFFFFF7FFFFC6
:1072E000FFFFFFFFFFFFFFFFFFF1FFEFFFFFFFFFCC
:1072F000FFFFFFFFFFFFFFFFFFFFFFF7FFFFFFFFA6
:10730000FFFFFFFFFFFFFFFFFFEFFFFFFFFFFFFF9D
:10731000FFFFFFEFEFFFFFFFFFF7FFFFFFFFFFFFA5
:10732000FFFFFFFFFFFFFFEFFFFFFFFFFFFFFFFF7D
:10733000FFDFCFFFFFFFFFF7FFFFFFFFFFFFFFFFB5
:10734000FFFFFFFFFFEFFFFFFFFFFFFFFFFFFFDF7D
:10735000AFFFFFFFFFF7FFFFFFFFFFFFFFFFFFFF95
:10736000FFFFFFEFFFFFFFFFFFFFFFFFFFDE6FFFEE
:10737000FFFFFFF7FFFFFFFC3FFFFFFFFFFFFFFFE8
:10738000FFEFFFFFFFFFFFFFFFFFFFE1EFFFFFFF4B
:10739000FFF7FFFFFFF83FFFFFFFFFFFFFFFFFEFDC
:1073A000FFFFFFFFFFFFFFFFFFFFFFFFFFFFFFF7F5
:1073B000FFFFFFE03FFFFFFFFFFFFFFFFFEFFFFFCC
:1073C000FFFFFF801FFFFFFFFFFFFFFFFFF7FFFF34
:1073D000FFC03FFFFFFFFFFFFFC7FFEFFFFFFFFF04
:1073E000FC0003FFFFF03FFFFFFFFFF7FFFFFF82FF
:1073F0003FFFFFFFF8FFFFE3FFEFFFFFFFFFF0009E
:1074000000FFFFEFDFFFFFFFFFF7FFFFFE0E3FFF75
:10741000FFFFF1FFFFE3FFEFFFFFFFFFE07FE07FF4
:10742000FFDFEFFFFFFFFFF7FFFFFC1E3FFFFFFF48
:10743000F1FE3FF1FFEFFFFFFFFFE3FFFC7FFFEFF8
:10744000DFFFFFFFFFF7FFFFF07E3FFFFFFFE3FEE1
:107450003FF1FFEFFFFFFFFFC3FFFC3FFFF03FFFE8
:10746000FFFFFFF7FFFFE0FE3FFFFFFFE3FE3FF1FF
:10747000FFEFFFFFFFFFC7FFFE3FFFFFFFFFFFFF25
:10748000FFF7FFFFC3FE3FFFFFFFE3FE3FF1FFEF0C
:10749000FFF83FFFC7FFFE3FFFEFEFFFFFFFFFF7E4
:1074A000FFFF07FE3FFFFFFFE3FE3FF1FFEFFFE0BF
:1074B0001FFFC7FFFE3FFFDFCFFFFFFFFFF7FFFE0E
:1074C0000FFE3FFFFFFFE3FE3FF1FFEFFFE78FFF00
:1074D000C7FFFE3FFFDFAFFFFFFF07F7FFFC000026
:1074E000007FFFFFE3FC1FF1FFEFFFCFCFFFC3FFE4
:1074F000FC3FFFDE6FFFFFFF07F7FFFC0000007F90
:10750000FFFFE1FC1FE1FFEFFFDFEFFFE1FFFC7F8B
:10751000FFE1EFFFFFFF07F7FFFC0000007FFFFF29
:10752000F0F88FC3FFEFFFDFEFFFE07FE07FFFFFAB
:10753000FFFFFFFFFFF7FFFFFFFE3FFFFFFFF00131
:107540008783FFEFFFCFCFFFF00000FFFFFFFFFFBC
:10755000FFFFFFF7FFFFFFFE3FFFFFFFF801800780
:10756000FFEFFFEFDFFFFC0003FFFFEFEFFFFFF890
:1075700007F7FFFFFFFE3FFFFFFFFC03C00FFFEF1A
:10758000FFFFFFFFFF801FFFFFDFCFFFFFF807F7C1
:10759000FFFFFFFFFFFFFFFFFE0FE01FFFEFFFFFFB
:1075A000FFFFFFFFFFFFFFDFAFFFFFF807F7FFFF62
:1075B000FFFFFFFFFFFFFFFFF03FFFEFFFF83FFF81
:1075C000FFFFFFFFFFDE6FFFFFFFFFF7FFFFFFFF84
:1075D000FFFFFFFFFFFFFFFFFFEFFFE01FFFFFFFCA
:1075E0000FFFFFE1EFFFFFFFFFF7FFFFFFFFFFFFD1
:1075F000FFFFFFFFFFFFFFEFFFC78FFFFFFE0FFF44
:10760000FFFFFFFFFFC007F7FFFFFFFFFFFFFFFFC9
:10761000FFFFFFFFFFEFFFCFCFFFFFFC0FFFFFFFDD
:10762000FFFFFFC007F7FFFFFFFFFFFFFFFFFFFFA9
:10763000FFFFFFEFFFDFEFFFFFF88FFFFFFFFFFF11
:10764000FFC007F7FFFFFFFFFFFFFFFFFFFFFFFF89
:10765000FFEFFFDFEFFFFFE18FFFFFFFFFFFFFFF08
:10766000FFF7FFFFFFFFFFFFFFFFFFFFFFFFFFEF42
:10767000FFCFCFFFFFC38FFFFFFFFFFFFFFFFFF72E
:10768000FFFFFFFFFFFFFFFFFFFFFFFFFFEFFFC752
:107690008FFFFF878FFFFFF03FFFFE0007F7FFFF21
:1076A000FFFFFFFFFFFFFFFFFFFFFFEFFFE01FFFF9
:1076B000FF1F8FFFFFEFDFFFFE0007F7FFFFFFFF5A
:1076C000FFFFFFFFFFFFFFFFFFEFFFF07FFFFC3F2C
:1076D0008FFFFFDFEFFFFE0007F7FFFFFFFFFFFF5A
:1076E000FFFFFFFFFFFFFFEFFFFFFFFFF87F8FFFB1
:1076F000FFEFDFFFFFFFFFF7FFFFFFFFFFFFFFFFD2
:10770000FFFFFFFFFFEFFFFFF7FFF0FF8FFFFFF02F
:107710003FFFFFFFFFF7FFFFFFFFFFFFFFFFFFFF41
:10772000FFFFFFEFFFFEE7FFE000003FFFFFFFFF6F
:10773000FFFFE7F7FFFFFFFFFFFFFFFFFFFFFFFF79
:10774000FFEFFFFEC7FFC000003FFFE31FFFFFFF8B
:10775000E7F7FFFFFFFFFFFFFFFFFFFFFFFFFFEF69
:10776000FFFE17FFC000003FFFDCEFFFFFFFE7F762
:10777000FFFFFFFFFFFFFFFFFFFFFFFFFFEFFFFE2A
:1077800037FFFFFF8FFFFFDDEFFFFFFFFFF7FFFF7B
:10779000FFFFFFFFFFFFFFFFFFFFFFEFFFFFFFFF09
:1077A000FFFF8FFFFFDCEFFFFFFFFFF7FFFFFFF0A3
:1077B000FFFFFFFFFFFFFFFFFFEFFFFFFFFFFFFFE9
:1077C0008FFFFFE31FFFFFFFFFF7FFFFFFE67FFFD6
:1077D000FFFFFFFFC3FFFFEFFFFFFFFFFFFFFFFF05
:1077E000FFFFFFFFFFFFFFF7FFFFFFEF7FFFFFFF41
:1077F000FFFF80FFFFEFFFFFFFFFFE7FFF3FFFFF69
:10780000FFFFFFFFFFF7FFFFFFEF7FFFFFFFFFFF20
:107810003E7FFFEFFFFFFFFFF87FFC3FFFFFFFFF13
:10782000FFFFFFF7FFFFFFE67FFFFFFFFFFF7F7D0B
:10783000FFEFFFFFFFFFF07FF83FFFFFFFFFFFFFBE
:10784000FFF7FFFFFFF0FFFFFFFFFFFF3E79FFEFB6
:10785000FFF801FFE1FFF03FFFF03FFFFFFFFFF701
:10786000FFFFFFFF80FFFFFFFFFF80E7FFEFFFF855
:1078700001FFE3FFE23FFFEFDFFFFFFFFFF7FFFF47
:10788000FFFE007FFFFFFFFFC38FFFEFFFF9CFFF7A
:10789000C7FFE63FFFDFEFFFFFFFFFF7FFFFFFFC44
:1078A0007E3FFFFFFFFFFE3FFFEFFFFBEFFFC7FF46
:1078B000C63FFFEFDFFFFFFFFFF7FFFFFFF8FF1FF0
:1078C000FFFFFFFFF8FFFFEFFFF9CFFFC7FF8E3F7E
:1078D000FFF03FFFFFFFFFF7FFFFFFF9FF8FFFFF05
:1078E000FFFFF307FFEFFFF80FFFC7FF1E3FFFFF8C
:1078F000FFFFFFFFFFF7FFFFFFF3FFCFFFFFFFFFDC
:10790000C603FFEFFFFC1FFFC7FE3E3FFFFFFFFF69
:10791000FFFFFFF7FFFFFFF3FFCFFFFFFFFF1CF9A4
:10792000FFEFFFFFFFFFC7FC7E3FFFF0FFFFFC0004
:107930001FF7FFFFFFF3FFCFFFFFFFFF7DFDFFEF0F
:10794000FFFFFFFFE3F8FE3FFFEF6FFFFC001FF7B5
:10795000FFFFFFF3FFCFFFFFFFFFFDFDFFEFFFF88E
:1079600001FFE1E1FE3FFFDF6FFFFCFF9FF7FFFF3D
:10797000FFF3FFCFFFFFFFFFFCF9FFEFFFF801FF71
:10798000F003FE3FFFEF1FFFFC809FF7FFFFFFF1BB
:10799000FF8FFFFFFFFFFE03FFEFFFF9CFFFF807A9
:1079A000FE3FFFF07FFFFC809FF7FFFFFFFFFFFF21
:1079B000FFFFFFFFFF07FFEFFFFBEFFFFC1FFE3F97
:1079C000FFFFFFFFFC809FF7FFFFFFFFFFFFFFFFB1
:1079D000FFFFFFFFFFEFFFF9CFFFFFFFFFFFFFFFFD
:1079E000FFFFFCFF9FF7FFFFFFFFFFFFFFFFFFFF12
:1079F000FFFFFFEFFFF80FFFFFFFFFFFFFFFFFFF9E
:107A0000FCFF9FF7FFFFFFFFFFFFFFFFFFFFFFFFF1
:107A1000FFEFFFFC1FFFC7FFFFFFFFFFFFFFFCFFA4
:107A20009FF7FFFFFFFFFFFFFFFFFFFFFFFFFFEFDE
:107A3000FFFFFFFFC7FFFFFFFFF03FFFFCFF9FF7C8
:107A4000FFFFFFFFFFFFFFFFFFFFFFFFFFEFFFFF56
:107A5000FFFFC7FFFFFFFFEFDFFFFCFF9FF7FFFF09
:107A6000FFFFFFFFFFFFFFFFFFFFFFEFFFF80FFF2D
:107A7000C7FFFFFFFFDFEFFFFCFF9FF7FFFFFFFFE9
:107A8000FFFFFFFFFFFFFFFFFFEFFFF80FFFC7FF45
:107A9000FC3FFFEFDFFFFCFF9FF7FFFFFFFFFFFF54
:107AA000FFFFFFFFFFFFFFEFFFF9FFFFC7FFC03F33
:107AB000FFF03FFFFCFF9FF7FFFFFFFFFFFFFFFF10
:107AC000FFFFFFFFFFEFFFFBFFFFC7FE003FFFFFD2
:107AD000FFFFFCFF9FF7FFFFFFFFFFFFFFFFFFFF21
:107AE000FFFFFFEFFFF80FFFC7F803FFFFFFDFFF08
:107AF000FCFF9FF7FFFFFFFFFFFFFFFFFFFFFFFF01
:107B0000FFEFFFFC0FFFC7E03FFFFFEFEFFFFCFFC2
:107B10009FF7FFFFFFFFFFFFFFFFFFFFFFFFFFEFED
:107B2000FFF9FFFFC7C1FFFFFFDDEFFFFCFF9FF77E
:107B3000FFFFFFFFFFFFFFFFFFFFFFFFFFEFFFFB69
:107B4000FFFFC707FFFFFFDCEFFFFCFF9FF7FFFF13
:107B5000FFFFFFFFFFFFFFFFFFFFFFEFFFFBFFFF49
:107B6000C61FFFFFFFE21FFFFCFF9FF7FFFFFFFFA6
:107B7000FFFFFFFFFFFFFFFFFFEFFFF80FFFC47FD7
:107B8000FFFFFFFFFFFFFCFF9FF7FFFFFFFFFFFF70
:107B9000FFFFFFFFFFFFFFEFFFFC0FFFC0FFFFFF37
:107BA000FFFFFFFFFCFF9FF7FFFFFFFFFFFFFFFF50
:107BB000FFFFFFFFFFEFFFFFFFFFC3FFFFFFFFF927
:107BC000CFFFFCFF9FF7FFFFFFFFFFFFFFFFFFFF60
:107BD000FFFFFFEFFFFFFFFFC7FFFFFFFFFFFFFFFD
:107BE000FCFF9FF7FFFFFFFFFFFFFFFFFFFFFFFF10
:107BF000FFEFFFFFFFFFFFFFFFFFFFEFEFFFFC00C7
:107C00001FFFFFFFFFFFFFFFFFFFFFFFFFFFFFEF74
:107C1000FFFFFFFFFFFFFFFFFFDFCFFFFC001FFFA6
:107C2000FFFFFFFFFFFFFFFFFFFFFFFFFFEFFFFF74
:107C3000FFFFFFFFFFFFFFDFAFFFFF80FFFFFFFF43
:107C4000FFFFFFFFFFFFFFFFFFFFFFEFFFFFFFFF54
:107C5000FFFFFFFFFFDE6FFFFFFFFFFFFFFFFFFFE5
:107C6000FFFFFFFFFFFFFFFFFFFFFFFFFFFFFFFF24
:107C7000FFFFFFE1EFFFFFFFFFFFFFFFFFFFFFFF42
:107C8000FFFFFFFFFFFFFFFFFFFFFFFFFFFFFFFF04
:107C9000FFFFFFFFFFFFFFFFFFFFFFFFFFFFFFFFF4
:107CA000FFFFFFFFFFFFFFFFFFFFFFFFFFFFFFC122
:107CB0009FFFFFFFFFFFFFFFFFFFFFFFFFFFFFFF34
:107CC000FFFFFFFFFFFFFFFFFFFFFFFFFFDBEFFFF8
:107CD000FFFFFFFFFFFFFFFFFFFFFFFFFFFFFFFFB4
:107CE000FFFFFFFFFFFFFFFFFFFFFFDBEFFFFFFFD8
:107CF000FFFFFFFFFFFFFFFFFFFFFFFFFFFFFFFF94
:107D0000FFFFFFFFFFFFFFFFFFDBEFFFFFFFFFFFB7
:107D1000FFFFFFFFFFFFFFFFFFFFFFFFFFFFFFFF73
:107D2000FFFFFFFFFFFFFFDBEFFFFFFFFFFFFFFF97
:107D3000FFFFFFFFFFFFFFFFFFFFFFFFFFFFFFFF53
:107D4000FFFFFFFFFFDC1FFFFFFFFFFFFFFFFFFF46
:107D5000FFFFFFFFFFFFFFFFFFFFFFFFFFFFFFFF33
:107D6000FFFFFFFFFFFFFFFFFFFFFFFFFFFFFFFF23
:107D7000FFFFFFFFFFFFFFFFFFFFFFFFFFFFFFFF13
:107D8000FFFFFFFFFFFFFFFFFFFFFFFFFFFFFFFF03
:107D9000FFFFFFFFFFFFFFFFFFFFFFFFFFFFFFFFF3
:107DA000FFFFFFFFFFFFFFFFFFFFFFFFFFFFFFFFE3
:107DB000FFFFFFFFFFFFFFFFFFFFFFFFFFFFFFFFD3
:107DC000FFFFFFFFFFFFFFFFFFFFFFFFFFFFFFFFC3
:107DD000FFFFFFFFFFFFFFFFFFFFFFFFFFFFFFFFB3
:107DE000FFFFFFFFFFFFFFFFFFFFFFFFFFFFFFFFA3
:107DF000FFFFFFFFFFFFFFFFFFFFFFFFFFFFFFFF93
:107E0000FFFFFFFFFFFFFFFFFFFFFFFFFFFFFFFF82
:107E1000FFFFFFFFFFFFFFFFFFFFFFFFFFFFFFFF72
:107E2000FFFFFFFFFFFFFFFFFFFFFFFFFFFFFFFF62
:107E3000FFFFFFFFFFFFFFFFFFFFFFFFFFFFFFFF52
:107E4000FFFFFFFFFFFFFFFFFFFFFFFFFFFFFFFF42
:107E5000FFFFFFFFFFFFFFFFFFFFFFFFFFFFFFFF32
:107E6000FFFFFFFFFFFFFFFFFFFFFFFFFFFFFFFF22
:107E7000FFFFFFFFFFFFFFFFFFFFFFFFFFFFFFFF12
:107E8000FFFFFFFFFFFFFFFFFFFFFFFFFFFFFFFF02
:107E9000FFFFFFFFFFFFFFFFFFFFFFFFFFFFFFFFF2
:107EA000FFFFFFFFFFFFFFFFFFFFFFFFFFFFFFFFE2
:107EB000FFFFFFFFFFFFFFFFFFFFFFFFFFFFFFFFD2
:107EC000FFFFFFFFFFFFFFFFFFFFFFFFFFFFFFFFC2
:107ED000FFFFFFFFFFFFFFFFFFFFFFFFFFFFFFFFB2
:107EE000FFFFFFFFFFFFFFFFFFFFFFFFFFFFFFFFA2
:107EF000FFFFFFFFFFFFFFFFFFFFFFFFFFFFFFFF92
:107F0000FFFFFFFFFFFFFFFFFFFFFFFFFFFFFFFF81
:107F1000FFFFFFFFFFFFFFFFFFFFFFFFFFFFFFFF71
:107F2000FFFFFFFFFFFFFFFFFFFFFFFFFFFFFFFF61
:107F3000FFFFFFFFFFFFFFFFFFFFFFFFFFFFFFFF51
:107F4000FFFFFFFFFFFFFFFFFFFFFFFFFFFFFFFF41
:107F5000FFFFFFFFFFFFFFFFFFFFFFFFFFFFFFFF31
:107F6000FFFFFFFFFFFFFFFFFFFFFFFFFFFFFFFF21
:107F7000FFFFFFFFFFFFFFFFFFFFFFFFFFFFFFFF11
:107F8000FFFFFFFFFFFFFFFFFFFFFFFFFFFFFFFF01
:107F9000FFFFFFFFFFFFFFFFFFFFFFFFFFFFFFFFF1
:107FA000FFFFFFFFFFFFFFFFFFFFFFFFFFFFFFFFE1
:107FB000FFFFFFFFFFFFFFFFFFFFFFFFFFFFFFFFD1
:107FC000FFFFFFFFFFFFFFFFFFFFFFFFFFFFFFFFC1
:107FD000FFFFFFFFFFFFFFFFFFFFFFFFFFFFFFFFB1
:107FE000FFFFFFFFFFFFFFFFFFFFFFFFFFFFFFFFA1
:107FF000FFFFFFFFFFFFFFFFFFFFFFFFFFFFFFFF91
:10800000FFFFFFFFFFFFFFFFFFFFFFFFFFFFFFFF80
:10801000FFFFFFFFFFFFFFFFFF3FE7FFFFFFFFFF48
:10802000FFFFFFFFFFFFFFFFFFFFFFFFFFFFFFFF60
:10803000FFFFFFFFFFFFFE3FC7FFFFFFFFFFFFFF49
:10804000FFFFFFFFFFFFFFFFFFFFFFFFFFFFFFFF40
:10805000FFFFFFFFFC7F87FFFFFFFFFFFFFFFFFF2B
:10806000FFFFFFFFFFFFFFFFFFFFFFFFFFFFFFFF20
:10807000FFFFFCFF27FFFFFFFFFFFFFFFFFFFFFFEB
:10808000FFFFFFFFFFFFFFFFFFFFFFFFFFFFFFFF00
:10809000FCFE67FFFFFFFFFFFFFFFFFFFFFFFFFF8C
:1080A000FFFFFFFFFFFFFFFFFFFFFFFFFFFFFCFEE4
:1080B00067F7FFFFFFFFFFFFFFFFFFFFFFFFFFFF70
:1080C000FFFFFFFFFFFFFFFFFFFFFFFFFCFCE7F7E6
:1080D000FFFFFFFFFFFFFFFFFFFFFFFFFFEFFFFFC0
:1080E000FFFFFFFFFFFFFFFFFFFFFC71E7F7FFFF51
:1080F000FFFFFFFFFFFFFFFFFFFFFFEFFFFFFFFFA0
:10810000FFFFFFFFFFFFFFFFFE03E7F7FFFFFFFF9C
:10811000FFFFFFFFFFFFFFFFFFEFFFFFFFFFFFFF7F
:10812000FFFFFFFFFFFFFF0FE7F7FFFFFFFFFFFF6F
:10813000FFFFFFFFFFFFFFEFFFFFFFFFF87FFFFFE6
:10814000FFFFFFFFFFFFFFF7FFFFFFFFFFFFFFFF47
:10815000FFFFFFFFFFEFFFFFFFFF8007FFFFFFFFB6
:10816000FFFFFFFFFFF7FFFFFFFFFFFFFFFFFFFF27
:10817000FFFFFFEFFFFFFFFE07C1FFFFFFFFFFFF56
:10818000FF803FF7FFFFFFFFFFFFFFFFFFFFFFFF46
:10819000FFEFFFFFFFFC7FFC7FFFFFFFFFFFFE0005
:1081A0000FF7FFFFFFFFFFFFFFFFFFFFFFFFFFEFE7
:1081B000FFFFFFF1FFFF1FFFFFFFFFFFFC7FCFF778
:1081C000FFFFFFFFFFFFFFFFFFFFFFFFFFEFFFFFCF
:1081D000FFE7FFFF8FFFFFFFFFFFFCFFE7F7FFFF5A
:1081E000FFFFF01FFFFFFFFFFFFFFFEFFFFFFFCFCE
:1081F000FFFFCFFFFFFFFFFFFCFFE7F7FFFFFFFFE2
:10820000E01FFFFFFFFFFFFFFFEFFFFFFF9FE7FF05
:10821000E7FFFFFFFFFFFCFFE7F7FFFFFFFFE03F88
:10822000FFFFFFFFFFFFFFEFFFFFFF3F81FFF3FFB8
:10823000FFFFFFFFFCFFE7F7FFFFFFFFC03FFFFF70
:10824000FFFFFFFFFFEFFFFFFF3F81FBF1FFFFFF9E
:10825000FFFFFE7FC7F7FFFFFFFFC07FFFFFFFFFAE
:10826000FFFFFFEFFFFFFE7F00FCF9FFFFFFFFFFB7
:10827000FE000FF7FFFFFFFF807FFFFFFFFFFFFF05
:10828000FFEFFFFFFEFF00FE78FFFFFFFFFFFF8015
:108290003FF7FFFFFFFF00FFFFFFFFFFFFFFFFEFC5
:1082A000FFFFFEFF80FF3CFFFFFFFFFFFFFFFFF729
:1082B000FFFFFFFF00FFFFFFFFFFFFFFFFEFFFFFDD
:1082C000FCFF81FF9CFFFFFFFFFFFFFFFFF7FFFFAA
:1082D000FFFE01FFFFFFFFFFFFFFFFEFFFFFFDFFBF
:1082E000C3FFCC7FFFFFFFFFFF3FE7F7FFFFFFFC70
:1082F00003FFFFFFFFFFFFFFFFEFFFFFFDFFFFFF9C
:10830000CE7FFFFFFFFFFE3FC7F7FFFFFFF803FF32
:10831000FFFFFFFFFFFFFFEFFFFFFDFFFFFFEE7F10
:10832000FFFFFFFFFC7F87F7FFFFFFF007FFFFFF67
:10833000FFFFFFFFFFEFFFFFF9FFFFFFE67FFFFFFC
:10834000FFFFFCFF27F7FFFFFFE00FFFFFFFFFFF2F
:10835000FFFFFFEFFFFFF9FFFFFFE67FFFFFFFFFDC
:10836000FCFE67F7FFFFFFC00FFFFFFFFFFFFFFFF0
:10837000FFEFFFFFF9FFFFFFE67FFFFFFFFFFCFEC0
:1083800067F7FFFFFF801FFFFFFFFFFFFFFFFFEF0C
:10839000FFFFFDFFFFFFEE7FFFFFFFFFFCFCE7F7A6
:1083A000FFFFFF000000000000007FFFFFEFFFFF66
:1083B000FDFFFFFFCE7FFFFFFFFFFC71E7F7FFFF31
:1083C000FE000000000000007FFFFFEFFFFFFDFF49
:1083D000E7FFCC7FFFFFFFFFFE03E7F7FFFFF8009B
:1083E0000000000000007FFFFFEFFFFFFCFF81FFA8
:1083F000CCFFFFFFFFFFFF0FE7F7FFFFF8000000D4
:10840000000000007FFFFFEFFFFFFEFF81FF1CFF6A
:10841000FFFFFFFFFFFFFFF7FFFFF8000000000076
:1084200000007FFFFFEFFFFFFEFF00FF38FFFFFFB1
:10843000FFFFFFFFFFF7FFFFF80000000000000054
:108440007FFFFFEFFFFFFE7F00FCF9FFFFFFFFFF55
:10845000FF3FE7F7FFFFF8000000000000007FFF8C
:10846000FFEFFFFFFF3F81FBF1FFFFFFFFFFFE3F3D
:10847000C7F7FFFFFFFFFFFFFFFFFFFFFFFFFFEF5C
:10848000FFFFFF3F81FFF3FFFFFFFFFFFC7F87F749
:10849000FFFFFFFFFFFFFFFFFFFFFFFFFFEFFFFFFC
:1084A000FF9FC3FFE7FFFFFFFFFFFCFF27F7FFFF73
:1084B000FFFFFFFFFFFFFFFFFFFFFFEFFFFFFFCF0C
:1084C000FFFFCFFFFFFFFFFFFCFE67F7FFFFFFFF90
:1084D000FFFFFFFFFFFFFFFFFFEFFFFFFFE7FFFFD4
:1084E0008FFFFFFFFFFFFCFE67F7FFFFFFFFFFFFB0
:1084F000FFFFFFFFFFFFFFEFFFFFFFF1FFFF1FFF8A
:10850000FFFFFFFFFCFCE7F7FFFFFFFFFFFFFFFFA1
:10851000FFFFFFFFFFEFFFFFFFF8FFFC7FFFFFFF05
:10852000FFFFFC71E7F7FFFFFFFFFFFFFFFFFFFF0C
:10853000FFFFFFEFFFFFFFFE07C1FFFFFFFFFFFF92
:10854000FE03E7F7FFFFFFFFFFFFFFFFFFFFFFFF58
:10855000FFEFFFFFFFFF8007FFFFFFFFFFFFFF0FA2
:10856000E7F7FFFFFFFFFFFFFFFFFFFFFFFFFFEF4B
:10857000FFFFFFFFF87FFFFFFFFFFFFFFFFFFFF79A
:10858000FFFFFFFFFFFFFFFFFFFFFFFFFFEFFFFF0B
:10859000FFFFFFFFFFFFFFFFFFFFFFFCFFF7FFFFF6
:1085A000FFFFFFFFFFFFFFFFFFFFFFEFFFFFFFFFEB
:1085B000FFFFFFFFFFFFFFFFFFFCFFF7FFFFFFFFD6
:1085C000FFFFFFFFFFFFFFFFFFEFFFFFFFFFFFFFCB
:1085D000FFFFFFFFFFFFFFFCFFF7FFFFFFFFFFFFB6
:1085E000FFFFFFFFFFFFFFEFFFFFFFFFFFFFFFFFAB
:1085F000FFFFFFFFFFFCFFF7FFFFFFFFFFFFFFFF96
:10860000FFFFFFFFFFEFFFFFFFFFFFFFFFFFFFFF8A
:10861000FFFFFFFCFFF7FFFFFFFFFFFFFFFFFFFF75
:10862000FFFFFFEFFFFFFFFFFFFFFFFFFFFFFFFF6A
:10863000FFFCFFF7FFFFFFFFFFFFFFFFFFFFFFFF55
:10864000FFEFFFFFFFFFFFFFFFFFFFFFFFFFFFFF4A
:10865000FFF7FFFFFFFFFFFFFFFFFFFFFFFFFFEF42
:10866000FFFFFFFFFFFFFFFFFFFFFFFFFFFFFFF722
:10867000FFFFFFFFFFFFFFFFFFF87FFFFFEFFFFFA1
:10868000FFFFFFFFFFFFFFFFFFFFFF803FF7FFFF41
:10869000FFFFE3FFFFFFFFC07FFFFFEFFFFFFFFFD5
:1086A000FFFFFFFFFFFFFFFFFE000FF7FFFFFFFED3
:1086B00003FFFFFFFF807FFFFFEFFFFFFFFFFFFFD5
:1086C000FFFFFFFFFFFFFC7FCFF7FFFFFFF803FF78
:1086D000FFFFFE007FFFFFEFFFFFFFFFFFFFFFFF3A
:1086E000FFFFFFFFFCFFE7F7FFFFFFF001FFFFFFCA
:1086F000FC007FFFFFEFFFFFFFFFFFFFFFFFFFFF1C
:10870000FFFFFCFFE7F7FFFFFFE001FFFFFFF800BF
:108710007FFFFFEFFFFFFFFFFFFFFFFFFFFFFFFFF9
:10872000FCFFE7F7FFFFFF8001FFFFFFE0007FFF97
:10873000FFEFFFFFFFFFFFFFFFFFFFFFFFFFFCFF5C
:10874000E7F7FFFFFF8001FFFFFFC0007FFFFFEFA4
:10875000FFFFFFFFFFFFFFFFFFFFFFFFFE7FC7F7EA
:10876000FFFFFF001FFFFFFF80007FFFFFEFFFFF06
:10877000FFFFFFFFFFFFFFFFFFFFFE000FF7FFFF01
:10878000FE007FFFFFFF00007FFFFFEFFFFFFFFF07
:10879000FFFFFFFFFFFFFFFFFF803FF7FFFFFE0030
:1087A000FFFFFFFF00407FFFFFEFFC000000000025
:1087B0000000003FFFFFFFFFFFF7FFFFFC01FFFF8F
:1087C000FFFE00C07FFFFFEFFFFFFFFFFFFFFFFF88
:1087D000FFFFFFFFFFFFFFF7FFFFFC03FFFFFFFCB3
:1087E00001C07FFFFFEFFFFFFFFFFFFFFFFFFFFF66
:1087F000FFFFFFFE1FF7FFFFFC07FFFFFFF803C0AF
:108800007FFFFFEFFFFFFFFFFFFFFFFFFFFFFFFF08
:10881000FF0C0FF7FFFFFC07FFFFFFF007C07FFF14
:10882000FFEFFFFFFFFFFFFFFFFFFFFFFFFFFE0167
:10883000C7F7FFFFF807FFFFFFE00FC07FFFFFEF65
:10884000FFFFFFFFFFFFFFFFFFFFFFFFFCF3E7F767
:10885000FFFFF80FFFFFFFE01FC07FFFFFEFFFFFED
:10886000FFFFFFFFFFFFFFFFFFFFFCF3E7F7FFFF47
:10887000F80FFFFFFFC03FC07FFFFFEFFFFFFFFFCD
:10888000FFFFFFFFFFFFFFFFFCF3E7F7FFFFF80F1E
:10889000FFFFFF807FC07FFFFFEFFFFFFFFFFFFFB6
:1088A000FFFFFFFDBFFFFCF3E7F7FFFFF80FFFFF40
:1088B000FF007FC07FFFFFEFFFFFFFFFFFFFFFFF16
:1088C000FFADBFFFFE01C7F7FFFFF80FFFFFFE0080
:1088D000FFC07FFFFFEFFFFFFFFFFFFFFFFFFFADC9
:1088E0007FFFFF0C0FF7FFFFF80FFFFFFC01FFC03A
:1088F0007FFFFFEFFFFFFFFFFFFFFFFFFFB57FFFE2
:10890000FFFE1FF7FFFFF80FFFFFF803FFC07FFF19
:10891000FFEFFFFFFFFFFFFFFFFFFFBCFFFFFFFFBA
:10892000FFF7FFFFF80FFFFFF007FFC07FFFFFEF2C
:10893000FFFFFFFFFFFFFFFFFF981FFFFFFCFFF799
:10894000FFFFF807FFFFE00FFFC07FFFFFEFFFFF14
:10895000FFFFFFFFFFFFFFA4FFFFFFFCFFF7FFFF8D
:10896000FC07FFFFC01FFFC07FFFFFEFFFFFFFFF00
:10897000FFFFFFFFFFBD7FFFFFFCFFF7FFFFFC03D3
:10898000FFFF803FFFC07FFFFFEFFFFFFFFFFFFF05
:10899000FFFFFF757FFFFFFCFFF7FFFFFC01FFFEFE
:1089A000007FFFC07FFFFFEFFFFFFFFFFFFFFFFF25
:1089B000FF6DBFFFFFFCFFF7FFFFFE00FFFC00FFA6
:1089C000FFC07FFFFFEFFFFFFFFFFFFFFFFFFF5D28
:1089D000BFFFFFFCFFF7FFFFFE007FF001FFFFC0BE
:1089E0007FFFFFEFFF803FFFFFFFFFFFFFFDBFFFA8
:1089F000FFFFFFF7FFFFFF001FC003FFFFC07FFF68
:108A0000FFEFFF803FFFFFFFFFFFFFF6DFFFFFFFEE
:108A1000FFF7FFFFFF00000007FFFFC07FFFFFEF32
:108A2000FFB77FFFFF801FFFFFEEDFFFFFFFFFF7B6
:108A3000FFFFFF8000000FFFFFC07FFFFFEFFFB7CA
:108A40007FFFFC0003FFFF80BFFFFFBFFFF7FFFFBB
:108A5000FFC000001FFFFFC07FFFFFEFFFB77FFFDA
:108A6000F00000FFFF2ABFFFFF3FFFF7FFFFFFE01F
:108A700000007FFFFFC07FFFFFEFFF8007FFE07F69
:108A8000E07FFFAABFFFFE7FFFF7FFFFFFF80000B8
:108A9000FFFFFFC07FFFFFEFFF8007FFE3FFFC7FCB
:108AA000FFAA7FFFFC0007F7FFFFFFFE0007FFFFA5
:108AB000FFC07FFFFFEFFFB77FFFC3FFFC3FFF005B
:108AC0001FFFFC0007F7FFFFFFFF803FFFFFFFC016
:108AD0007FFFFFEFFFB77FFFC7FFFE3FFF2A7FFF4C
:108AE000FFFFFFF7FFFFFFFFFFFFFFFFFFC07FFF5D
:108AF000FFEFFF803FFFC7FFFE3FFFAABFFFFFFF63
:108B0000FFF7FFFFFFFFFFFFFFFFFFFFFFFFFFEF8D
:108B1000FF803FFFC7FFFE3FFFAABFFFFFFFFFF73A
:108B2000FFFFFFFFFFFFFFFFFFFFFFFFFFEFFFFF65
:108B3000FFFFC7FFFE3FFFAADFFFFFFFFFF7FFFFBB
:108B4000FFFFFFFFFFFFFFFFFFFFFFEFFFFFFFFF45
:108B5000C3FFFC3FFFBEDFFFFFFFFFF7FFFFFFFF8D
:108B6000FFFFFFFFFFFFFFFFFFEFFFFFFFFFE1FF43
:108B7000FC7FFFFFFFFFFF803FF7FFFFFFFFFFFFCF
:108B8000FFFFFFFFFFFFFFEFFFB007FFE07FE07F8A
:108B9000FFC0FFFFFE000FF7FFFFFFFFFFFFFFFF1C
:108BA000FFFFFFFFFFEFFFB007FFF00000FFFFDD5B
:108BB000FFFFFC7FCFF7FFFFFFFFFFFFFFFFFFFF80
:108BC000FFFFFFEFFF80AFFFFC0003FFFFDDFFFFB4
:108BD000FCFFE7F7FFFFFFFFFFFFFFFFFFFFFFFFC8
:108BE000FFEFFF80AFFFFF801FFFFFDDFFFFFCFFF8
:108BF000E7F7FFFFFFFFFFFFFFFFFFFFFFFFFFEFB5
:108C0000FF8007FFFFFFFFFFFF001FFFFCFFE7F7ED
:108C1000FFFFFFFFFFFFFFFFFFFFFFFFFFEFFF90E3
:108C200007FFFFFFFFFFFFDDFFFFFCFFE7F7FFFF91
:108C3000FFFFFFFFFFFFFFFFFFFFFFEFFFDCB7FFBF
:108C4000FF801FFFFFDDFFFFFE7FC7F7FFFFFFFF76
:108C5000FFFFFFFFFFFFFFFFFFEFFF88B7FFFC00F5
:108C600003FFFFDDFFFFFE000FF7FFFFFFFFF80F21
:108C7000FFFFFFC07FFFFFEFFF8207FFF00000FF55
:108C8000FFDDFFFFFF803FF7FFFFFFFFF80FFFFF54
:108C9000FFC07FFFFFEFFFD007FFE07FE07FFFC057
:108CA000FFFFFFFFFFF7FFFFFFFFF80FFFFFFFC012
:108CB0007FFFFFEFFF88B7FFE3FFFC7FFFFFFFFFB2
:108CC000FFFFFFF7FFFFFFFFF80FFFFFFFC07FFF72
:108CD000FFEFFF8CB7FFC3FFFC3FFFFFFFFFFFFF6E
:108CE000FFF7FFFFFFFFF80FFFFFFFC07FFFFFEF62
:108CF000FFDEB7FFC7FFFE3FFFFFFFFFFFFFFFF7EE
:108D0000FFFFFFFFF80FFFFFFFC07FFFFFEFFFFF39
:108D1000FFFFC7FFFE3FFFFFFFFFFFFFFFF7FFFF64
:108D2000FFFFF80FFFFFFFC07FFFFFEFFFFFFFFF19
:108D3000C7FFFE3FFFFFFFFFFFFFFFF7FFFFFFFF44
:108D4000FFFFFFFFFFFFFFFFFFEFFFFFFFFFC7FF7B
:108D5000FE3FFFFFFFFFFFFFFFF7FFFFFFFFFFFFEC
:108D6000FFFFFFFFFFFFFFEFFFFFFFFFC3FFFC3F22
:108D7000FFFFFFFFFFFFFFF7FFFFFFFFFFFFFFFF0B
:108D8000FFFFFFFFFFEFFFFFFFFFE1FFFC7FFFFFA4
:108D9000FFFFFFFFFFF7FFFFFFFFFFFFFFFFFFFFEB
:108DA000FFFFFFEFFFFFFFFFE07FE07FFFFFFFFF21
:108DB000FFFFFFF7FFFFFFFFFFFFFFFFFFFFFFFFCB
:108DC000FFEFFFF81FFFF00000FFFFFFFFFFFFFFB7
:108DD000FFF7FFFFFFFFFFFFFFFFFFFFFFFFFFEFBB
:108DE000FFF80FFFFC0003FFFE001FFFFFFFFFF770
:108DF000FFFFFFFFFFFFFFFFFFFFFFFFFFEFFFFF93
:108E0000EFFFFF801FFFFE001FFFFFFFFFF7FFFFC9
:108E1000FFFFFFFFFFFFFFFFFFFFFFEFFFFFEFFF82
:108E2000FFFFFFFFFE001FFFFFFFFFF7FFFFFFFF3A
:108E3000FFFFFFFFFFFFFFFFFFEFFFFFCFFFFFFF82
:108E40000FFFFE001FFFFFFFFFF7FFFFFFFFFFFF0A
:108E5000FFFFFFFFFFFFFFEFFFF80FFFFFFE0FFF1A
:108E6000FE001FFFFFFFFFF7FFFFFFFFFFFFFFFFFA
:108E7000FFFFFFFFFFEFFFF80FFFFFFC0FFFFE00FC
:108E80001FFFFFFFFFF7FFFFFFFFFFFFFFFFFFFFDA
:108E9000FFFFFFEFFFFFFFFFFFF88FFFFE001FFF49
:108EA000FFFFFFF7FFFFFFFFFFFFFFFFFFFFFFFFDA
:108EB000FFEFFFFFFFFFFFE18FFFFE001FFFFFFF40
:108EC000FFF7FFFFFFFFFFC00007FFFFFFFFFFEF00
:108ED000FFFC1FFFFFC38FFFFE001FFFFFFFFFF719
:108EE000FFFFFFFFF00000003FFFFFFFFFEFFFF875
:108EF0000BFFFF878FFFFE001FFFFFFFFFF7FFFF46
:108F0000FFFF8000000003FFFFFFFFEFFFF9C9FF35
:108F1000FF1F8FFFFE001FFFFFFFFFF7FFFFFFFE9A
:108F20000000000000FFFFFFFFEFFFFBEDFFFC3F35
:108F30008FFFFE001FFFFFFFFFF7FFFFFFF800009E
:108F40000000003FFFFFFFEFFFF9C9FFF87F8FFF31
:108F5000FE001FFFFFFFFFF7FFFFFFE00000000024
:108F6000000FFFFFFFEFFFF801FFF0FF8FFFFE0094
:108F70001FFFFFFFFFF7FFFFFFC00000000000071B
:108F8000FFFFFFEFFFF803FFE000003FFE001FFFC1
:108F9000FFFFFFF7FFFFFF80003FFFF80003FFFF29
:108FA000FFEFFFFFFFFFC000003FFE001FFFFFFFBE
:108FB000FFF7FFFFFF0007FFFFFFC001FFFFFFEF0D
:108FC000FFFFFBFFC000003FFE001FFFFFFFFFF79A
:108FD000FFFFFF003FFFFFFFF800FFFFFFEFFFFF76
:108FE000C3FFFFFF8FFFFE001FFFFFFFFFF7FFFF25
:108FF000FE00FFFFFFFFFE00FFFFFFEFFFFF07FF89
:10900000FFFF8FFFFE001FFFFFFFFFF7FFFFFC01C9
:10901000FFFFFFFFFF007FFFFFEFFFFC3FFFFFFFB2
:109020008FFFFE001FFFFFFFFFF7FFFFFC03FFFFA7
:10903000FFFFFF807FFFFFEFFFE0FFFFFFFFFFFF6E
:10904000FE001FFFFFFFFFF7FFFFFC07FFFFFFFF13
:10905000FF807FFFFFEFFFC3FFFFFFFFFFFFFE006B
:109060001FFFFFFFFFF7FFFFF807FFFFFFFFFFC036
:109070003FFFFFEFFFDFFFFFFFFF07FFFE001FFFC8
:10908000FFFFFFF7FFFFF807FFFFFFFFFFC03FFFF6
:10909000FFEFFFFFFFFFF83C01FFFE001FFFFFFF98
:1090A000FFF7FFFFF80FFFFFFFFFFFE03FFFFFEFBE
:1090B000FFF80FFFF01800FFFE001FFFFFFFFFF794
:1090C000FFFFF80FFFFFFFFFFFE03FFFFFEFFFF89D
:1090D0000FFFE008F87FFE001FFFFFFFFFF7FFFF15
:1090E000F80FFFFFFFFFFFE03FFFFFEFFFF9FFFF7C
:1090F000E3C1FC7FFE001FFFFFFFFFF7FFFFF80F3C
:10910000FFFFFFFFFFE03FFFFFEFFFFBFFFFC7E3B6
:10911000FE3FFE001FFFFFFFFFF7FFFFF80FFFFFFF
:10912000FFFFFFE03FFFFFEFFFF80FFFC7E3FE3F4A
:10913000FE001FFFFFFFFFF7FFFFF80FFFFFFFFF1E
:10914000FFE03FFFFFEFFFFC0FFFC7E3FE3FFE0026
:109150001FFFFFFFFFF7FFFFF807FFFFFFFFFFC045
:109160003FFFFFEFFFF9FFFFC7E3FE3FFE001FFFDA
:10917000FFFFFFF7FFFFF807FFFFFFFFFFC03FFF05
:10918000FFEFFFFBFFFFC7E3FE3FFE001FFFFFFFF8
:10919000FFF7FFFFFC03FFFFFFFFFF807FFFFFEFF5
:1091A000FFFBFFFFC7E3FE3FFE001FFFFFFFFFF7D0
:1091B000FFFFFC03FFFFFFFFFF807FFFFFEFFFF8D4
:1091C0000FFFE3C1FC7FFE001FFFFFFFFFF7FFFF64
:1091D000FC01FFFFFFFFFF007FFFFFEFFFFC0FFF22
:1091E000E008F87FFE001FFFFFFFFFF7FFFFFE0014
:1091F000FFFFFFFFFE00FFFFFFEFFFFFFFFFF01885
:1092000000FFFE001FFFFFFFFFF7FFFFFF003FFF14
:10921000FFFFF801FFFFFFEFFFFFFFFFFC3C01FF37
:10922000FE001FFFFFFFFFF7FFFFFF0007FFFFFF2D
:10923000C001FFFFFFEFFF7BFFFFFFFF07FFFE0007
:109240001FFFFFFFFFF7FFFFFF80003FFFF8000356
:10925000FFFFFFEFFF5BFFFFFFFFFFFFFE001FFFB2
:10926000FFFFFFF7FFFFFFC0000000000007FFFF48
:10927000FFEFFF03FFFFFFFFFFFFFE001FFFFFFFEA
:10928000FFF7FFFFFFE000000000000FFFFFFFEF10
:10929000FF23FFFFFFFFFFFFFE001FFFFFFFFFF7A2
:1092A000FFFFFFF800000000003FFFFFFFEFFFFFA0
:1092B000FFFFFFFFFFFFFE001FFFFFFFFFF7FFFFA6
:1092C000FFFE0000000000FFFFFFFFEFFFFFFFFFBA
:1092D000FFFFFFFFFEFFDFFFFFFFFFF7FFFFFFFFC7
:1092E0008000000003FFFFFFFFEFFFFFFFFFFFFF16
:1092F000FFFFFEFFDFFFFFFFFFF7FFFFFFFFF800AD
:1093000000001FFFFFFFFFEFFFFFFFFFFFFFFFFF5B
:10931000FEFFDFFFFFFFFFF7FFFFFFFFFFC00007BC
:10932000FFFFFFFFFFEFFFFFFFFFFFFFFFFFFEFF5E
:10933000DFFFFFFFFFF7FFFFFFFFFFFFFFFFFFFF65
:10934000FFFFFFEFFFFFFFFFFFFFFFFFFEFFDFFF5E
:10935000FFFFFFF7FFFFFFFFFFFFFFFFFFFFFFFF25
:10936000FFEFFFFFFFFFFFFFFFFFFEFFDFFFFFFF3E
:10937000FFF7FFFFFFFFFFFFFFFFFFFFFFFFFFEF15
:10938000FFFFFFFFFFFFFFFFFEFFDFFFFFFFFFF716
:10939000FFFFFFFFFFFFFFFFFFFFFFFFFFEFFFFFED
:1093A000FFFFFFFFFFFFFEFFDFFFFFFFFFF7FFFFF6
:1093B000FFFFFFFFFFFFFFFFFFFFFFEFFFFFFFFFCD
:1093C000FFFFFFFFFEFFDFFFFFFFFFF7FFFFFFFFD6
:1093D000FFFFFFF80FFFFFFFFFEFFFFFFFFFFFFFA4
:1093E000FFFFFEFFDFFFFFFFFFF7FFFFFFFFFFFFB6
:1093F000FFF00FFFFFFFFFEFFFFFFFFFFFFFFFFF8C
:10940000FEFFDFFFFFFFFFF7FFFFFFFFFFFFFFE0B4
:109410000FFFFFFFFFEFFFFFFFFFFFFFFFFFFEFF5D
:10942000DFFFFFFFFFF7FFFFFFFFFFFFFF800FFFE3
:10943000FFFFFFEFFFFFFFFFFFFFFFFFFEFFDFFF6D
:10944000FFFFFFF7FFFFFFFFFFFFFF000FFFFFFF23
:10945000FFEFFFFFFFFFFFFFFFFFFEFFDFFFFFFF4D
:10946000FFF7FFFFFFFFFFFFFE000FFFFFFFFFEF14
:10947000FFFFFFFFFFFFFFFFFEFFDFFFFFFFFFF725
:10948000FFFFFFFFFFFFFC000FFFFFFFFFEFFFFFEE
:10949000FFFFFFFFFFFFFEFFDFFFFFFFFFF7FFFF05
:1094A000FFFFFFFFF0000FFFFFFFFFEFFFFFFFFFDA
:1094B000FFFFFFFFFEFFDFFFFFFFFFF7FFFFFFFFE5
:1094C000FFFFE0000FFFFFFFFFEFFFFFFFFFFFFFCA
:1094D000FFFFFEFFDFFFFFFFFFF7FFFFFFFFFFFFC5
:1094E000C0080FFFFFFFFFEFFFFFFFFFFFFFFFFFC2
:1094F000FEFFDFFFFFFFFFF7FFFFFFFFFFFF00188B
:109500000FFFFFFFFFEFFFFFFFFFFFFFFFFFFEFF6C
:10951000DFFFFFFFFFF7FFFFFFFFFFFE00780FFFFA
:10952000FFFFFFEFFFFFFFFFFFFFFFFFFEFFDFFF7C
:10953000FFFFFFF7FFFFFFFFFFFC00F80FFFFFFF3C
:10954000FFEFFFFFFFFFFFFFFFFFFEFFDFFFFFFF5C
:10955000FFF7FFFFFFFFFFF001F80FFFFFFFFFEF37
:10956000FFFFFFFFFFFFFFFFFEFFDFFFFFFFFFF734
:10957000FFFFFFFFFFE007F80FFFFFFFFFEFFFFF19
:10958000FFFFFFFFFFFFFEFFDFFFFFFFFFF7FFFF14
:10959000FFFFFF800FF80FFFFFFFFFEFFFFFFFFF51
:1095A000FFFFFFFFFEFFDFFFFFFFFFF7FFFFFFFFF4
:1095B000FF001FF80FFFFFFFFFEFFFFFFFFFFFFFA1
:1095C000FFFFFEFFDFFFFFFFFFF7FFFFFFFFFC00D6
:1095D0007FF80FFFFFFFFFEFFFFFFFFFFFFFFFFF22
:1095E000FEFFDFFFFFFFFFF7FFFFFFFFF800FFF8C1
:1095F0000FFFFFFFFFEFFFFFFFFFFFFFFFFFFEFF7C
:10960000DFFFFFFFFFF7FFFFFFFFE003FFF80FFFA4
:10961000FFFFFFEFFFFFFFFFFFFFFFFFFEFFDFFF8B
:10962000FFFFFFF7FFFFFFFFC007FFF80FFFFFFF80
:10963000FFEFFFDFFFFFFFFFFFFFFEFFDFFFFFFF8B
:10964000FFF7FFFFFFFF001FFFF80FFFFFFFFFEF18
:10965000FFDFFFFFFFFFFFFFFEFFDFFFFFFFFFF763
:10966000FFFFFFFC003FFFF80FFFFFFFFFEFFFDFF3
:10967000FFFFFFFFFFFFFEFFDFFFFFFFFFF7FFFF23
:10968000FFF800FFFFF80FFFFFFFFFEFFFC00FFF26
:10969000FFFFFFFFFEFFDFFFFFFFFFF7FFFFFFE022
:1096A00003FFFFF80FFFFFFFFFEFFFC00FFFFFFFFC
:1096B000FFFFFEFFDFFFFFFFFFF7FFFFFF8007FF5A
:1096C000FFF80FFFFFFFFFEFFFDFFFFFFF801FFF30
:1096D000FEFFDFFFFFFFFFF7FFFFFE001FFFFFF8AA
:1096E0000FFFFFFFFFEFFFDFFFFFFC0003FFFEFFA9
:1096F000DFFFFFFFFFF7FFFFFC007FFFFFF80FFF1B
:10970000FFFFFFEFFFDFFFFFF00000FFFEFFDFFFC7
:10971000FFFFFFF7FFFFF8000000000000003FFF21
:10972000FFEFFFDFFFFFE07FE07FFEFFDFFFFFFFD8
:10973000FFF7FFFFF8000000000000003FFFFFEF11
:10974000FFC3FFFFE3FFFC7FFEFFDFFFFFFFFFF72D
:10975000FFFFF8000000000000003FFFFFEFFFE008
:10976000FFFFC3FFFC3FFEFFDFFFFFFFFFF7FFFF31
:10977000F8000000000000003FFFFFEFFFFC1FFFAC
:10978000C7FFFE3FFEFFDFFFFFFFFFF7FFFFF80011
:109790000000000000003FFFFFEFFFFF0FFFC7FFCB
:1097A000FE3FFEFFDFFFFFFFFFF7FFFFF8000000B7
:1097B000000000003FFFFFEFFFFF0FFFC7FFFE3F6E
:1097C000FEFFDFFFFFFFFFF7FFFFF80000000000D4
:1097D00000003FFFFFEFFFFC1FFFC7FFFE3FFE0043
:1097E0001FFFFFFFFFF7FFFFFFFFFFFFFFF80FFF68
:1097F000FFFFFFEFFFE0FFFFC3FFFC3FFFFFFFFFA7
:10980000FFFFFFF7FFFFFFFFFFFFFFF80FFFFFFF67
:10981000FFEFFFC3FFFFE1FFFC7FFFFFFFFFFFFF45
:10982000FFF7FFFFFFFFFFFFFFF80FFFFFFFFFEF57
:10983000FFDFFFFFE07FE07FFFFFFFFFFFFFFFF79E
:10984000FFFFFFFFFFFFFFF80FFFFFFFFFEFFFFF2F
:10985000FFFFF00000FFFFFFFFFFFFFFFFF7FFFF2D
:10986000FFFFFFFFFFF80FFFFFFFFFEFFFF83FFFD6
:10987000FC0003FFFFFFFFFFFFFFFFF7FFFFFFFFFE
:10988000FFFFFFF80FFFFFFFFFEFFFE01FFFFF806D
:109890001FFFFFFFFFFFFFFFFFF7FFFFFFFFFFFFC0
:1098A000FFF80FFFFFFFFFEFFFC78FFFFFFFFFFF77
:1098B000FFFFFFFFFFFFFFF7FFFFFFFFFFFFFFF8C7
:1098C0000FFFFFFFFFEFFFCFCFFFFFFFFFFFFFFF08
:1098D000FFFFFFFFFFF7FFFFFFFFFFFFFFF80FFF97
:1098E000FFFFFFEFFFDFEFFFFF801FFFFFFFFFFF27
:1098F000FFFFFFF7FFFFFFFFFFFFFFFFFFFFFFFF80
:10990000FFEFFFDFEFFFFC0003FFFFFFFFFFFFFFA5
:10991000FFF7FFFFFFFFFFFFFFFFFFFFFFFFFFEF6F
:10992000FFCFCFFFF00000FFFFFFFFFFFFFFFFF7BC
:10993000FFFFFFFFFFFFFFFFFFFFFFFFFFEFFFC77F
:109940008FFFE07FE07FFFFFFFFFFFFFFFF7FFFFDD
:10995000FFFFFFFFFFFFFFFFFFFFFFEFFFE01FFF26
:10996000E3FFFC7FFFFFFFFFFFFFFFF7FFFFFFFFAE
:10997000FFFFFFFFFFFFFFFFFFEFFFF07FFFC3FFD2
:10998000FC3FFFFFFFFFFFFFFFF7FFFFFFFFFFFFB2
:10999000FFFFFFFFFFFFFFEFFFFFFFFFC7FFFE3FE0
:1099A000FFFFFFFFFFFFFFF7FFFFFFFFFFFFFFFFCF
:1099B000FFFFFFFFFFEFFFFFFFFFC7FFFE3FFFFFC0
:1099C000FFFFFFFFFFF7FFFFFFFFFFFFFFFFFFFFAF
:1099D000FFFFFFEFFFF83FFFC7FFFE3FFFFFFFFF67
:1099E000FFFFFFF7FFFFFFFFFFFFFFFFFFFFFFFF8F
:1099F000FFEFFFE01FFFC7FFFE3FFFFFFFFFFFFF7F
:109A0000FFF7FFFFFFFFFFFFFFFFFFFFFFFFFFEF7E
:109A1000FFE78FFFC3FFFC3FFFFFFFFFFFFFFFF7E5
:109A2000FFFFFFFFFFFFFFFFFFFFFFFFFFEFFFCF86
:109A3000CFFFE1FFFC7FFFFBDFFFFFFFFFF7FFFF33
:109A4000FFFFFFFFFFFFFFFFFFFFFFEFFFDFEFFF66
:109A5000E07FE07FFFF81FFFFFFFFFF7FFFFFFFF43
:109A6000FFFFFFFFFFFFFFFFFFEFFFDFEFFFF00054
:109A700000FFFF82DFFFFFFFFFF7FFFFFFFFFFFF9A
:109A8000FFFFFFFFFFFFFFEFFFCFCFFFFC0003FF54
:109A9000FFAABFFFFFFFFFF7FFFFFFFFFFFFFFFF73
:109AA000FFFFFFFFFFEFFFEFDFFFFF801FFFFFAABA
:109AB000BFFFFFFFFFF7FFFFFFFFFFFFFFFFFFFFFE
:109AC000FFFFFFEFFFFFFFFFFFFFFFFFFFA80FFFFD
:109AD000FFFFFFF7FFFFFFFFFFFFFFFFFFFFFFFF9E
:109AE000FFEFFFFFFFFFFFFFFFFFFFAAAFFFFFFF3B
:109AF000FFF7FFFFFFFFFFFFFFFFFFFFFFFFFFEF8E
:109B0000FFFFFFFFC7FFFFFFFFAA2FFFFFFFFFF7CA
:109B1000FFFFFFFFE0FFFFFFFFFFFFFFFFEFFFFF84
:109B2000FFFFC7FFFFFFFFAA9FFFFFFFFFF7FFFF3A
:109B3000FFFF9F7FFFFFFFFFFF07FFEFFFFFFFFF1D
:109B4000C7FFFFFFFF829FFFFFFFFFF7FFFFFFFF42
:109B50007FBFFFFFFFFFF803FFEFFFFFFFFFC7FF20
:109B6000FFFFFFFA6FFFFFFFFFF7FFFFFFFEFFDFC3
:109B7000FFFFFFFFE0F1FFEFFFFFFFFFC7FFFC3F2D
:109B8000FFFBEFFFFFFFFFF7FFF00001FFEFFFFF1D
:109B9000FFFF83F8FFEFFFF81FFFC7FFC03FFFDAAB
:109BA000BFFFFFFFFFF7FFEFB377FFEFFFFFFFFE02
:109BB0000FFC7FEFFFF80FFFC7FE003FFFCA6FFFEC
:109BC000FFFFFFF7FFEFBFFFFFEFFFFFFFFC3FFED1
:109BD0007FEFFFFFEFFFC7F803FFFF92EFFFFFFFED
:109BE000FFF7FFEFBFFFFF6FFFFFFFF0FFFE7FEF0D
:109BF000FFFFEFFFC7E03FFFFF900FFFFFFFFFF703
:109C0000FFEFFFFFFE6FFFFFFFF0FFFE7FEFFFFFA5
:109C1000CFFFC7C1FFFFFFCA7FFFFFFFFFF7FFF7BF
:109C2000FFFFFCEFFFFFFFFC3FFE7FEFFFF80FFFA2
:109C3000C707FFFFFFFA8FFFFFFFFFF7FFF80000E6
:109C4000F9EFFFFFFFFE0FFC7FEFFFF80FFFC61FCE
:109C5000FFFFFFC03FFFFFFFFFF7FFFFFFFF7FDFBB
:109C6000FFFFFFFF83F8FFEFFFFFFFFFC47FFFFF52
:109C7000FFDBFFFFFFFFFFF7FFFFFFFFBFBFFFFFA0
:109C8000FFFFE0F1FFEFFFFFFFFFC0FFFFFFFFDB84
:109C9000FFFFFFFFFFF7FFFFFFFFC07FFFFFFFFF9B
:109CA000F803FFEFFFFC1FFFC3FFFFFFFFB80FFF2D
:109CB000FFFFFFF7FFFFFFFFFFFFFFFFFFFFFF07B4
:109CC000FFEFFFF80BFFC7FFFFFFFFBBFFFFFFFF2B
:109CD000FFF7FFFFFFFFFFFFFFFFFFFFFFFFFFEFAC
:109CE000FFF9C9FFFFFFFFFFFFFBFFFFFFFFFFF7CC
:109CF000FFFFFFFFFFFFFFFFFFFFFFFFFFEFFFFB88
:109D0000EDFFFFFFFFFFFFFEDFFFFFFFFFF7FFFF9E
:109D1000FFFFFFFFFFFFFFFFFFFFFFEFFFF9C9FF9F
:109D2000FFFFFFFFFFD6DFFFFFFFFFF7FFFFFFFF94
:109D3000FFFFFFFFFFFFFFFFFFEFFFF801FFFFFF48
:109D4000FFFFFFD6BFFFFFFFFFF7FFFFFFFFFFFF94
:109D5000FFFFFFFFFFFFFFEFFFF803FFFE03FE3FE4
:109D6000FFDABFFFFFFFFFF7FFFFFFFFFFFFFFFF70
:109D7000FFFFFFFFFFEFFFFFFFFFC003FE3FFFDE20
:109D80007FFFFFFFFFF7FFFFFFFFFFFFFFFFFFFF6B
:109D9000FFFFFFEFFFFFFBFFC003FE3FFFCC0FFF06
:109DA000FFFFFFF7FFFFFFFFFFFFFFFFFFFFFFFFCB
:109DB000FFEFFFFFC3FFC7E3FE3FFFD27FFFFFFFC1
:109DC000FFF7FFFFFFFFFFFFFFFFFFFFFFFFFFEFBB
:109DD000FFFF07FFC7E3FE3FFFDEBFFFFFFFFFF709
:109DE000FFFFFFFFFFFFFFFFFFFFFFFFFFEFFFFC96
:109DF0003FFFC7E3FE3FFFBABFFFFFFFFFF7FFFFD5
:109E0000FFFFFFFFFFFFFFFFFFFFFFEFFFE0FFFF91
:109E1000C7E3FE3FFFB6DFFFFFFFFFF7FFFFF3FFE4
:109E2000FE7FFFFFFFFFFFFFFFEFFFC3FFFFC7E363
:109E3000FE3FFFAEDFFFFFFFFFF7FFFF83FFF87F6F
:109E4000FFFFFFFFF0FFFFEFFFDFFFFFC7E1FC3F7A
:109E5000FFFEDFFFFFFFFFF7FFFF03FFF07FFFFFC6
:109E6000FFFFE0FFFFEFFFFFFFFFC7F1FC7FFFFBFE
:109E70006FFFFFFFFFF7FFFE0FFFE07FFFFFFFFF1A
:109E800080FFFFEFFFF80FFFC7F0F87FFFF76FFFCE
:109E9000FFFFFFF7FFFE3FFFC47FFFFFFFFF00FF55
:109EA000FFEFFFF80FFFC7F800FFFFC05FFFFFFFE6
:109EB000FFF7FFFE3FFF847FFFFFFFFE08FFFFEF7E
:109EC000FFF9FFFFC7FC01FFFF955FFFFFFFFFF7F3
:109ED000FFFC7FFF0C7FFFFFFFF838FFFFEFFFFB6A
:109EE000FFFFFFFE07FFFFD55FFFFFFFFFF7FFFC50
:109EF0007FFF1C7FFFFFFFF078FFFFEFFFF80FFFF2
:109F0000FFFFFFFFFFD53FFFFFFFFFF7FFFC7FFED7
:109F10003C7FFFFFFFC1F8FFFFEFFFFC0FFFFFFFDC
:109F2000FFFFFF800FFFFFFFFFF7FFFC7FFC7C7F41
:109F3000FFFFFF83F8FFFFEFFFF9FFFFFFFFFFFFCA
:109F4000FF953FFFFFFFFFF7FFFC7FF87C7FFFFFE0
:109F5000FF0FF8FFFFEFFFFBFFFFFFFFFFFFFFD546
:109F60005FFFFFFFFFF7FFFC7FF0FC7FFFFFFC1FA1
:109F7000F8FFFFEFFFFBFFFFFFFFFFFFFFD55FFFD6
:109F8000FFFFFFF7FFFC3FE1FC7FFFFFF83FF8FF1B
:109F9000FFEFFFF80FFFFFFFFFFFFFD56FFFFFFF92
:109FA000FFF7FFFE3FC3FC7FFFFFF0000001FFEF64
:109FB000FFFC0FFFFFFFFFFFFFDF6FFFFFFFFFF75C
:109FC000FFFE0F07FC7FFFFFF0000001FFEFFFFF28
:109FD000FFFFFFFFFFFFFFFFFFFFFFFFFFF7FFFF99
:109FE000000FFC7FFFFFF0000001FFEFFF7BFFFF92
:109FF000FFFFFFFFFFC01FFFFFFFFFF7FFFF803FD7
:10A00000FC7FFFFFFFFFF8FFFFEFFF5BFFFFFFFF9E
:10A01000FFFFFFDBBFFFFFFFFFF7FFFFE0FFFC7F5E
:10A02000FFFFFFFFF8FFFFEFFF03FFFFFFFFFFFF53
:10A03000FFDBBFFFFFFFFFF7FFFFFFFFFFFFFFFF9C
:10A04000FFFFF8FFFFEFFF23FFFFFFFFFFFFFFC052
:10A050001FFFFFFFFFF7FFFFFFFFFFFFFFFFFFFFF8
:10A06000FFFFFFEFFFFFFFFFFFFFFFFFFFEFFFFF20
:10A07000FFFFFFF7FFFFFFFFFFFFFFFFFFFFFFFFF8
:10A08000FFEFFFFFFFFFFFFFFFFFFFEBFFFFFFFF04
:10A09000FFF7FFFFFFFFFFFFFFFFFFFFFFFFFFEFE8
:10A0A000FFFFFFFFFFFFFFFFFFECEFFFFFFFFFF7EB
:10A0B000FFFFFFFC3FFFFFFFFFFFFFFFFFEFFFFF83
:10A0C000FFFFFFFFFFFFFFEFEFFFFFFFFFF7FFFFC8
:10A0D000FFF83FFFFFFFFFFFFFFFFFEFFFFFFFFF67
:10A0E000FFFFFFFFFF800FFFFFFFFFF7FFFFFFE016
:10A0F0003FFFFFFFFFFFFFFFFFEFFFFFFFFFFFFF40
:10A10000FFFFFFEFFFFFFFFFFFF7FFFFFFC03FFF76
:10A11000FFFFFFFFFFC7FFEFFFFFFFFFFFFFFFFF97
:10A12000FFEFFFFFFFFFFFF7FFFFFF823FFFFFFF94
:10A13000F8FFFFE3FFEFFFFFFFFFFFFFFFFFFFFF62
:10A14000FFFFFFFFFFF7FFFFFE0E3FFFFFFFF1FFE7
:10A15000FFE3FFEFFFFFFFFFFFFFFFFFFFE00FFF4A
:10A16000FFFFFFF7FFFFFC1E3FFFFFFFF1FE3FF188
:10A17000FFEFFFFFFFFFFFFFFFFFFFBFFFFFFFFF3F
:10A18000FFF7FFFFF07E3FFFFFFFE3FE3FF1FFEF32
:10A19000FFFFFFFFFFFFFFFFFFDFFFFFFFFFFFF7F7
:10A1A000FFFFE0FE3FFFFFFFE3FE3FF1FFEFFFFF9A
:10A1B000FFFFFFFFFFFFFFE01FFFFFFFFFF7FFFFB6
:10A1C000C3FE3FFFFFFFE3FE3FF1FFEFFFFFFFFF97
:10A1D000FFFFFFFFFFADBFFFFFFFFFF7FFFF07FE22
:10A1E0003FFFFFFFE3FE3FF1FFEFFFFFFFFFFFFF3A
:10A1F000FFFFFFADBFFFFFFFFFF7FFFE0FFE3FFFBB
:10A20000FFFFE3FE3FF1FFEFFFFFFFFFFFFFFFFF59
:10A21000FFA02FFFFFFFFFF7FFFC0000007FFFFF05
:10A22000E3FC1FF1FFEFFFFFFFFFFFFFFFFFFFBF9B
:10A23000EFFFFFFFFFF7FFFC0000007FFFFFE1FCE7
:10A240001FE1FFEFFFFFFFFFFFFFFFFFFFBFEFFF7C
:10A25000FFFFFFF7FFFC0000007FFFFFF0F88FC358
:10A26000FFEFFFFFFFFFFFFFFFFFFF800FFFFFFF7D
:10A27000FFF7FFFFFFFE3FFFFFFFF0018783FFEFC8
:10A28000FFFFFFFFFFFFFFFFFFFFFFFFFFFFFFF7E6
:10A29000FFFFFFFE3FFFFFFFF8018007FFEFFFFF1B
:10A2A000FFFFFFFFFFFFFFFFFFFFFFFFFFF7FFFFC6
:10A2B000FFFE3FFFFFFFFC03C00FFFEFFFFFFFFFAD
:10A2C000FFFFFFFFFFFFFFFFFFFFFFF7FFFFFFFFA6
:10A2D000FFFFFFFFFE0FE01FFFEFFFFFFFFFFFFF8E
:10A2E000FFFFFFFFFFFFFFFFFFF7FFFFFFFFFFFF86
:10A2F000FFFFFFFFF03FFFEFFFFFFFFFFFFFFFFF4D
:10A30000FFFFFFFFFFFFFFF7FFFFFFFFFFFFFFFF65
:10A31000FFFFFFFFFFEFFFFFFFFFFFFFFFFFFFFF5D
:10A32000FFFFFFFFFFF7FFFFFFFFFFFFFFFFFFFF45
:10A33000FFFFFFEFFFFFFFFFFFFFFFFFFFF99FFFA3
:10A34000FFFFFFF7FFFFFFFFFC7FFFFFFFFFFFFFA8
:10A35000FFEFFFFFFFFFFFFFFFFFFFF99FFFFFFF83
:10A36000FFF7FFFFFFFFFC7FFFFFFFFFFFF1FFEFA6
:10A37000FFFFFFFFFFFFFFFFFFFFFFFFFFFFFFF7F5
:10A38000FFFFFFFFFC7FFFFFFFFFFFF1FFEFFFFF7E
:10A39000FFFFFFFFFFFFFFFFFFFFFFFFFFF7FFFFD5
:10A3A000FFFFFFFFFFFFFFFFFFF1FFEFFFFFFFFFDB
:10A3B000FFFFFFFFFFFFFFFFFFFFFFF7FFFFFFFFB5
:10A3C000FFFFFFFFFFFFFFFFFFEFFFFFFFFFFFFFAD
:10A3D000FFFFFFEFEFFFFFFFFFF7FFFFFFFFFFFFB5
:10A3E000FFFFFFFFFFFFFFEFFFFFFFFFFFFFFFFF8D
:10A3F000FFDFCFFFFFFFFFF7FFFFFFFFFFFFFFFFC5
:10A40000FFFFFFFFFFEFFFFFFFFFFFFFFFFFFFDF8C
:10A41000AFFFFFFFFFF7FFFFFFFFFFFFFFFFFFFFA4
:10A42000FFFFFFEFFFFFFFFFFFFFFFFFFFDE6FFFFD
:10A43000FFFFFFF7FFFFFFFFFFFFFFFFFFFFFFFF34
:10A44000FFEFFFFFFFFFFFFFFFFFFFE1EFFFFFFF5A
:10A45000FFF7FFFFFFFFF1FFFFFFFFFFF0FFFFEF41
:10A46000FFFFFFFFFFFFFFFFFFFFFFFFFFFFFFF704
:10A47000FFFE3FFFF8FFFFFFFFFFE0FFFFEFFFFFE3
:10A48000FFFFFF801FFFFFFFFFFFFFFFFFF7FFFC46
:10A490007FFFF8FFFFFFFFFF80FFFFEFFFFFFFFFE2
:10A4A000FC0003FFFFF03FFFFFFFFFF7FFFC7F8F84
:10A4B000FC7FFFFFFFFF00FFFFEFFFFFFFFFF0004C
:10A4C00000FFFFEFDFFFFFFFFFF7FFF8FF8FFC7FCD
:10A4D000FFFFFFFE08FFFFEFFFFFFFFFE07FE07FD2
:10A4E000FFDFEFFFFFFFFFF7FFF8FF8FFC7FFFFFAE
:10A4F000FFF838FFFFEFFFFFFFFFE3FFFC7FFFEFF9
:10A50000DFFFFFFFFFF7FFF8FF8FFC7FFFFFFFF08C
:10A5100078FFFFEFFFFFFFFFC3FFFC3FFFF03FFFB0
:10A52000FFFFFFF7FFF8FF8FFC7FFFFFFFC1F8FF82
:10A53000FFEFFFFFFFFFC7FFFE3FFFFFFFFFFFFF34
:10A54000FFF7FFF8FF8FFC7FFFFFFF83F8FFFFEFB0
:10A55000FFF83FFFC7FFFE3FFFEFEFFFFFFFFFF7F3
:10A56000FFF8FF07FC7FFFFFFF0FF8FFFFEFFFE0A3
:10A570001FFFC7FFFE3FFFDFCFFFFFFFFFF7FFF823
:10A580007F07F87FFFFFFC1FF8FFFFEFFFE78FFF5C
:10A59000C7FFFE3FFFDFAFFFFFFF07F7FFFC3E23D4
:10A5A000F0FFFFFFF83FF8FFFFEFFFCFCFFFC3FF44
:10A5B000FC3FFFDE6FFFFFFF07F7FFFC0061E0FFDE
:10A5C000FFFFF0000001FFEFFFDFEFFFE1FFFC7F87
:10A5D000FFE1EFFFFFFF07F7FFFE006001FFFFFF56
:10A5E000F0000001FFEFFFDFEFFFE07FE07FFFFF04
:10A5F000FFFFFFFFFFF7FFFF00F003FFFFFFF0008B
:10A600000001FFEFFFCFCFFFF00000FFFFFFFFFFD4
:10A61000FFFFFFF7FFFF83F807FFFFFFFFFFF8FFD4
:10A62000FFEFFFEFDFFFFC0003FFFFEFEFFFFFF89F
:10A6300007F7FFFFFFFC0FFFFFFFFFFFF8FFFFEF34
:10A64000FFFFFFFFFF801FFFFFDFCFFFFFF807F7D0
:10A65000FFFFFFFFFFFFFFFFFFFFF8FFFFEFFFFF21
:10A66000FFFFFFFFFFFFFFDFAFFFFFF807F7FFFF71
:10A67000FFFFFFFFFFFFFFFFFFFFFFEFFFF83FFFC1
:10A68000FFFFFFFFFFDE6FFFFFFFFFF7FFFFFFFF93
:10A69000FFFFFFFFFFFFFFFFFFEFFFE01FFFFFFFD9
:10A6A0000FFFFFE1EFFFFFFFFFF7FFFFFFFFFFFFE0
:10A6B000FFFFFFFFFFFFFFEFFFC78FFFFFFE0FFF53
:10A6C000FFFFFFFFFFC007F7FFFFFFFFFFFFFFFFD9
:10A6D000FFFFFFFFFFEFFFCFCFFFFFFC0FFFFFFFED
:10A6E000FFFFFFC007F7FFFFFFFFFFFFFFFFFFFFB9
:10A6F000FFFFFFEFFFDFEFFFFFF88FFFFFFFFFFF21
:10A70000FFC007F7FFFFFFFFFFFFFFFFFFFFFFFF98
:10A71000FFEFFFDFEFFFFFE18FFFFFFFFFFFFFFF17
:10A72000FFF7FFFFFFFFFFFFFFFFFFFFFFFFFFEF51
:10A73000FFCFCFFFFFC38FFFFFFFFFFFFFFFFFF73D
:10A74000FFFFFFFFFFFFFFFFFFFFFFFFFFEFFFC761
:10A750008FFFFF878FFFFFF03FFFFE0007F7FFFF30
:10A76000FFFFFFFFFFFFFFFFFFFFFFEFFFE01FFF08
:10A77000FF1F8FFFFFEFDFFFFE0007F7FFFFFFFF69
:10A78000FFFFFFFFFFFFFFFFFFEFFFF07FFFFC3F3B
:10A790008FFFFFDFEFFFFE0007F7FFFFFFFFFFFF69
:10A7A000FFFFFFFFFFFFFFEFFFFFFFFFF87F8FFFC0
:10A7B000FFEFDFFFFFFFFFF7FFFFFFFFFFFFFFFFE1
:10A7C000FFFFFFFFFFEFFFFFF7FFF0FF8FFFFFF03F
:10A7D0003FFFFFFFFFF7FFFFFFFFFFFFFFFFFFFF51
:10A7E000FFFFFFEFFFFEE7FFE000003FFFFFFFFF7F
:10A7F000FFFFE7F7FFFFFFFFFFFFFFFFFFFFFFFF89
:10A80000FFEFFFFEC7FFC000003FFFE31FFFFFFF9A
:10A81000E7F7FFFFFFFFFFFFFFFFFFFFFFFFFFEF78
:10A82000FFFE17FFC000003FFFDCEFFFFFFFE7F771
:10A83000FFFFFFFFFFFFFFFFFFFFFFFFFFEFFFFE39
:10A8400037FFFFFF8FFFFFDDEFFFFFFFFFF7FFFF8A
:10A85000FFFFFFFFFFFFFFFFFFFFFFEFFFFFFFFF18
:10A86000FFFF8FFFFFDCEFFFFFFFFFF7FFFFFFF0B2
:10A87000FFFFFFFFFFFFFFFFFFEFFFFFFFFFFFFFF8
:10A880008FFFFFE31FFFFFFFFFF7FFFFFFE67FFFE5
:10A89000FFFFFFFFC3FFFFEFFFFFFFFFFFFFFFFF14
:10A8A000FFFFFFFFFFFFFFF7FFFFFFEF7FFFFFFF50
:10A8B000FFFF80FFFFEFFFFFFFFFFE7FFF3FFFFF78
:10A8C000FFFFFFFFFFF7FFFFFFEF7FFFFFFFFFFF30
:10A8D0003E7FFFEFFFFFFFFFF87FFC3FFFFFFFFF23
:10A8E000FFFFFFF7FFFFFFE67FFFFFFFFFFF7F7D1B
:10A8F000FFEFFFFFFFFFF07FF83FFFFFFFFFFFFFCE
:10A90000FFF7FFFFFFF0FFFFFFFFFFFF3E79FFEFC5
:10A91000FFF801FFE1FFF03FFFF03FFFFFFFFFF710
:10A92000FFFFFFFF80FFFFFFFFFF80E7FFEFFFF864
:10A9300001FFE3FFE23FFFEFDFFFFFFFFFF7FFFF56
:10A94000FFFE007FFFFFFFFFC38FFFEFFFF9CFFF89
:10A95000C7FFE63FFFDFEFFFFFFFFFF7FFFFFFFC53
:10A960007E3FFFFFFFFFFE3FFFEFFFFBEFFFC7FF55
:10A97000C63FFFEFDFFFFFFFFFF7FFFFFFF8FF1FFF
:10A98000FFFFFFFFF8FFFFEFFFF9CFFFC7FF8E3F8D
:10A99000FFF03FFFFFFFFFF7FFFFFFF9FF8FFFFF14
:10A9A000FFFFF307FFEFFFF80FFFC7FF1E3FFFFF9B
:10A9B000FFFFFFFFFFF7FFFFFFF3FFCFFFFFFFFFEB
:10A9C000C603FFEFFFFC1FFFC7FE3E3FFFFFFFFF79
:10A9D000FFFFFFF7FFFFFFF3FFCFFFFFFFFF1CF9B4
:10A9E000FFEFFFFFFFFFC7FC7E3FFFF0FFFFFC0014
:10A9F0001FF7FFFFFFF3FFCFFFFFFFFF7DFDFFEF1F
:10AA0000FFFFFFFFE3F8FE3FFFEF6FFFFC001FF7C4
:10AA1000FFFFFFF3FFCFFFFFFFFFFDFDFFEFFFF89D
:10AA200001FFE1E1FE3FFFDF6FFFFCFF9FF7FFFF4C
:10AA3000FFF3FFCFFFFFFFFFFCF9FFEFFFF801FF80
:10AA4000F003FE3FFFEF1FFFFC809FF7FFFFFFF1CA
:10AA5000FF8FFFFFFFFFFE03FFEFFFF9CFFFF807B8
:10AA6000FE3FFFF07FFFFC809FF7FFFFFFFFFFFF30
:10AA7000FFFFFFFFFF07FFEFFFFBEFFFFC1FFE3FA6
:10AA8000FFFFFFFFFC809FF7FFFFFFFFFFFFFFFFC0
:10AA9000FFFFFFFFFFEFFFF9CFFFFFFFFFFFFFFF0C
:10AAA000FFFFFCFF9FF7FFFFFFFFFFFFFFFFFFFF21
:10AAB000FFFFFFEFFFF80FFFFFFFFFFFFFFFFFFFAD
:10AAC000FCFF9FF7FFFFFFFFFFFFFFFFFFFFFFFF01
:10AAD000FFEFFFFC1FFFFF801FFFFFFFFFFFFCFFDB
:10AAE0009FF7FFFFFFFFFFFFFFFFFFFFFFFFFFEFEE
:10AAF000FFFFFFFFFC0003FFFFF03FFFFCFF9FF79E
:10AB0000FFFFFFFFFFFFFFFFFFFFFFFFFFEFFFFF65
:10AB1000FFFFF80000FFFFEFDFFFFCFF9FF7FFFFE5
:10AB2000FFFFFFFFFFFFFFFFFFFFFFEFFFF80FFF3C
:10AB3000F070F0FFFFDFEFFFFCFF9FF7FFFFFFFF6D
:10AB4000FFFFFFFFFFFFFFFFFFEFFFF80FFFE1E356
:10AB5000FC7FFFEFDFFFFCFF9FF7FFFFFFFFFFFF23
:10AB6000FFFFFFFFFFFFFFEFFFF9FFFFE3E3FC3F06
:10AB7000FFF03FFFFCFF9FF7FFFFFFFFFFFFFFFF1F
:10AB8000FFFFFFFFFFEFFFFBFFFFC7C7FE3FFFFF1A
:10AB9000FFFFFCFF9FF7FFFFFFFFFFFFFFFFFFFF30
:10ABA000FFFFFFEFFFF80FFFC7C7FE3FFFFFDFFF0D
:10ABB000FCFF9FF7FFFFFFFFFFFFFFFFFFFFFFFF10
:10ABC000FFEFFFFC0FFFC7C7FE3FFFEFEFFFFCFFEC
:10ABD0009FF7FFFFFFFFFFFFFFFFFFFFFFFFFFEFFD
:10ABE000FFF9FFFFC7C7FE3FFFDDEFFFFCFF9FF749
:10ABF000FFFFFFFFFFFFFFFFFFFFFFFFFFEFFFFB79
:10AC0000FFFFC7C7FE3FFFDCEFFFFCFF9FF7FFFF23
:10AC1000FFFFFFFFFFFFFFFFFFFFFFEFFFFBFFFF58
:10AC2000C3C3FC7FFFE21FFFFCFF9FF7FFFFFFFF97
:10AC3000FFFFFFFFFFFFFFFFFFEFFFF80FFFE1E167
:10AC4000F87FFFFFFFFFFCFF9FF7FFFFFFFFFFFF06
:10AC5000FFFFFFFFFFFFFFEFFFFC0FFFE0F000FF34
:10AC6000FFFFFFFFFCFF9FF7FFFFFFFFFFFFFFFF5F
:10AC7000FFFFFFFFFFEFFFFFFFFFF0F801FFFFF90E
:10AC8000CFFFFCFF9FF7FFFFFFFFFFFFFFFFFFFF6F
:10AC9000FFFFFFEFFFFFFFFFFCFE07FFFFFFFFFFD0
:10ACA000FCFF9FF7FFFFFFFFFFFFFFFFFFFFFFFF1F
:10ACB000FFEFFFFFFFFFFFFFFFFFFFEFEFFFFC00D6
:10ACC0001FFFFFFFFFFFFFFFFFFFFFFFFFFFFFEF84
:10ACD000FFFFFFFFFFFFFFFFFFDFCFFFFC001FFFB6
:10ACE000FFFFFFFFFFFFFFFFFFFFFFFFFFEFFFFF84
:10ACF000FFFFFFFFFFFFFFDFAFFFFF80FFFFFFFF53
:10AD0000FFFFFFFFFFFFFFFFFFFFFFEFFFFFFFFF63
:10AD1000FFFFFFFFFFDE6FFFFFFFFFFFFFFFFFFFF4
:10AD2000FFFFFFFFFFFFFFFFFFFFFFFFFFFFFFFF33
:10AD3000FFFFFFE1EFFFFFFFFFFFFFFFFFFFFFFF51
:10AD4000FFFFFFFFFFFFFFFFFFFFFFFFFFFFFFFF13
:10AD5000FFFFFFFFFFFFFFFFFFFFFFFFFFFFFFFF03
:10AD6000FFFFFFFFFFFFFFFFFFFFFFFFFFFFFFDF13
:10AD7000FFFFFFFFFFFFFFFFFFFFFFFFFFFFFFFFE3
:10AD8000FFFFFFFFFFFFFFFFFFFFFFFFFFDFCFFF23
:10AD9000FFFFFFFFFFFFFFFFFFFFFFFFFFFFFFFFC3
:10ADA000FFFFFFFFFFFFFFFFFFFFFFDF0FFFFFFFC3
:10ADB000FFFFFFFFFFFFFFFFFFFFFFFFFFFFFFFFA3
:10ADC000FFFFFFFFFFFFFFFFFFDC3FFFFFFFFFFF76
:10ADD000FFFFFFFFFFFFFFFFFFFFFFFFFFFFFFFF83
:10ADE000FFFFFFFFFFFFFFD1FFFFFFFFFFFFFFFFA1
:10ADF000FFFFFFFFFFFFFFFFFFFFFFFFFFFFFFFF63
:10AE0000FFFFFFFFFFC7FFFFFFFFFFFFFFFFFFFF8A
:10AE1000FFFFFFFFFFFFFFFFFFFFFFFFFFFFFFFF42
:10AE2000FFFFFFDFFFFFFFFFFFFFFFFFFFFFFFFF52
:10AE3000FFFFFFFFFFFFFFFFFFFFFFFFFFFFFFFF22
:10AE4000FFFFFFFFFFFFFFFFFFFFFFFFFFFFFFFF12
:10AE5000FFFFFFFFFFFFFFFFFFFFFFFFFFFFFFFF02
:10AE6000FFFFFFFFFFFFFFFFFFFFFFFFFFFFFFFFF2
:10AE7000FFFFFFFFFFFFFFFFFFFFFFFFFFFFFFFFE2
:10AE8000FFFFFFFFFFFFFFFFFFFFFFFFFFFFFFFFD2
:10AE9000FFFFFFFFFFFFFFFFFFFFFFFFFFFFFFFFC2
:10AEA000FFFFFFFFFFFFFFFFFFFFFFFFFFFFFFFFB2
:10AEB000FFFFFFFFFFFFFFFFFFFFFFFFFFFFFFFFA2
:10AEC000FFFFFFFFFFFFFFFFFFFFFFFFFFFFFFFF92
:10AED000FFFFFFFFFFFFFFFFFFFFFFFFFFFFFFFF82
:10AEE000FFFFFFFFFFFFFFFFFFFFFFFFFFFFFFFF72
:10AEF000FFFFFFFFFFFFFFFFFFFFFFFFFFFFFFFF62
:10AF0000FFFFFFFFFFFFFFFFFFFFFFFFFFFFFFFF51
:10AF1000FFFFFFFFFFFFFFFFFFFFFFFFFFFFFFFF41
:10AF2000FFFFFFFFFFFFFFFFFFFFFFFFFFFFFFFF31
:10AF3000FFFFFFFFFFFFFFFFFFFFFFFFFFFFFFFF21
:10AF4000FFFFFFFFFFFFFFFFFFFFFFFFFFFFFFFF11
:10AF5000FFFFFFFFFFFFFFFFFFFFFFFFFFFFFFFF01
:10AF6000FFFFFFFFFFFFFFFFFFFFFFFFFFFFFFFFF1
:10AF7000FFFFFFFFFFFFFFFFFFFFFFFFFFFFFFFFE1
:10AF8000FFFFFFFFFFFFFFFFFFFFFFFFFFFFFFFFD1
:10AF9000FFFFFFFFFFFFFFFFFFFFFFFFFFFFFFFFC1
:10AFA000FFFFFFFFFFFFFFFFFFFFFFFFFFFFFFFFB1
:10AFB000FFFFFFFFFFFFFFFFFFFFFFFFFFFFFFFFA1
:10AFC000FFFFFFFFFFFFFFFFFFFFFFFFFFFFFFFF91
:10AFD000FFFFFFFFFFFFFFFFFFFFFFFFFFFFFFFF81
:10AFE000FFFFFFFFFFFFFFFFFFFFFFFFFFFFFFFF71
:10AFF000FFFFFFFFFFFFFFFFFFFFFFFFFFFFFFFF61
:10B00000FFFFFFFF00000000000000000000000044
:10B010000000000000000000000000000000000030
:10B02000000000FFFFFFFFFFFFFFFFFFFFFFFFFF2D
:10B03000FFFFFFFFFFFFFFFFFFFFFFFFFFFFFFFF20
:10B040000000000000000000000000000000000000
:10B05000000000000000000000000000000000FFF1
:10B06000FFFFFFFFFFFFFFFFFFFFFFFFFFFFFFFFF0
:10B07000FFFFFFFFFFFFFFFFFFFFFFFF00000000DC
:10B0800000000000000000000000000000000000C0
:10B090000000000000000000000000FFFFFFFFFFB5
:10B0A000FFFFFFFFFFFFFFFFFFFFFFFFFFFFFFFFB0
:10B0B000FFFFFFFFFFFFFFFF000000000000000098
:10B0C0000000000000000000000000000000000080
:10B0D00000000000000000FFFFFFFFFFFFFFFFFF79
:10B0E000FFFFFFFFFFFFFFFFFFFFFFFFFFFFFFFF70
:10B0F000FFFFFFFF00000000000000000000000054
:10B10000000000000000000000000000000000003F
:10B11000000000FFFFFFFFFFFFFFFFFFFFFFFFFF3C
:10B12000FFFFFFFFFFFFFFFFFFFFFFFFFFFFFFFF2F
:10B13000003FFFFFFFFFFFFFFFFFFFFFFFFFFFFFDE
:10B14000FFFFFFFFFFFFFFFFFFFFFFFFFFFC00FF11
:10B15000FFFFFFFFFFFFFFFFFFFFFFFFFFFFFFFFFF
:10B16000FFFFFFFFFFFFFFFFFFFFFFFF003FFFFFAE
:10B17000FFFFFFFFFFFFFFFFFFFFFFFFFFFFFFFFDF
:10B18000FFFFFFFFFFFFFFFFFFFC00FFFFFFFFFFD1
:10B19000FFFFFFFFFFFFFFFFFFFFFFFFFFFFFFFFBF
:10B1A000FFFFFFFFFFFFFFFF003FFFFFFFFFFFFF6E
:10B1B000FFFFFFFFFFFFFFFFFFFFFFFFFFFFFFFF9F
:10B1C000FFFFFFFFFFFC00FFFFFFFFFFFFFFFFFF91
:10B1D000FFFFFFFFFFFFFFFFFFFFFFFFFFFFFFFF7F
:10B1E000FFFFFFFF003FFFFFFFFFFFFFFFFFFFFF2E
:10B1F000FFFFFFFFFFFFFFFFFFFFFFFFFFFFFFFF5F
:10B20000FFFC00FFFFFFFFFFFFFFFFFFFFFFFFFF50
:10B21000FFFFFFFFFFFFFFFFFFFFFFFFFFFFFFFF3E
:10B22000003FFFFFFFFFFFFFFFFFFFFFFFFFFFFFED
:10B23000FFFFFFFFFFFFFFFFFFFFFFFFFFFC00FF20
:10B24000FFFFFFFFFFFFFFFFFFFFFFFFFFFFFFFF0E
:10B25000FFFFFFFFFFFFFFFFFFFFFFFF003FFFFFBD
:10B26000FFFFFFFFFFFFFFFFFFFFFFFFFFFFFFFFEE
:10B27000FFFFFFFFFFFFFFFFFFFC00FFFFFFFFFFE0
:10B28000FFFFFFFFFFFFFFFFFFFFFFFFFFFFFFFFCE
:10B29000FFFFFFFFFFFFFFFF003FFFFFFFFFFFFF7D
:10B2A000FFFFFFFFFFFFFFFFFFFFFFFFFFFFFFFFAE
:10B2B000FFFFFFFFFFFC00FFFFFFFFFFFFFFFFFFA0
:10B2C000FFFFFFFFFFFFFFFFFFFFFFFFFFFFFFFF8E
:10B2D000FFFFFFFF003FFFFFFFFFFFFFFFFFFFFF3D
:10B2E000FFFFFFFFFFFFFFFFFFFFFFFFFFFFFFFF6E
:10B2F000FFFC00FFFFFFFFFFFFFFFFFFFFFFFFFF60
:10B30000FFFFFFFFFFFFFFFFFFFFFFFFFFFFFFFF4D
:10B31000003FFFFFFFFFFFFFFFFFFFFFFFFFFFFFFC
:10B32000FFFFFFFFFFFFFFFFFFFFFFFFFFFC00FF2F
:10B33000FFFFFFFFFFFFFFFFFFFFFFFFFFFFFFFF1D
:10B34000FFFFFFFFFFFFFFFFFFFFFFFF003FFFFFCC
:10B35000FFFFFFFFFFFFFFFFFFFFFFFFFFFFFFFFFD
:10B36000FFFFFFFFFFFFFFFFFFFC00FFFFFFFFFFEF
:10B37000FFFFFFFFFFFFFFFFFFFFFFFFFFFFFFFFDD
:10B38000FFFFFFFFFFFFFFFF003FFFFFFFFFFFFF8C
:10B39000FFFFFFFFFFFFFFFFFFFFFFFFFFFFFFFFBD
:10B3A000FFFFFFFFFFFC00FFFFFFFFFFFFFFFFFFAF
:10B3B000FFFFFFFFFFFFFFFFFFFFFFFFFFFFFFFF9D
:10B3C000FFFFFFFF003FFFFFFFFFFFFFFFFFFFFF4C
:10B3D000FFFFFFFFFFFFFFFFFFFFFFFFFFFFFFFF7D
:10B3E000FFFC00FFFFFFFFFFFFFFFFFFFFFFFFFF6F
:10B3F000FFFFFFFFFFFFFFFFFFFFFFFFFFFFFFFF5D
:10B40000003FFFFFFFFFFFFFFFFFFFFFFFFFFFFF0B
:10B41000FFFFFFFFFFFFFFFFFFFFFFFFFFFC00FF3E
:10B42000FFFFFFFFFFFFFFFFFFFFFFFFFFFFFFFF2C
:10B43000FFFFFFFFFFFFFFFFFFFFFFFF003FFFFFDB
:10B44000FFFFFFFFFFFFFFFFFFFFFFFFFFFFFFFF0C
:10B45000FFFFFFFFFFFFFFFFFFFC00FFFFFFFFFFFE
:10B46000FFFFFFFFFFFFFFFFFFFFFFFFFFFFFFFFEC
:10B47000FFFFFFFFFFFFFFFF003FFFFFFFFFFFFF9B
:10B48000FFFFFFFFFFFFFFFFFFFFFFFFFFFFFFFFCC
:10B49000FFFFFFFFFFFC00FFFFFFFFFFFFFFFFFFBE
:10B4A000FFFFFFFFFFFFFFFFFFFFFFFFFFFFFFFFAC
:10B4B000FFFFFFFF003FFFFFFFFFFFFFFFFFFFFF5B
:10B4C000FFFFFFFFFFFFFFFFFFFFFFFFFFFFFFFF8C
:10B4D000FFFC00FFFFFFFFFFFFFFFFFFFFFFFFFF7E
:10B4E000FFFFFFFFFFFFFFFFFFFFFFFFFFFFFFFF6C
:10B4F000003FFFFFFFFFFFFFFFFFFFFFFFFFFFFF1B
:10B50000FFFFFFFFFFFFFFFFFFFFFFFFFFFC00FF4D
:10B51000FFFFFFFFFFFFFFFFFFFFFFFFFFFFFFFF3B
:10B52000FFFFFFFFFFFFFFFFFFFFFFFF003FFFFFEA
:10B53000FFFFFFFFFFFFFFFFFFFFFFFFFFFFFFFF1B
:10B54000FFFFFFFFFFFFFFFFFFFC00FFFFFFFFFF0D
:10B55000FFFFFFFFFFFFFFFFFFFFFFFFFFFFFFFFFB
:10B56000FFFFFFFFFFFFFFFF003FFFFFFFFFFFFFAA
:10B57000FFFFFFFFFFFFFFFFFFFFFFFFFFFFFFFFDB
:10B58000FFFFFFFFFFFC00FFFFFFFFFFFFFFFFFFCD
:10B59000FFFFFFFFFFFFFFFFFFFFFFFFFFFFFFFFBB
:10B5A000FFFFFFFF003FFFFFFFFFFFFFFFFFFFFF6A
:10B5B000FFFFFFFFFFFFFFFFFFFFFFFFFFFFFFFF9B
:10B5C000FFFC00FFFFFFFFFFFFFFFFFFFFFFFFFF8D
:10B5D000FFFFFFFFFFFFFFFFFFFFFFFFFFFFFFFF7B
:10B5E000003FFFFFFFFFFFFFFFFFFFFFFFFFFFFF2A
:10B5F000FFFFFFFFFFFFFFFFFFFFFFFFFFFC00FF5D
:10B60000FFFFFFFFFFFFFFFFFFFFFFFFFFFFFFFF4A
:10B61000FFFFFFFFFFFFFFFFFFFFFFFF003FFFFFF9
:10B62000FFFFFFFFFFFFFFFFFFFFFFFFFFFFFFFF2A
:10B63000FFFFFFFFFFFFFFFFFFFC00FFFFFFFFFF1C
:10B64000FFFFFFFFFFFFFFFFFFFFFFFFFFFFFFFF0A
:10B65000FFFFFFFFFFFFFFFF003FFFFFFFFFFFFFB9
:10B66000FFFFFFFFFFFFFFFFFFFFFFFFFFFFFFFFEA
:10B67000FFFFFFFFFFFC00FFFFFFFFFFFFFFFFFFDC
:10B68000FFFFFFFFFFFFFFFFFFFFFFFFFFFFFFFFCA
:10B69000FFFFFFFF003FFFFFFFFFFFFFFFFFFFFF79
:10B6A000FFFFFFFFFFFFFFFFFFFFFFFFFFFFFFFFAA
:10B6B000FFFC00FFFFFFFFFFFFFFFFFFFFFFFFFF9C
:10B6C000FFFFFFFFFFFFFFFFFFFFFFFFFFFFFFFF8A
:10B6D000003FFFFFFFFFFFFFFFFFFFFFFFFFFFFF39
:10B6E000FFFFFFFFFFFFFFFFFFFFFFFFFFFC00FF6C
:10B6F000FFFFFFFFFFFFFFFFFFFFFFFFFFFFFFFF5A
:10B70000FFFFFFFFFFFFFFFFFFFFFFFF003FFFFF08
:10B71000FFFFFFFFFFFFFFFFFFFFFFFFFFFFFFFF39
:10B72000FFFFFFFFFFFFFFFFFFFC00FFFFFFFFFF2B
:10B73000FFFFFFFFFFFFFFFFFFFFFFFFFFFFFFFF19
:10B74000FFFFFFFFFFFFFFFF003FFFFFFFFFFFFFC8
:10B75000FFFFFFFFFFFFFFFFFFFFFFFFFFFFFFFFF9
:10B76000FFFFFFFFFFFC00FFFFFFFFFFFFFFFFFFEB
:10B77000FFFFFFFFFFFFFFFFFFFFFFFFFFFFFFFFD9
:10B78000FFFFFFFF003FFFFFFFFFFFFFFFFFFFFF88
:10B79000FFFFFFFFFFFFFFFFFFFFFFFFFFFFFFFFB9
:10B7A000FFFC00FFFFFFFFFFFFFFFFFFFFFFFFFFAB
:10B7B000FFFFFFFFFFFFFFFFFFFFFFFFFFFFFFFF99
:10B7C000003FFFFFFFFFFFFFFFFFFFFFFFFFFFFF48
:10B7D000FFFFFFFFFFFFFFFFFFFFFFFFFFFC00FF7B
:10B7E000FFFFFFFFFFFFFFFFFFFFFFFFFFFFFFFF69
:10B7F000FFFFFFFFFFFFFFFFFFFFFFFF003FFFFF18
:10B80000FFFFFFFFFFFFFFFFFFFFFFFFFFFFFFFF48
:10B81000FFFFFFFFFFFFFFFFFFFC00FFFFFFFFFF3A
:10B82000FFFFFFFFFFFFFFFFFFFFFFFFFFFFFFFF28
:10B83000FFFFFFFFFFFFFFFF003FFFFFFFFFFFFFD7
:10B84000FFFFFFFFFFFFFFFFFFFFFFFFFFFFFFFF08
:10B85000FFFFFFFFFFFC00FFFFFFFFFFFFFFFFFFFA
:10B86000FFFFFFFFFFFFFFFFFFFFFFFFFFFFFFFFE8
:10B87000FFFFFFFF003FFFFFFFFFFFFFFFFFFFFF97
:10B88000FFFFFFFFFFFFFFFFFFFFFFFFFFFFFFFFC8
:10B89000FFFC00FFFFFFFFFFFFFFFFFFFFFFFFFFBA
:10B8A000FFFFFFFFFFFFFFFFFFFFFFFFFFFFFFFFA8
:10B8B000003FFFFFFFFFFFFFFFFFFFFFFFFFFFFF57
:10B8C000FFFFFFFFFFFFFFFFFFFFFFFFFFFC00FF8A
:10B8D000FFFFFFFFFFFFFFFFFFFFFFFFFFFFFFFF78
:10B8E000FFFFFFFFFFFFFFFFFFFFFFFF003FFFFF27
:10B8F000FFFFFFFFFFFFFFFFFFFFFFFFFFFFFFFF58
:10B90000FFFFFFFFFFFFFFFFFFFC00FFFFFFFFFF49
:10B91000FFFFFFFFFFFFFFFFFFFFFFFFFFFFFFFF37
:10B92000FFFFFFFFFFFFFFFF003FFFFFFFFFFFFFE6
:10B93000FFFFFFFFFFFFFFFFFFFFFFFFFFFFFFFF17
:10B94000FFFFFFFFFFFC00FFFFFFFFFFFFFFFFFF09
:10B95000FFFFFFFFFFFFFFFFFFFFFFFFFFFFFFFFF7
:10B96000FFFFFFFF003FFFFFFFFFFFFFFFFFFFFFA6
:10B97000FFFFFFFFFFFFFFFFFFFFFFFFFFFFFFFFD7
:10B98000FFFC00FFFFFFFFFFFFFFFFFFFFFFFFFFC9
:10B99000FFFFFFFFFFFFFFFFFFFFFFFFFFFFFFFFB7
:10B9A000003FFFFFFFFFFFFFFFFFFFFFFFFFFFFF66
:10B9B000FFFFFFFFFFFFFFFFFFFFFFFFFFFC00FF99
:10B9C000FFFFFFFFFFFFFFFFFFFFFFFFFFFFFFFF87
:10B9D000FFFFFFFFFFFFFFFFFFFFFFFF003FFFFF36
:10B9E000FFFFFFFFFFFFFFFFFFFFFFFFFFFFFFFF67
:10B9F000FFFFFFFFFFFFFFFFFFFC00FFFFFFFFFF59
:10BA0000FFFFFFFFFFFFFFFFFFFFFFFFFFFFFFFF46
:10BA1000FFFFFFFFFFFFFFFF003FFFFFFFFFFFFFF5
:10BA2000FFFFFFFFFFFFFFFFFFFFFFFFFFFFFFFF26
:10BA3000FFFFFFFFFFFC00FFFFFFFFFFFFFFFFFF18
:10BA4000FFFFFFFFFFFFFFFFFFFFFFFFFFFFFFFF06
:10BA5000FFFFFFFF003FFFFFFFFFFFFFFFFFFFFFB5
:10BA6000FFFFFFFFFFFFFFFFFFFFFFFFFFFFFFFFE6
:10BA7000FFFC00FFFFFFFFFFFFFFFFFFFFFFFFFFD8
:10BA8000FFFFFFFFFFFFFFFFFFFFFFFFFFFFFFFFC6
:10BA9000003FFFFFFFFFFFFFFFFFFFFFFFFFFFFF75
:10BAA000FFFFFFFFFFFFFFFFFFFFFFFFFFFC00FFA8
:10BAB000FFFFFFFFFFFFFFFFFFFFFFFFFFFFFFFF96
:10BAC000FFFFFFFFFFFFFFFFFFFFFFFF003FFFFF45
:10BAD000FFFFFFFFFFFFFFFFFFFFFFFFFFFFFFFF76
:10BAE000FFFFFFFFFFFFFFFFFFFC00FFFFFFFFFF68
:10BAF000FFFFFFFFFFFFFFFFFFFFFFFFFFFFFFFF56
:10BB0000FFFFFFFFFFFFFFFF003FFFFFFFFFFFFF04
:10BB1000FFFFFFFFFFFFFFFFFFFFFFFFFFFFFFFF35
:10BB2000FFFFFFFFFFFC00FFFFFFFFFFFFFFFFFF27
:10BB3000FFFFFFFFFFFFFFFFFFFFFFFFFFFFFFFF15
:10BB4000FFFFFFFF003FFFFFFFFFFFFFFFFFFFFFC4
:10BB5000FFFFFFFFFFFFFFFFFFFFFFFFFFFFFFFFF5
:10BB6000FFFC00FFFFFFFFFFFFFFFFFFFFFFFFFFE7
:10BB7000FFFFFFFFFFFFFFFFFFFFFFFFFFFFFFFFD5
:10BB8000003FFFFFFFFFFFFFFFFFFFFFFFFFFFFF84
:10BB9000FFFFFFFFFFFFFFFFFFFFFFFFFFFC00FFB7
:10BBA000FFFFFFFFFFFFFFFFFFFFFFFFFFFFFFFFA5
:10BBB000FFFFFFFFFFFFFFFFFFFFFFFF003FFFFF54
:10BBC000FFFFFFFFFFFFFFFFFFFFFFFFFFFFFFFF85
:10BBD000FFFFFFFFFFFFFFFFFFFC00FFFFFFFFFF77
:10BBE000FFFFFFFFFFFFFFFFFFFFFFFFFFFFFFFF65
:10BBF000FFFFFFFFFFFFFFFF003FFFFFFFFFFFFF14
:10BC0000FFFFFFFFFFFFFFFFFFFFFFFFFFFFFFFF44
:10BC1000FFFFFFFFFFFC00FFFFFFFFFFFFFFFFFF36
:10BC2000FFFFFFFFFFFFFFFFFFFFFFFFFFFFFFFF24
:10BC3000FFFFFFFF003FFFFFFFFFFFFFFFFFFFFFD3
:10BC4000FFFFFFFFFFFFFFFFFFFFFFFFFFFFFFFF04
:10BC5000FFFC00FFFFFFFFFFFFFFFFFFFFFFFFFFF6
:10BC6000FFFFFFFFFFFFFFFFFFFFFFFFFFFFFFFFE4
:10BC7000003FFFFFFFFFFFFFFFFFFFFFFFFFFFFF93
:10BC8000FFFFFFFFFFFFFFFFFFFFFFFFFFFC00FFC6
:10BC9000FFFFFFFFFFFFFFFFFFFFFFFFFFFFFFFFB4
:10BCA000FFFFFFFFFFFFFFFFFFFFFFFF003FFFFF63
:10BCB000FFFFFFFFFFFFFFFFFFFFFFFFFFFFFFFF94
:10BCC000FFFFFFFFFFFFFFFFFFFC00FFFFFFFFFF86
:10BCD000FFFFFFFFFFFFFFFFFFFFFFFFFFFFFFFF74
:10BCE000FFFFFFFFFFFFFFFF003FFFFFFFFFFFFF23
:10BCF000FFFFFFFFFFFFFFFFFFFFFFFFFFFFFFFF54
:10BD0000FFFFFFFFFFFC00FFFFFFFFFFFFFFFFFF45
:10BD1000FFFFFFFFFFFFFFFFFFFFFFFFFFFFFFFF33
:10BD2000FFFFFFFF003FFFFFFFFFFFFFFFFFFFFFE2
:10BD3000FFFFFFFFFFFFFFFFFFFFFFFFFFFFFFFF13
:10BD4000FFFC00FFFFFFFFFFFFFFFFFFFFFFFFFF05
:10BD5000FFFFFFFFFFFFFFFFFFFFFFFFFFFFFFFFF3
:10BD6000003FFFFFFFFFFFFFFFFFFFFFFFFFFFFFA2
:10BD7000FFFFFFFFFFFFFFFFFFFFFFFFFFFC00FFD5
:10BD8000FFFFFFFFFFFFFFFFFFFFFFFFFFFFFFFFC3
:10BD9000FFFFFFFFFFFFFFFFFFFFFFFF003FFFFF72
:10BDA000FFFFFFFFFFFFFFFFFFFFFFFFFFFFFFFFA3
:10BDB000FFFFFFFFFFFFFFFFFFFC00FFFFFFFFFF95
:10BDC000FFFFFFFFFFFFFFFFFFFFFFFFFFFFFFFF83
:10BDD000FFFFFFFFFFFFFFFF003FFFFFFFFFFFFF32
:10BDE000FFFFFFFFFFFFFFFFFFFFFFFFFFFFFFFF63
:10BDF000FFFFFFFFFFFC00FFFFFFFFFFFFFFFFFF55
:10BE0000FFFFFFFFFFFFFFFFFFFFFFFFFFFFFFFF42
:10BE1000FFFFFFFF003FFFFFFFFFFFFFFFFFFFFFF1
:10BE2000FFFFFFFFFFFFFFFFFFFFFFFFFFFFFFFF22
:10BE3000FFFC00FFFFFFFFFFFFFFFFFFFFFFFFFF14
:10BE4000FFFFFFFFFFFFFFFFFFFFFFFFFFFFFFFF02
:10BE5000003FFFFFFFFFFFFFFFFFFFFFFFFFFFFFB1
:10BE6000FFFFFFFFFFFFFFFFFFFFFFFFFFFC00FFE4
:10BE7000FFFFFFFFFFFFFFFFFFFFFFFFFFFFFFFFD2
:10BE8000FFFFFFFFFFFFFFFFFFFFFFFF003FFFFF81
:10BE9000FFFFFFFFFFFFFFFFFFFFFFFFFFFFFFFFB2
:10BEA000FFFFFFFFFFFFFFFFFFFC00FFFFFFFFFFA4
:10BEB000FFFFFFFFFFFFFFFFFFFFFFFFFFFFFFFF92
:10BEC000FFFFFFFFFFFFFFFF003FFFFFFFFFFFFF41
:10BED000FFFFFFFFFFFFFFFFFFFFFFFFFFFFFFFF72
:10BEE000FFFFFFFFFFFC00FFFFFFFFFFFFFFFFFF64
:10BEF000FFFFFFFFFFFFFFFFFFFFFFFFFFFFFFFF52
:10BF0000FFFFFFFF003FFFFFFFFFFFFFFFFFFFFF00
:10BF1000FFFFFFFFFFFFFFFFFFFFFFFFFFFFFFFF31
:10BF2000FFFC00FFFFFFFFFFFFFFFFFFFFFFFFFF23
:10BF3000FFFFFFFFFFFFFFFFFFFFFFFFFFFFFFFF11
:10BF4000003FFFFFFFFFFFFFFFFFFFFFFFFFFFFFC0
:10BF5000FFFFFFFFFFFFFFFFFFFFFFFFFFFC00FFF3
:10BF6000FFFFFFFFFFFFFFFFFFFFFFFFFFFFFFFFE1
:10BF7000FFFFFFFFFFFFFFFFFFFFFFFF003FFFFF90
:10BF8000FFFFFFFFFFFFFFFFFFFFFFFFFFFFFFFFC1
:10BF9000FFFFFFFFFFFFFFFFFFFC00FFFFFFFFFFB3
:10BFA000FFFFFFFFFFFFFFFFFFFFFFFFFFFFFFFFA1
:10BFB000FFFFFFFFFFFFFFFF003FFFFFFFFFFFFF50
:10BFC000FFFFFFFFFFFFFFFFFFFFFFFFFFFFFFFF81
:10BFD000FFFFFFFFFFFC00FFFFFFFFFFFFFFFFFF73
:10BFE000FFFFFFFFFFFFFFFFFFFFFFFFFFFFFFFF61
:10BFF000FFFFFFFF003FFFFFFFFFFFFFFFFFFFFF10
:10C00000FFFFFFFFFFFFFFFFFFFFFFFFFFFFFFFF40
:10C01000FFFC00FFFFFFFFFFFFFFFFFFFFFFFFFF32
:10C02000FFFFFFFFFFFFFFFFFFFFFFFFFFFFFFFF20
:10C03000003FFFFFFFFFFFFFFFFFFFFFFFFFFFFFCF
:10C04000FFFFFFFFFFFFFFFFFFFFFFFFFFFC00FF02
:10C05000FFFFFFFFFFFFFFFFFFFFFFFFFFFFFFFFF0
:10C06000FFFFFFFFFFFFFFFFFFFFFFFF003FFFFF9F
:10C07000FFFFFFFFFFFFFFFFFFFFFFFFFFFFFFFFD0
:10C08000FFFFFFFFFFFFFFFFFFFC00FFFFFFFFFFC2
:10C09000FFFFFFFFFFFFFFFFFFFFFFFFFFFFFFFFB0
:10C0A000FFFFFFFFFFFFFFFF003FFFFFFFFFFFFF5F
:10C0B000FFFFFFFFFFFFFFFFFFFFFFFFFFFFFFFF90
:10C0C000FFFFFFFFFFFC00FFFFFFFFFFFFFFFFFF82
:10C0D000FFFFFFFFFFFFFFFFFFFFFFFFFFFFFFFF70
:10C0E000FFFFFFFF003FFFFFFFFFFFFFFFFFFFFF1F
:10C0F000FFFFFFFFFFFFFFFFFFFFFFFFFFFFFFFF50
:10C10000FFFC00FFFFFFFFFFFFFFFFFFFFFFFFFF41
:10C11000FFFFFFFFFFFFFFFFFFFFFFFFFFFFFFFF2F
:10C12000003FFFFFFFFFFFFFFFFFFFFFFFFFFFFFDE
:10C13000FFFFFFFFFFFFFFFFFFFFFFFFFFFC00FF11
:10C14000FFFFFFFFFFFFFFFFFFFFFFFFFFFFFFFFFF
:10C15000FFFFFFFFFFFFFFFFFFFFFFFF003FFFFFAE
:10C16000FFFFFFFFFFFFFFFFFFFFFFFFFFFFFFFFDF
:10C17000FFFFFFFFFFFFFFFFFFFC00FFFFFFFFFFD1
:10C18000FFFFFFFFFFFFFFFFFFFFFFFFFFFFFFFFBF
:10C19000FFFFFFFFFFFFFFFF003FFFFFFFFFFFFF6E
:10C1A000FFFFFFFFFFFFFFFFFFFFFFFFFFFFFFFF9F
:10C1B000FFFFFFFFFFFC00FFFFFFFFFFFFFFFFFF91
:10C1C000FFFFFFFFFFFFFFFFFFFFFFFFFFFFFFFF7F
:10C1D000FFFFFFFF003FFFFFFFFFFFFFFFFFFFFF2E
:10C1E000FFFFFFFFFFFFFFFFFFFFFFFFFFFFFFFF5F
:10C1F000FFFC00FFFFFFFFFFFFFFFFFFFFFFFFFF51
:10C20000FFFFFFFFFFFFFFFFFFFFFFFFFFFFFFFF3E
:10C21000003FFFFFFFFFFFFFFFFFFFFFFFFFFFFFED
:10C22000FFFFFFFFFFFFFFFFFFFFFFFFFFFC00FF20
:10C23000FFFFFFFFFFFFFFFFFFFFFFFFFFFFFFFF0E
:10C24000FFFFFFFFFFFFFFFFFFFFFFFF003FFFFFBD
:10C25000FFFFFFFFFFFFFFFFFFFFFFFFFFFFFFFFEE
:10C26000FFFFFFFFFFFFFFFFFFFC00FFFFFFFFFFE0
:10C27000FFFFFFFFFFFFFFFFFFFFFFFFFFFFFFFFCE
:10C28000FFFFFFFFFFFFFFFF003FFFFFFFFFFFFF7D
:10C29000FFFFFFFFFFFFFFFFFFFFFFFFFFFFFFFFAE
:10C2A000FFFFFFFFFFFC00FFFFFFFFFFFFFFFFFFA0
:10C2B000FFFFFFFFFFFFFFFFFFFFFFFFFFFFFFFF8E
:10C2C000FFFFFFFF003FFFFFFFFFFFFFFFFFFFFF3D
:10C2D000FFFFFFFFFFFFFFFFFFFFFFFFFFFFFFFF6E
:10C2E000FFFC00FFFFFFFFFFFFFFFFFFFFFFFFFF60
:10C2F000FFFFFFFFFFFFFFFFFFFFFFFFFFFFFFFF4E
:10C30000003FFFFFFFFFFFFFFFFFFFFFFFFFFFFFFC
:10C31000FFFFFFFFFFFFFFFFFFFFFFFFFFFC00FF2F
:10C32000FFFFFFFFFFFFFFFFFFFFFFFFFFFFFFFF1D
:10C33000FFFFFFFFFFFFFFFFFFFFFFFF003FFFFFCC
:10C34000FFFFFFFFFFFFFFFFFFFFFFFFFFFFFFFFFD
:10C35000FFFFFFFFFFFFFFFFFFFC00FFFFFFFFFFEF
:10C36000FFFFFFFFFFFFFFFFFFFFFFFFFFFFFFFFDD
:10C37000FFFFFFFFFFFFFFFF003FFFFFFFFFFFFF8C
:10C38000FFFFFFFFFFFFFFFFFFFFFFFFFFFFFFFFBD
:10C39000FFFFFFFFFFFC00FFFFFFFFFFFFFFFFFFAF
:10C3A000FFFFFFFFFFFFFFFFFFFFFFFFFFFFFFFF9D
:10C3B000FFFFFFFF003FFFFFFFFFFFFFFFFFFFFF4C
:10C3C000FFFFFFFFFFFFFFFFFFFFFFFFFFFFFFFF7D
:10C3D000FFFC00FFFFFFFFFFFFFFFFFFFFFFFFFF6F
:10C3E000FFFFFFFFFFFFFFFFFFFFFFFFFFFFFFFF5D
:10C3F000003FFFFFFFFFFFFFFFFFFFFFFFFFFFFF0C
:10C40000FFFFFFFFFFFFFFFFFFFFFFFFFFFC00FF3E
:10C41000FFFFFFFFFFFFFFFFFFFFFFFFFFFFFFFF2C
:10C42000FFFFFFFFFFFFFFFFFFFFFFFF0000000018
:10C4300000000000000000000000000000000000FC
:10C440000000000000000000000000FFFFFFFFFFF1
:10C45000FFFFFFFFFFFFFFFFFFFFFFFFFFFFFFFFEC
:10C46000FFFFFFFFFFFFFFFF0000000000000000D4
:10C4700000000000000000000000000000000000BC
:10C4800000000000000000FFFFFFFFFFFFFFFFFFB5
:10C49000FFFFFFFFFFFFFFFFFFFFFFFFFFFFFFFFAC
:10C4A000FFFFFFFF00000000000000000000000090
:10C4B000000000000000000000000000000000007C
:10C4C000000000FFFFFFFFFFFFFFFFFFFFFFFFFF79
:10C4D000FFFFFFFFFFFFFFFFFFFFFFFFFFFFFFFF6C
:10C4E000000000000000000000000000000000004C
:10C4F000000000000000000000000000000000FF3D
:10C50000FFFFFFFFFFFFFFFFFFFFFFFFFFFFFFFF3B
:10C51000FFFFFFFFFFFFFFFFFFFFFFFF0000000027
:10C52000000000000000000000000000000000000B
:10C530000000000000000000000000FFFFFFFFFF00
:10C54000FFFFFFFFFFFFFFFFFFFFFFFFFFFFFFFFFB
:10C55000FFFFFFFFFFFFFFFF002AAAAAAAAAAAAABD
:10C56000AAAAAAAAAAAAAAAAAAAAAAAAAAAAAAAA2B
:10C57000AAAAAAAAAAA800FFFFFFFFFFFFFFFFFFCA
:10C58000FFFFFFFFFFFFFFFFFFFFFFFFFFFFFFFFBB
:10C59000FFFFFFFF002AAAAAAAAAAAAAAAAAAAAAD1
:10C5A000AAAAAAAAAAAAAAAAAAAAAAAAAAAAAAAAEB
:10C5B000AAA800FFFFFFFFFFFFFFFFFFFFFFFFFF36
:10C5C000FFFFFFFFFFFFFFFFFFFFFFFFFFFFFFFF7B
:10C5D000002AAAAAAAAAAAAAAAAAAAAAAAAAAAAAE5
:10C5E000AAAAAAAAAAAAAAAAAAAAAAAAAAA800FF02
:10C5F000FFFFFFFFFFFFFFFFFFFFFFFFFFFFFFFF4B
:10C60000FFFFFFFFFFFFFFFFFFFFFFFF002AAAAAB8
:10C61000AAAAAAAAAAAAAAAAAAAAAAAAAAAAAAAA7A
:10C62000AAAAAAAAAAAAAAAAAAA800FFFFFFFFFF6D
:10C63000FFFFFFFFFFFFFFFFFFFFFFFFFFFFFFFF0A
:10C64000FFFFFFFFFFFFFFFF002AAAAAAAAAAAAACC
:10C65000AAAAAAAAAAAAAAAAAAAAAAAAAAAAAAAA3A
:10C66000AAAAAAAAAAA800FFFFFFFFFFFFFFFFFFD9
:10C67000FFFFFFFFFFFFFFFFFFFFFFFFFFFFFFFFCA
:10C68000FFFFFFFF002AAAAAAAAAAAAAAAAAAAAAE0
:10C69000AAAAAAAAAAAAAAAAAAAAAAAAAAAAAAAAFA
:10C6A000AAA800FFFFFFFFFFFFFFFFFFFFFFFFFF45
:10C6B000FFFFFFFFFFFFFFFFFFFFFFFFFFFFFFFF8A
:10C6C000002AAAAAAAAAAAAAAAAAAAAAAAAAAAAAF4
:10C6D000AAAAAAAAAAAAAAAAAAAAAAAAAAA800FF11
:10C6E000FFFFFFFFFFFFFFFFFFFFFFFFFFFFFFFF5A
:10C6F000FFFFFFFFFFFFFFFFFFFFFFFF002AAAAAC8
:10C70000AAAAAAAAAAAAAAAAAAAAAAAAAAAAAAAA89
:10C71000AAAAAAAAAAAAAAAAAAA800FFFFFFFFFF7C
:10C72000FFFFFFFFFFFFFFFFFFFFFFFFFFFFFFFF19
:10C73000FFFFFFFFFFFFFFFF002AAAAAAAAAAAAADB
:10C74000AAAAAAAAAAAAAAAAAAAAAAAAAAAAAAAA49
:10C75000AAAAAAAAAAA800FFFFFFFFFFFFFFFFFFE8
:10C76000FFFFFFFFFFFFFFFFFFFFFFFFFFFFFFFFD9
:10C77000FFFFFFFF002AAAAAAAAAAAAAAAAAAAAAEF
:10C78000AAAAAAAAAAAAAAAAAAAAAAAAAAAAAAAA09
:10C79000AAA800FFFFFFFFFFFFFFFFFFFFFFFFFF54
:10C7A000FFFFFFFFFFFFFFFFFFFFFFFFFFFFFFFF99
:10C7B000002AAAAAAAAAAAAAAAAAAAAAAAAAAAAA03
:10C7C000AAAAAAAAAAAAAAAAAAAAAAAAAAA800FF20
:10C7D000FFFFFFFFFFFFFFFFFFFFFFFFFFFFFFFF69
:10C7E000FFFFFFFFFFFFFFFFFFFFFFFF002AAAAAD7
:10C7F000AAAAAAAAAAAAAAAAAAAAAAAAAAAAAAAA99
:10C80000AAAAAAAAAAAAAAAAAAA800FFFFC00000C8
:10C810000000000000000000FFFFFFFFFFFFFFFF20
:10C82000FFFFFFFFFFFFFFFF002AAAAAAAAAAAAAEA
:10C83000AAAAAAAAAAAAAAAAAAAAAAAAAAAAAAAA58
:10C84000AAAAAAAAAAA800FFFFC000000000000030
:10C8500000000000FFFFFFFFFFFFFFFFFFFFFFFFE4
:10C86000FFFFFFFF002AAAAAAAAAAAAAAAAAAAAAFE
:10C87000AAAAAAAAAAAAAAAAAAAAAAAAAAAAAAAA18
:10C88000AAA800FFFFC00000000000000000000098
:10C89000FFFFFFFFFFFFFFFFFFFFFFFFFFFFFFFFA8
:10C8A000002AAAAAAAAAAAAAAAAAAAAAAAAAAAAA12
:10C8B000AAAAAAAAAAAAAAAAAAAAAAAAAAA800FF2F
:10C8C000FFC000000000000000000000FFFFFFFFAD
:10C8D000FFFFFFFFFFFFFFFFFFFFFFFF002AAAAAE6
:10C8E000AAAAAAAAAAAAAAAAAAAAAAAAAAAAAAAAA8
:10C8F000AAAAAAAAAAAAAAAAAAA800FFFFC00000D8
:10C900000000000000000000FFFFFFFFFFFFFFFF2F
:10C91000FFFFFFFFFFFFFFFF002AAAAAAAAAAAAAF9
:10C92000AAAAAAAAAAAAAAAAAAAAAAAAAAAAAAAA67
:10C93000AAAAAAAAAAA800FFFFC00000000000003F
:10C9400000000000FFFFFFFFFFFFFFFFFFFFFFFFF3
:10C95000FFFFFFFF002AAAAAAAAAAAAAAAAAAAAA0D
:10C96000AAAAAAAAAAAAAAAAAAAAAAAAAAAAAAAA27
:10C97000AAA800FFFFC000000000000000000000A7
:10C98000FFFFFFFFFFFFFFFFFFFFFFFFFFFFFFFFB7
:10C99000002AAAAAAAAAAAAAAAAAAAAAAAAAAAAA21
:10C9A000AAAAAAAAAAAAAAAAAAAAAAAAAAA800FF3E
:10C9B000FFC000000000000000000000FFFFFFFFBC
:10C9C000FFFFFFFFFFFFFFFFFFFFFFFF002AAAAAF5
:10C9D000AAAAAAAAAAAAAAAAAAAAAAAAAAAAAAAAB7
:10C9E000AAAAAAAAAAAAAAAAAAA800FFFFC00000E7
:10C9F0000000000000000000FFFFFFFFFFFFFFFF3F
:10CA0000FFFEFFFFFFFFFFFF002AAAAAAAAAAAAA09
:10CA1000AAAAAAAAAAAAAAAAAAAAAAAAAAAAAAAA76
:10CA2000AAAAAAAAAAA800FFFFC00000000000004E
:10CA300000000000FFFFFFFFFFFFFFFFEFFCFFFF15
:10CA4000FFFFFFFF002AAAAAAAAAAAAAAAAAAAAA1C
:10CA5000AAAAAAAAAAAAAAAAAAAAAAAAAAAAAAAA36
:10CA6000AAA800FFFFC000000000000000000000B6
:10CA7000FFFFFFFFFFFEAAAA4BFCFFFFFFFFFFFF28
:10CA8000002AAAAAAAAAAAAAAAAAAAAAAAAAAAAA30
:10CA9000AAAAAAAAAAAAAAAAAAAAAAAAAAA800FF4D
:10CAA000FFC000000000000000000000FFFFFFFFCB
:10CAB000FFFC0000D0FCFFFFFFFFFFFF002AAAAA37
:10CAC000AAAAAAAAAAAAAAAAAAAAAAAAAAAAAAAAC6
:10CAD000AAAAAAAAAAAAAAAAAAA800FFFFC00000F6
:10CAE0000000000080000000FFFFFFFFFFFCA2A28B
:10CAF000F82CFFFFFFFFFFFF002AAAAAAAAAAAAAF2
:10CB0000AAAAAAAAAAAAAAAAAAAAAAAAAAAAAAAA85
:10CB1000AAAAAAAAAAA800FFFFC000000000040059
:10CB2000C0000000FFFFFFFFFFFCF3F3FF5CFFFF0F
:10CB3000FFFFFFFF002AAAAAAAAAAAAAAAAAAAAA2B
:10CB4000AAAAAAAAAAAAAAAAAAAAAAAAAAAAAAAA45
:10CB5000AAA800FFFFC0000055557E00C0000000DD
:10CB6000FFFFFFFFFFFCF3F3FFFCFFFFFFFFFFFFF3
:10CB7000002AAAAAAAAAAAAAAAAAAAAAAAAAAAAA3F
:10CB8000AAAAAAAAAAAAAAAAAAAAAAAAAAA800FF5C
:10CB9000FFC00000FFFFCBD0C0000000FFFFFFFF81
:10CBA000FFFCF3F35554FFFFFFFFFFFF002AAAAA83
:10CBB000AAAAAAAAAAAAAAAAAAAAAAAAAAAAAAAAD5
:10CBC000AAAAAAAAAAAAAAAAAAA800FFFFC0000005
:10CBD000D75741F8C0000000FFFFFFFFFFFCF3F351
:10CBE0005554FFFFFFFFFFFF002AAAAAAAAAAAAA7C
:10CBF000AAAAAAAAAAAAAAAAAAAAAAAAAAAAAAAA95
:10CC0000AAAAAAAAAAA800FFFFC00000C30300287E
:10CC1000C0000000FFFFFFFFFFFCF3F3FFFCFFFF7E
:10CC2000FFFFFFFF002AAAAAAAAAAAAAAAAAAAAA3A
:10CC3000AAAAAAAAAAAAAAAAAAAAAAAAAAAAAAAA54
:10CC4000AAA800FFFFC00000C3030000C00000004E
:10CC5000FFFFFFFFFFFCF3F3FFFCFFFFFFFFFFFF02
:10CC6000002AAAAAAAAAAAAAAAAAAAAAAAAAAAAA4E
:10CC7000AAAAAAAAAAAAAAAAAAAAAAAAAAA800FF6B
:10CC8000FFC00000C3032AAAC0000000FFFFFFFF8F
:10CC9000FFFCF3F3FFFCFFFFFFFFFFFF002AAAAA40
:10CCA000AAAAAAAAAAAAAAAAAAAAAAAAAAAAAAAAE4
:10CCB000AAAAAAAAAAAAAAAAAAA800FFFFC0000014
:10CCC000C3033FFFC0000000FFFFFFFFFFFCF3F3C3
:10CCD0000000FFFFFFFFFFFF002AAAAAAAAAAAAA34
:10CCE000AAAAAAAAAAAAAAAAAAAAAAAAAAAAAAAAA4
:10CCF000AAAAAAAAAAA800FFFFC00000C3030000B6
:10CD0000C0000000FFFFFFFFFFFCF3F3AAA8FFFF36
:10CD1000FFFFFFFF002AAAAAAAAAAAAAAAAAAAAA49
:10CD2000AAAAAAAAAAAAAAAAAAAAAAAAAAAAAAAA63
:10CD3000AAA800FFFFC00000C3030000C00000005D
:10CD4000FFFFFFFFFFFCF3F3FFFCFFFFFFFFFFFF11
:10CD5000002AAAAAAAAAAAAAAAAAAAAAAAAAAAAA5D
:10CD6000AAAAAAAAAAAAAAAAAAAAAAAAAAA800FF7A
:10CD7000FFC00000C3030000C0000000FFFFFFFF72
:10CD8000FFFCF3F3FF2CFFFFFFFFFFFF002AAAAA1F
:10CD9000AAAAAAAAAAAAAAAAAAAAAAAAAAAAAAAAF3
:10CDA000AAAAAAAAAAAAAAAAAAA800FFFFC0000023
:10CDB000C3033FFFC0000000FFFFFFFFFFFCA2A274
:10CDC000F82CFFFFFFFFFFFF002AAAAAAAAAAAAA1F
:10CDD000AAAAAAAAAAAAAAAAAAAAAAAAAAAAAAAAB3
:10CDE000AAAAAAAAAAA800FFFFC00000C3032AAAF1
:10CDF000C0000000FFFFFFFFFFFC0000C1FCFFFFC1
:10CE0000FFFFFFFF002AAAAAAAAAAAAAAAAAAAAA58
:10CE1000AAAAAAAAAAAAAAAAAAAAAAAAAAAAAAAA72
:10CE2000AAA800FFFFC00000C3030000C00000006C
:10CE3000FFFFFFFFFFFFFFFF4BFCFFFFFFFFFFFFB9
:10CE4000002AAAAAAAAAAAAAAAAAAAAAAAAAAAAA6C
:10CE5000AAAAAAAAAAAAAAAAAAAAAAAAAAA800FF89
:10CE6000FFC00000C3030074C0000000FFFFFFFF0D
:10CE7000FFFFFFFFFFFCFFFFFFFFFFFF002AAAAA43
:10CE8000AAAAAAAAAAAAAAAAAAAAAAAAAAAAAAAA02
:10CE9000AAAAAAAAAAAAAAAAAAA800FFFFC0000032
:10CEA000EBAB82F8C0000000FFFFFFFFFFFFFFFFBA
:10CEB000FFFEFFFFFFFFFFFF002AAAAAAAAAAAAA55
:10CEC000AAAAAAAAAAAAAAAAAAAAAAAAAAAAAAAAC2
:10CED000AAAAAAAAAAA800FFFFC00000FFFFCF804D
:10CEE000C0000000FFFFFFFFFFFFFFEFFFFCFFFFA1
:10CEF000FFFFFFFF002AAAAAAAAAAAAAAAAAAAAA68
:10CF0000AAAAAAAAAAAAAAAAAAAAAAAAAAAAAAAA81
:10CF1000AAA800FFFFC0000000002D00C000000014
:10CF2000FFFFFFFFFFFFCFCFF3FCFFFFFFFFFFFF80
:10CF3000002AAAAAAAAAAAAAAAAAAAAAAAAAAAAA7B
:10CF4000AAAAAAAAAAAAAAAAAAAAAAAAAAA800FF98
:10CF5000FFC0000000000000C0000000FFFFFFFF56
:10CF6000FFFFCFCFF3FCFFFFFFFFFFFF002AAAAABE
:10CF7000AAAAAAAAAAAAAAAAAAAAAAAAAAAAAAAA11
:10CF8000AAAAAAAAAAAAAAAAAAA800FFFFC0000041
:10CF90000000000080000000FFFFFFFFFFFFCFCF79
:10CFA000F3FCFFFFFFFFFFFF002AAAAAAAAAAAAA72
:10CFB000AAAAAAAAAAAAAAAAAAAAAAAAAAAAAAAAD1
:10CFC000AAAAAAAAAAA800FFFFC0000000080000A1
:10CFD000C0000000FFFFFFFFFFFFCFCFF3FCFFFF0C
:10CFE000FFFFFFFF002AAAAAAAAAAAAAAAAAAAAA77
:10CFF000AAAAAAAAAAAAAAAAAAAAAAAAAAAAAAAA91
:10D00000AAA800FFFFC000000C0C0300C000000035
:10D01000FFFFFFFFFFFFCFCFF3FCFFFFFFFFFFFF8F
:10D02000002AAAAAAAAAAAAAAAAAAAAAAAAAAAAA8A
:10D03000AAAAAAAAAAAAAAAAAAAAAAAAAAA800FFA7
:10D04000FFC000000C0C0300C0000000FFFFFFFF4A
:10D05000FFFA8A8EA2A8FFFFFFFFFFFF002AAAAAFD
:10D06000AAAAAAAAAAAAAAAAAAAAAAAAAAAAAAAA20
:10D07000AAAAAAAAAAAAAAAAAAA800FFFFC0000050
:10D080000C0C0300C0000000FFFFFFFFFFF0000CCE
:10D090000000FFFFFFFFFFFF002AAAAAAAAAAAAA70
:10D0A000AAAAAAAAAAAAAAAAAAAAAAAAAAAAAAAAE0
:10D0B000AAAAAAAAAAA800FFFFC000000C0C03009D
:10D0C000C0000000FFFFFFFFFFFA8A8EA2A8FFFF4B
:10D0D000FFFFFFFF002AAAAAAAAAAAAAAAAAAAAA86
:10D0E000AAAAAAAAAAAAAAAAAAAAAAAAAAAAAAAAA0
:10D0F000AAA800FFFFC000000C0C0300C000000045
:10D10000FFFFFFFFFFFFCFCFF3FCFFFFFFFFFFFF9E
:10D11000002AAAAAAAAAAAAAAAAAAAAAAAAAAAAA99
:10D12000AAAAAAAAAAAAAAAAAAAAAAAAAAA800FFB6
:10D13000FFC000015D5C5755C0000000FFFFFFFF0E
:10D14000FFFFCFCFF3FCFFFFFFFFFFFF002AAAAADC
:10D15000AAAAAAAAAAAAAAAAAAAAAAAAAAAAAAAA2F
:10D16000AAAAAAAAAAAAAAAAAAA800FFFFC000035C
:10D17000FFFCFFFFC0000000FFFFFFFFFFFFCFCF5E
:10D18000F3FCFFFFFFFFFFFF002AAAAAAAAAAAAA90
:10D19000AAAAAAAAAAAAAAAAAAAAAAAAAAAAAAAAEF
:10D1A000AAAAAAAAAAA800FFFFC000015D5C575561
:10D1B000C0000000FFFFFFFFFFFFCFCFF3FCFFFF2A
:10D1C000FFFFFFFF002AAAAAAAAAAAAAAAAAAAAA95
:10D1D000AAAAAAAAAAAAAAAAAAAAAAAAAAAAAAAAAF
:10D1E000AAA800FFFFC000000C0C0300C000000054
:10D1F000FFFFFFFFFFFFDFCFF7FCFFFFFFFFFFFF9A
:10D20000002AAAAAAAAAAAAAAAAAAAAAAAAAAAAAA8
:10D21000AAAAAAAAAAAAAAAAAAAAAAAAAAA800FFC5
:10D22000FFC000000C0C0300C0000000FFFFFFFF68
:10D23000FFFBFFEFFFFDFFFFFFFFFFFF002AAAAA92
:10D24000AAAAAAAAAAAAAAAAAAAAAAAAAAAAAAAA3E
:10D25000AAAAAAAAAAAAAAAAAAA800FFFFC000006E
:10D260000C0C0300C0000000FFFFFFFFFFF02FFFCA
:10D27000FFFFFFFFFFFFFFFF002AAAAAAAAAAAAA90
:10D28000AAAAAAAAAAAAAAAAAAAAAAAAAAAAAAAAFE
:10D29000AAAAAAAAAAA800FFFFC000000C0C0300BB
:10D2A000C0000000FFFFFFFFFFFE400000003FFF47
:10D2B000FFFFFFFF002AAAAAAAAAAAAAAAAAAAAAA4
:10D2C000AAAAAAAAAAAAAAAAAAAAAAAAAAAAAAAABE
:10D2D000AAA800FFFFC000000C0C0300C000000063
:10D2E000FFFFFFFFFFFFF40155557FFFFFFFFFFF2B
:10D2F000002AAAAAAAAAAAAAAAAAAAAAAAAAAAAAB8
:10D30000AAAAAAAAAAAAAAAAAAAAAAAAAAA800FFD4
:10D31000FFC000024008000080000000FFFFFFFF88
:10D32000FFFFFF43FFFFFFFFFFFFFFFF002AAAAA47
:10D33000AAAAAAAAAAAAAAAAAAAAAAAAAAAAAAAA4D
:10D34000AAAAAAAAAAAAAAAAAAA800FFFFC000037A
:10D35000F400000000000000FFFFFFFFFFFFFFF4EC
:10D36000BFFFFFFFFFFFFFFF002AAAAAAAAAAAAADF
:10D37000AAAAAAAAAAAAAAAAAAAAAAAAAAAAAAAA0D
:10D38000AAAAAAAAAAA800FFFFC00000BFFFFFFF29
:10D39000F0000000FFFFFFFFFFFFFFFEBFFFFFFFEA
:10D3A000FFFFFFFF002AAAAAAAAAAAAAAAAAAAAAB3
:10D3B000AAAAAAAAAAAAAAAAAAAAAAAAAAAAAAAACD
:10D3C000AAA800FFFFC0000002FFFFFFF00000005E
:10D3D000FFFFFFFFFFFFFFFFFBFF7FFFFFFFFFFFE1
:10D3E000002AAAAAAAAAAAAAAAAAAAAAAAAAAAAAC7
:10D3F000AAAAAAAAAAAAAAAAAAAAAAAAAAA800FFE4
:10D40000FFC00000002F400000000000FFFFFFFFF2
:10D41000FFFF3FF3F3FF3FFFFFFFFFFF002AAAAA32
:10D42000AAAAAAAAAAAAAAAAAAAAAAAAAAAAAAAA5C
:10D43000AAAAAAAAAAAAAAAAAAA800FFFFC000008C
:10D440000002D00000000000FFFFFFFFFFFF3FF3DE
:10D45000F3FF3FFFFFFFFFFF002AAAAAAAAAAAAA7A
:10D46000AAAAAAAAAAAAAAAAAAAAAAAAAAAAAAAA1C
:10D47000AAAAAAAAAAA800FFFFC000000000600094
:10D4800000000000FFFFFFFFFFFF3FF3F3FF3FFF40
:10D49000FFFFFFFF002AAAAAAAAAAAAAAAAAAAAAC2
:10D4A000AAAAAAAAAAAAAAAAAAAAAAAAAAAAAAAADC
:10D4B000AAA800FFFFC0000000000200200000003A
:10D4C000FFFFFFFFFFFF3FF3F3FF3FFFFFFFFFFF04
:10D4D000002AAAAAAAAAAAAAAAAAAAAAAAAAAAAAD6
:10D4E000AAAAAAAAAAAAAAAAAAAAAAAAAAA800FFF3
:10D4F000FFC000003003030030000000FFFFFFFF0B
:10D50000FFFF3FF3F3FF3FFFFFFFFFFF002AAAAA41
:10D51000AAAAAAAAAAAAAAAAAAAAAAAAAAAAAAAA6B
:10D52000AAAAAAAAAAAAAAAAAAA800FFFFC000009B
:10D530003003030030000000FFFFFFFFFFFF3AA2AF
:10D54000A2AB3FFFFFFFFFFF002AAAAAAAAAAAAA2E
:10D55000AAAAAAAAAAAAAAAAAAAAAAAAAAAAAAAA2B
:10D56000AAAAAAAAAAA800FFFFC0000030030300CD
:10D5700030000000FFFFFFFFFFFF300000033FFF10
:10D58000FFFFFFFF002AAAAAAAAAAAAAAAAAAAAAD1
:10D59000AAAAAAAAAAAAAAAAAAAAAAAAAAAAAAAAEB
:10D5A000AAA800FFFFC00000300303003000000005
:10D5B000FFFFFFFFFFEF3FF3F3FF3FFFFFFFFFFF23
:10D5C000002AAAAAAAAAAAAAAAAAAAAAAAAAAAAAE5
:10D5D000AAAAAAAAAAAAAAAAAAAAAAAAAAA800FF02
:10D5E000FFC000003003030030000000FFFFFFFF1A
:10D5F000FFC13FF3F3FF3FFFFFFFFFFF002AAAAA8F
:10D60000AAAAAAAAAAAAAAAAAAAAAAAAAAAAAAAA7A
:10D61000AAAAAAAAAAAAAAAAAAA800FFFFC00000AA
:10D6200032ABABAA30000000FFFFFFFFFFE40BF3BB
:10D63000F3FF3FFFFFFFFFFF002AAAAAAAAAAAAA98
:10D64000AAAAAAAAAAAAAAAAAAAAAAAAAAAAAAAA3A
:10D65000AAAAAAAAAAA800FFFFC0000033FFFFFFE2
:10D6600030000000FFFFFFFFFFFF00B3F3FF3FFFAD
:10D67000FFFFFFFF002AAAAAAAAAAAAAAAAAAAAAE0
:10D68000AAAAAAAAAAAAAAAAAAAAAAAAAAAAAAAAFA
:10D69000AAA800FFFFC00004300303003000000010
:10D6A000FFFFFFFFFFFF3903F3FF3FFFFFFFFFFF18
:10D6B000002AAAAAAAAAAAAAAAAAAAAAAAAAAAAAF4
:10D6C000AAAAAAAAAAAAAAAAAAAAAAAAAAA800FF11
:10D6D000FFC0000FB003030030000000FFFFFFFF9A
:10D6E000FFFF3F93F3FF3FFFFFFFFFFF002AAAAAC0
:10D6F000AAAAAAAAAAAAAAAAAAAAAAAAAAAAAAAA8A
:10D70000AAAAAAAAAAAAAAAAAAA800FFFFC0000AAF
:10D71000FD03030030000000FFFFFFFFFFFF7FFF5E
:10D72000F3FC7FFFFFFFFFFF002AAAAAAAAAAAAA6A
:10D73000AAAAAAAAAAAAAAAAAAAAAAAAAAAAAAAA49
:10D74000AAAAAAAAAAA800FFFFC000003FE30300FC
:10D7500030000000FFFFFFFFFFFFFFFFFFF8FFFFAC
:10D76000FFFFFFFF002AAAAAAAAAAAAAAAAAAAAAEF
:10D77000AAAAAAAAAAAAAAAAAAAAAAAAAAAAAAAA09
:10D78000AAA800FFFFC0000031FF03003000000026
:10D79000FFFFFFFFFFFF1FEAAAA2FFFFFFFFFFFF40
:10D7A000002AAAAAAAAAAAAAAAAAAAAAAAAAAAAA03
:10D7B000AAAAAAAAAAAAAAAAAAAAAAAAAAA800FF20
:10D7C000FFC00000301F030030000000FFFFFFFF1C
:10D7D000FFFC2FC00003FFFFFFFFFFFF002AAAAAE4
:10D7E000AAAAAAAAAAAAAAAAAAAAAAAAAAAAAAAA99
:10D7F000AAAAAAAAAAAAAAAAAAA800FFFFC00000C9
:10D8000030000300F0000000FFFFFFFFFFF4FFCF38
:10D81000FFE2FFFFFFFFFFFF002AAAAAAAAAAAAA07
:10D82000AAAAAAAAAAAAAAAAAAAAAAAAAAAAAAAA58
:10D83000AAAAAAAAAAA800FFFFC00000000000012F
:10D84000C0000000FFFFFFFFFFFEFFCFFFF4BFFFA0
:10D85000FFFFFFFF002AAAAAAAAAAAAAAAAAAAAAFE
:10D86000AAAAAAAAAAAAAAAAAAAAAAAAAAAAAAAA18
:10D87000AAA800FFFFC00000380AAAAB8000000081
:10D88000FFFFFFFFFFFFFFEFFFFEFFFFFFFFFFFFB9
:10D89000002AAAAAAAAAAAAAAAAAAAAAAAAAAAAA12
:10D8A000AAAAAAAAAAAAAAAAAAAAAAAAAAA800FF2F
:10D8B000FFC00000F40FFFFF00000000FFFFFFFFAC
:10D8C000FFFFFFBFFFFF7FFFFFFFFFFF002AAAAAA6
:10D8D000AAAAAAAAAAAAAAAAAAAAAAAAAAAAAAAAA8
:10D8E000AAAAAAAAAAAAAAAAAAA800FFFFC00003D5
:10D8F000C00C000B80000000FFFFFFFFFFFFFF3F99
:10D90000FFFF3FFFFFFFFFFF002AAAAAAAAAAAAAB9
:10D91000AAAAAAAAAAAAAAAAAAAAAAAAAAAAAAAA67
:10D92000AAAAAAAAAAA800FFFFC00000400C0002F1
:10D93000E0000000FFFFFFFFFFFFFF3FFFFC7FFF56
:10D94000FFFFFFFF002AAAAAAAAAAAAAAAAAAAAA0D
:10D95000AAAAAAAAAAAAAAAAAAAAAAAAAAAAAAAA27
:10D96000AAA800FFFFC0000000080000800000001F
:10D97000FFFFFFFFFFFFFF3FFFFCFFFFFFFFFFFF7A
:10D98000002AAAAAAAAAAAAAAAAAAAAAAAAAAAAA21
:10D99000AAAAAAAAAAAAAAAAAAAAAAAAAAA800FF3E
:10D9A000FFC000000020000020000000FFFFFFFF7C
:10D9B000FFFFFF3FFFF1FFFFFFFFFFFF002AAAAAC3
:10D9C000AAAAAAAAAAAAAAAAAAAAAAAAAAAAAAAAB7
:10D9D000AAAAAAAAAAAAAAAAAAA800FFFFC00000E7
:10D9E0000030000030000000FFFFFFFFFFFFFF3F9F
:10D9F000FFC3FFFFFFFFFFFF002AAAAAAAAAAAAA45
:10DA0000AAAAAAAAAAAAAAAAAAAAAAAAAAAAAAAA76
:10DA1000AAAAAAAAAAA800FFFFC00000003000001E
:10DA2000F0000000FFFFFFFFFFFFFF3FFF0FFFFFC2
:10DA3000FFFFFFFF002AAAAAAAAAAAAAAAAAAAAA1C
:10DA4000AAAAAAAAAAAAAAAAAAAAAAAAAAAAAAAA36
:10DA5000AAA800FFFFC0000000300001C0000000C5
:10DA6000FFFFFFFFFFFFFF3FF83FFFFFFFFFFFFF4D
:10DA7000002AAAAAAAAAAAAAAAAAAAAAAAAAAAAA30
:10DA8000AAAAAAAAAAAAAAAAAAAAAAAAAAA800FF4D
:10DA9000FFC000000030000380000000FFFFFFFF18
:10DAA000FFFFFF3F91FFFFFFFFFFFFFF002AAAAA32
:10DAB000AAAAAAAAAAAAAAAAAAAAAAAAAAAAAAAAC6
:10DAC000AAAAAAAAAAAAAAAAAAA800FFFFC00000F6
:10DAD0000030000F00000000FFFFFFFFFFFAAA2444
:10DAE0001BFFFFFFFFFFFFFF002AAAAAAAAAAAAAFC
:10DAF000AAAAAAAAAAAAAAAAAAAAAAAAAAAAAAAA86
:10DB0000AAAAAAAAAAA800FFFFC000000030003CF1
:10DB100000000000FFFFFFFFFFF00000BFFFFFFF5E
:10DB2000FFFFFFFF002AAAAAAAAAAAAAAAAAAAAA2B
:10DB3000AAAAAAAAAAAAAAAAAAAAAAAAAAAAAAAA45
:10DB4000AAA800FFFFC00000003001F000000000A4
:10DB5000FFFFFFFFFFFAAA140BFFFFFFFFFFFFFF0E
:10DB6000002AAAAAAAAAAAAAAAAAAAAAAAAAAAAA3F
:10DB7000AAAAAAAAAAAAAAAAAAAAAAAAAAA800FF5C
:10DB8000FFC0000000301B8000000000FFFFFFFF0F
:10DB9000FFFFFF3F91FFFFFFFFFFFFFF002AAAAA41
:10DBA000AAAAAAAAAAAAAAAAAAAAAAAAAAAAAAAAD5
:10DBB000AAAAAAAAAAAAAAAAAAA800FFFFC0000104
:10DBC0005576FD0000000000FFFFFFFFFFFFFF3F55
:10DBD000F83FFFFFFFFFFFFF002AAAAAAAAAAAAAEE
:10DBE000AAAAAAAAAAAAAAAAAAAAAAAAAAAAAAAA95
:10DBF000AAAAAAAAAAA800FFFFC00003FFFFE0008C
:10DC000000000000FFFFFFFFFFFFFF3FFF0FFFFFD0
:10DC1000FFFFFFFF002AAAAAAAAAAAAAAAAAAAAA3A
:10DC2000AAAAAAAAAAAAAAAAAAAAAAAAAAAAAAAA54
:10DC3000AAA800FFFFC00002AABBFD000000000070
:10DC4000FFFFFFFFFFFFFF3FFFC3FFFFFFFFFFFFE0
:10DC5000002AAAAAAAAAAAAAAAAAAAAAAAAAAAAA4E
:10DC6000AAAAAAAAAAAAAAAAAAAAAAAAAAA800FF6B
:10DC7000FFC0000000301F8000000000FFFFFFFF1A
:10DC8000FFFFFF3FFFF2FFFFFFFFFFFF002AAAAAEF
:10DC9000AAAAAAAAAAAAAAAAAAAAAAAAAAAAAAAAE4
:10DCA000AAAAAAAAAAAAAAAAAAA800FFFFC0000014
:10DCB000003002F000000000FFFFFFFFFFFFFF3F0A
:10DCC000FFF8FFFFFFFFFFFF002AAAAAAAAAAAAA3D
:10DCD000AAAAAAAAAAAAAAAAAAAAAAAAAAAAAAAAA4
:10DCE000AAAAAAAAAAA800FFFFC000000030003C10
:10DCF00000000000FFFFFFFFFFFFFF3FFFFC7FFF73
:10DD0000FFFFFFFF002AAAAAAAAAAAAAAAAAAAAA49
:10DD1000AAAAAAAAAAAAAAAAAAAAAAAAAAAAAAAA63
:10DD2000AAA800FFFFC000000030000F00000000A4
:10DD3000FFFFFFFFFFFFFF3FFFFF3FFFFFFFFFFF73
:10DD4000002AAAAAAAAAAAAAAAAAAAAAAAAAAAAA5D
:10DD5000AAAAAAAAAAAAAAAAAAAAAAAAAAA800FF7A
:10DD6000FFC000000030000340000000FFFFFFFF85
:10DD7000FFFFFFBFFFFFBFFFFFFFFFFF002AAAAAB1
:10DD8000AAAAAAAAAAAAAAAAAAAAAAAAAAAAAAAAF3
:10DD9000AAAAAAAAAAAAAAAAAAA800FFFFC0000023
:10DDA00000300002C0000000FFFFFFFFFFFFFFFF89
:10DDB000FFFFFFFFFFFFFFFF002AAAAAAAAAAAAA45
:10DDC000AAAAAAAAAAAAAAAAAAAAAAAAAAAAAAAAB3
:10DDD000AAAAAAAAAAA800FFFFC00000003000005B
:10DDE000E0000000FFFFFFFFFFFFFFFFFFFFFFFF5F
:10DDF000FFFFFFFF002AAAAAAAAAAAAAAAAAAAAA59
:10DE0000AAAAAAAAAAAAAAAAAAAAAAAAAAAAAAAA72
:10DE1000AAA800FFFFC00000003000003000000092
:10DE2000FFFFFFFFFFFFFFFFFFFFFFFFFFFFFFFF02
:10DE300000000000000000000000000000000000E2
:10DE4000000000000000000000000000000000FFD3
:10DE5000FFC000000010000020000000FFFFFFFFD7
:10DE6000FFFFFFFFFFFFFFFFFFFFFFFF00000000BE
:10DE700000000000000000000000000000000000A2
:10DE80000000000000000000000000FFFFC00000D4
:10DE90000000000000000000FFFFFFFFFFFFFFFF8A
:10DEA000FFFFFFFFFFFFFFFF00000000000000007A
:10DEB0000000000000000000000000000000000062
:10DEC00000000000000000FFFFC000000000000094
:10DED00000000000FFFFFFFFFFFFFFFFFFFFFFFF4E
:10DEE000FFFFFFFF00000000000000000000000036
:10DEF0000000000000000000000000000000000022
:10DF0000000000FFFFFFFFFFFFFFFFFFFFFFFFFF1E
:10DF1000FFFFFFFFFFFFFFFFFFFFFFFFFFFFFFFF11
:10DF200000000000000000000000000000000000F1
:10DF3000000000000000000000000000000000FFE2
:10DF4000FFFFFFFFFFFFFFFFFFFFFFFFFFFFFFFFE1
:10DF5000FFFFFFFFFFFFFFFFFFFFFFFF001555550E
:10DF60005555555555555555555555555555555561
:10DF70005555555555555555555400FFFFFFFFFF55
:10DF8000FFFFFFFFFFFFFFFFFFFFFFFFFFFFFFFFA1
:10DF9000FFFFFFFFFFFFFFFF001555555555555576
:10DFA0005555555555555555555555555555555521
:10DFB00055555555555400FFFFFFFFFFFFFFFFFF6D
:10DFC000FFFFFFFFFFFFFFFFFFFFFFFFFFFFFFFF61
:10DFD000FFFFFFFF001555555555555555555555DE
:10DFE00055555555555555555555555555555555E1
:10DFF000555400FFFFFFFFFFFFFFFFFFFFFFFFFF85
:10E00000FFFFFFFFFFFFFFFFFFFFFFFFFFFFFFFF20
:10E010000015555555555555555555555555555545
:10E02000555555555555555555555555555400FF4C
:10E03000FFFFFFFFFFFFFFFFFFFFFFFFFFFFFFFFF0
:10E04000FFFFFFFFFFFFFFFFFFFFFFFF001555551D
:10E050005555555555555555555555555555555570
:10E060005555555555555555555400FFFFFFFFFF64
:10E07000FFFFFFFFFFFFFFFFFFFFFFFFFFFFFFFFB0
:10E08000FFFFFFFFFFFFFFFF001555555555555585
:10E090005555555555555555555555555555555530
:10E0A00055555555555400FFFFFFFFFFFFFFFFFF7C
:10E0B000FFFFFFFFFFFFFFFFFFFFFFFFFFFFFFFF70
:10E0C000FFFFFFFF001555555555555555555555ED
:10E0D00055555555555555555555555555555555F0
:10E0E000555400FFFFFFFFFFFFFFFFFFFFFFFFFF94
:10E0F000FFFFFFFFFFFFFFFFFFFFFFFFFFFFFFFF30
:10E100000015555555555555555555555555555554
:10E11000555555555555555555555555555400FF5B
:10E12000FFFFFFFFFFFFFFFFFFFFFFFFFFFFFFFFFF
:10E13000FFFFFFFFFFFFFFFFFFFFFFFF001555552C
:10E14000555555555555555555555555555555557F
:10E150005555555555555555555400FFFFFFFFFF73
:10E16000FFFFFFFFFFFFFFFFFFFFFFFFFFFFFFFFBF
:10E17000FFFFFFFFFFFFFFFF001555555555555594
:10E18000555555555555555555555555555555553F
:10E1900055555555555400FFFFFFFFFFFFFFFFFF8B
:10E1A000FFFFFFFFFFFFFFFFFFFFFFFFFFFFFFFF7F
:10E1B000FFFFFFFF001555555555555555555555FC
:10E1C00055555555555555555555555555555555FF
:10E1D000555400FFFFFFFFFFFFFFFFFFFFFFFFFFA3
:10E1E000FFFFFFFFFFFFFFFFFFFFFFFFFFFFFFFF3F
:10E1F0000015555555555555555555555555555564
:10E20000555555555555555555555555555400FF6A
:10E21000FFFFFFFFFFFFFFFFFFFFFFFFFFFFFFFF0E
:10E22000FFFFFFFFFFFFFFFFFFFFFFFF001555553B
:10E23000555555555555555555555555555555558E
:10E240005555555555555555555400FFFFFFFFFF82
:10E25000FFFFFFFFFFFFFFFFFFFFFFFFFFFFFFFFCE
:10E26000FFFFFFFFFFFFFFFF0015555555555555A3
:10E27000555555555555555555555555555555554E
:10E2800055555555555400FFFFD5555555555555C0
:10E2900055555557FFFFFFFFFFFFFFFFFFFFFFFF34
:10E2A000FFFFFFFF0015555555555555555555550B
:10E2B000555555555555555555555555555555550E
:10E2C000555400FFFFD5555555555555555555577E
:10E2D000FFFFFFFFFFFFFFFFFFFFFFFFFFFFFFFF4E
:10E2E0000015555555555555555555555555555573
:10E2F000555555555555555555555555555400FF7A
:10E30000FFD555555555555555555557FFFFFAAA43
:10E31000AAAAAAAAAAAAAAAAAAAFFFFF0015555597
:10E32000555555555555555555555555555555559D
:10E330005555555555555555555400FFFFD555550F
:10E340005555555555555557FFFFFAAAAAAAAAAAD9
:10E35000AAAAAAAAAAAFFFFF0015555555555555AB
:10E36000555555555555555555555555555555555D
:10E3700055555555555400FFFFD5555555555555CF
:10E3800055555557FFFFFAAAAAAAAAAAAAAAAAAA45
:10E39000AAAFFFFF001555555555555555555555BF
:10E3A000555555555555555555555555555555551D
:10E3B000555400FFFFD5555555555555555555578D
:10E3C000FFFFFAAAAAAAAAAAAAAAAAAAAAAFFFFF04
:10E3D0000015555555555555555555555555555582
:10E3E000555555555555555555555555555400FF89
:10E3F000FFD555555555555555555557FFFFFAAA53
:10E40000AAAAAAAAAAAAAAAAAAAFFFFF00155555A6
:10E4100055555555555555555555555555555555AC
:10E420005555555555555555555400FFFFD555551E
:10E430005555555555555557FFFFFAAAAAAAAAAAE8
:10E44000AAAAAAAAAAAFFFFF0015555555555555BA
:10E45000555555555555555555555555555555556C
:10E4600055555555555400FFFFD5555555555555DE
:10E4700055555557FFFFFAAAAAAAAAAAAAAAAAAA54
:10E48000AAAFFFFF001555555555555555555555CE
:10E49000555555555555555555555555555555552C
:10E4A000555400FFFFD5555555555555555555579C
:10E4B000FFFFFAAAAAAAAAAAAAAAAAAAAAAFFFFF13
:10E4C0000015555555555555555555555555555591
:10E4D000555555555555555555555555555400FF98
:10E4E000FFD555555555555555555557FFFFFAAA62
:10E4F000AAAAAAAAAAAAAAAAAAAFFFFF00155555B6
:10E5000055555555555555555555555555555555BB
:10E510005555555555555555555400FFFFD555552D
:10E520005555555555555557FFFFFAAAAAAAAAAAF7
:10E53000AAAAAAAAAAAFFFFF0015555555555555C9
:10E54000555555555555555555555555555555557B
:10E5500055555555555400FFFFD5555555555555ED
:10E5600055555557FFFFFAAAAAAAAAAAAAAAAAAA63
:10E57000AAAFFFFF001555555555555555555555DD
:10E58000555555555555555555555555555555553B
:10E59000555400FFFFD555555555555555555557AB
:10E5A000FFFFFAAAAAAAAAAAAAAAAAAAAAAFFFFF22
:10E5B00000155555555555555555555555555555A0
:10E5C000555555555555555555555555555400FFA7
:10E5D000FFD555555555555555555557FFFFFAAA71
:10E5E000AAAAAAAAAAAAAAAAAAAFFFFF00155555C5
:10E5F00055555555555555555555555555555555CB
:10E600005555555555555555555400FFFFD555553C
:10E610005555555555555557FFFFFAAAAAAAAAAA06
:10E62000AAAAAAAAAAAFFFFF0015555555555555D8
:10E63000555555555555555555555555555555558A
:10E6400055555555555400FFFFD5555555555555FC
:10E6500055555557FFFFFAAAAAAAAAAAAAAAAAAA72
:10E66000AAAFFFFF001555555555555555555555EC
:10E67000555555555555555555555555555555554A
:10E68000555400FFFFD555555555555555555557BA
:10E69000FFFFFAAAAAAAAAAAAAAAAAAAAAAFFFFF31
:10E6A00000155555555555555555555555555555AF
:10E6B000555555555555555555555555555400FFB6
:10E6C000FFD555555555555555555557FFFFFAAA80
:10E6D000AAAAAAAAAAAAAAAAAAAFFFFF00155555D4
:10E6E00055555555555555555555555555555555DA
:10E6F0005555555555555555555400FFFFD555554C
:10E700005555555555555557FFFFFAAAAAAAAAAA15
:10E71000AAAAAAAAAAAFFFFF0015555555555555E7
:10E720005555555555555555555555555555555599
:10E7300055555555555400FFFFD55555555555550B
:10E7400055555557FFFFFAAAAAAAAAAAAAAAAAAA81
:10E75000AAAFFFFF001555555555555555555555FB
:10E760005555555555555555555555555555555559
:10E77000555400FFFFD555555555555555555557C9
:10E78000FFFFFAAAAAAAAAAAAAAAAAAAAAAFFFFF40
:10E7900000155555555555555555555555555555BE
:10E7A000555555555555555555555555555400FFC5
:10E7B000FFD555555555555555555557FFFFFAAA8F
:10E7C000AAAAAAAAAAAAAAAAAAAFFFFF00155555E3
:10E7D00055555555555555555555555555555555E9
:10E7E0005555555555555555555400FFFFD555555B
:10E7F0005555555555555557FFFFFAAAAAAAAAAA25
:10E80000AAAAAAAAAAAFFFFF0015555555555555F6
:10E8100055555555555555555555555555555555A8
:10E8200055555555555400FFFFD55555555555551A
:10E8300055555557FFFFFAAAAAAAAAAAAAAAAAAA90
:10E84000AAAFFFFF0015555555555555555555550A
:10E850005555555555555555555555555555555568
:10E86000555400FFFFD555555555555555555557D8
:10E87000FFFFFAAAAAAAAAAAAAAAAAAAAAAFFFFF4F
:10E8800000155555555555555555555555555555CD
:10E89000555555555555555555555555555400FFD4
:10E8A000FFD555555555555555555557FFFFFAAA9E
:10E8B000AAAAAAAAAAA6AAAAAAAFFFFF00155555F6
:10E8C00055555555555555555555555555555555F8
:10E8D0005555555555555555555400FFFFD555556A
:10E8E0005555555555555557FFFFFAAAAAAAAAAA34
:10E8F000AAA2AAAAAAAFFFFF00155555555555550E
:10E9000055555555555555555555555555555555B7
:10E9100055555555555400FFFFD555555555555529
:10E9200055555557FFFFFAAAAAAAAAA81AA2AAAA39
:10E93000AAAFFFFF00155555555555555555555519
:10E940005555555555555555555555555555555577
:10E95000555400FFFFD555555555555555555557E7
:10E96000FFFFFAAAAAA0000202A2AAAAAAAFFFFF6A
:10E9700000155555555555555555555555555555DC
:10E98000555555555555555555555555555400FFE3
:10E99000FFD555555555555551555557FFFFFAAAB1
:10E9A000AAA28A8AA062AAAAAAAFFFFF001555559B
:10E9B0005555555555555555555555555555555507
:10E9C0005555555555555555555400FFFFD5555579
:10E9D0005555541551555557FFFFFAAAAAA28A8AD0
:10E9E000A862AAAAAAAFFFFF00155555555555555F
:10E9F00055555555555555555555555555555555C7
:10EA000055555555555400FFFFD55555500001013A
:10EA100051555557FFFFFAAAAAA28A8AAAA2AAAA02
:10EA2000AAAFFFFF00155555555555555555555528
:10EA30005555555555555555555555555555555586
:10EA4000555400FFFFD55555514545505155555723
:10EA5000FFFFFAAAAAA28A880002AAAAAAAFFFFF09
:10EA600000155555555555555555555555555555EB
:10EA7000555555555555555555555555555400FFF2
:10EA8000FFD555555145455411555557FFFFFAAA25
:10EA9000AAA28A880002AAAAAAAFFFFF00155555AC
:10EAA0005555555555555555555555555555555516
:10EAB0005555555555555555555400FFFFD5555588
:10EAC0005145455551555557FFFFFAAAAAA28A8AC2
:10EAD000AAA2AAAAAAAFFFFF00155555555555552C
:10EAE00055555555555555555555555555555555D6
:10EAF00055555555555400FFFFD5555551454400C2
:10EB000001555557FFFFFAAAAAA28A8AAAA2AAAA61
:10EB1000AAAFFFFF00155555555555555555555537
:10EB20005555555555555555555555555555555595
:10EB3000555400FFFFD555555145440001555557D3
:10EB4000FFFFFAAAAAA28A8AAAA2AAAAAAAFFFFFCC
:10EB500000155555555555555555555555555555FA
:10EB6000555555555555555555555555555400FF01
:10EB7000FFD555555145455551555557FFFFFAAAF3
:10EB8000AAA28A880002AAAAAAAFFFFF00155555BB
:10EB90005555555555555555555555555555555525
:10EBA0005555555555555555555400FFFFD5555597
:10EBB0005145455551555557FFFFFAAAAAA28A89D2
:10EBC0005552AAAAAAAFFFFF0015555555555555E0
:10EBD00055555555555555555555555555555555E5
:10EBE00055555555555400FFFFD55555514545557B
:10EBF00051555557FFFFFAAAAAA28A8AAAA2AAAA21
:10EC0000AAAFFFFF00155555555555555555555546
:10EC100055555555555555555555555555555555A4
:10EC2000555400FFFFD555555145440001555557E2
:10EC3000FFFFFAAAAAA28A8AA8A2AAAAAAAFFFFFDD
:10EC40000015555555555555555555555555555509
:10EC5000555555555555555555555555555400FF10
:10EC6000FFD555555145440001555557FFFFFAAAA8
:10EC7000AAA145469062AAAAAAAFFFFF0015555562
:10EC80005555555555555555555555555555555534
:10EC90005555555555555555555400FFFFD55555A6
:10ECA0005145455551555557FFFFFAAAAAA00002F4
:10ECB00002A2AAAAAAAFFFFF0015555555555555F2
:10ECC00055555555555555555555555555555555F4
:10ECD00055555555555400FFFFD55555514545548B
:10ECE00051555557FFFFFAAAAAAAAAA82AA2AAAA6A
:10ECF000AAAFFFFF00155555555555555555555556
:10ED000055555555555555555555555555555555B3
:10ED1000555400FFFFD55555514545501155555790
:10ED2000FFFFFAAAAAAAAAAAAAA2AAAAAAAFFFFFA2
:10ED30000015555555555555555555555555555518
:10ED4000555555555555555555555555555400FF1F
:10ED5000FFD555555000010151555557FFFFFAAAEF
:10ED6000AAAAAAAAAAA6AAAAAAAFFFFF0015555541
:10ED70005555555555555555555555555555555543
:10ED80005555555555555555555400FFFFD55555B5
:10ED90005555541551555557FFFFFAAAAAAAAA6A04
:10EDA000AAA2AAAAAAAFFFFF001555555555555559
:10EDB0005555555555555555555555555555555503
:10EDC00055555555555400FFFFD555555555555575
:10EDD00051555557FFFFFAAAAAAA2A2A8AA2AAAA17
:10EDE000AAAFFFFF00155555555555555555555565
:10EDF00055555555555555555555555555555555C3
:10EE0000555400FFFFD55555555555555155555736
:10EE1000FFFFFAAAAAAA2A2A8AA2AAAAAAAFFFFFD1
:10EE20000015555555555555555555555555555527
:10EE3000555555555555555555555555555400FF2E
:10EE4000FFD555555555555551555557FFFFFAAAFC
:10EE5000AAAA2A2A8AA2AAAAAAAFFFFF0015555574
:10EE60005555555555555555555555555555555552
:10EE70005555555555555555555400FFFFD55555C4
:10EE80005515154551555557FFFFFAAAAAAA2A2A22
:10EE90008AA2AAAAAAAFFFFF001555555555555588
:10EEA0005555555555555555555555555555555512
:10EEB00055555555555400FFFFD555555515154514
:10EEC00051555557FFFFFAAAAAAA2A2A8AA2AAAA26
:10EED000AAAFFFFF00155555555555555555555574
:10EEE00055555555555555555555555555555555D2
:10EEF000555400FFFFD555555515154551555557D6
:10EF0000FFFFFAAAAAAA2A2A8AA2AAAAAAAFFFFFE0
:10EF10000015555555555555555555555555555536
:10EF2000555555555555555555555555555400FF3D
:10EF3000FFD555555515154551555557FFFFFAAA9B
:10EF4000AA8000200002AAAAAAAFFFFF001555550B
:10EF50005555555555555555555555555555555561
:10EF60005555555555555555555400FFFFD55555D3
:10EF70005515154551555557FFFFFAAAAAAA2A2A31
:10EF80008AA2AAAAAAAFFFFF001555555555555597
:10EF90005555555555555555555555555555555521
:10EFA00055555555555400FFFFD555555515154523
:10EFB00051555557FFFFFAAAAAAA2A2A8AA2AAAA35
:10EFC000AAAFFFFF00155555555555555555555583
:10EFD00055555555555555555555555555555555E1
:10EFE000555400FFFFD555554000100001555557A9
:10EFF000FFFFFAAAAAAA2A2A8AA2AAAAAAAFFFFFF0
:10F000000015555555555555555555555555555545
:10F01000555555555555555555555555555400FF4C
:10F02000FFD555555515154551555557FFFFFAAAAA
:10F03000AAAA2A2A8AA2AAAAAAAFFFFF0015555592
:10F040005555555555555555555555555555555570
:10F050005555555555555555555400FFFFD55555E2
:10F060005515154551555557FFFFFAAAAAAA2A2A40
:10F070008AA2AAAAAAAFFFFF0015555555555555A6
:10F080005555555555555555555555555555555530
:10F0900055555555555400FFFFD555555515154532
:10F0A00051555557FFFFFAAAAAAA2A2A8AA2AAAA44
:10F0B000AAAFFFFF00155555555555555555555592
:10F0C00055555555555555555555555555555555F0
:10F0D000555400FFFFD555555515154551555557F4
:10F0E000FFFFFAAAAA9AAA6AAAA2AAAAAAAFFFFF2F
:10F0F0000015555555555555555555555555555555
:10F10000555555555555555555555555555400FF5B
:10F11000FFD555555515154551555557FFFFFAAAB9
:10F12000AA80AAAAAAAAAAAAAAAFFFFF00155555A3
:10F13000555555555555555555555555555555557F
:10F140005555555555555555555400FFFFD55555F1
:10F150005515154551555557FFFFFAAAAAA40000A9
:10F160000000AAAAAAAFFFFF0015555555555555E1
:10F17000555555555555555555555555555555553F
:10F1800055555555555400FFFFD5555555551555F1
:10F1900051555557FFFFFAAAAAAA80000000AAAA53
:10F1A000AAAFFFFF001555555555555555555555A1
:10F1B00055555555555555555555555555555555FF
:10F1C000555400FFFFD55555405555555555555784
:10F1D000FFFFFAAAAAAAA80AAAAAAAAAAAAFFFFF88
:10F1E0000015555555555555555555555555555564
:10F1F000555555555555555555555555555400FF6B
:10F20000FFD555555000000000555557FFFFFAAA8D
:10F21000AAAAAA82AAAAAAAAAAAFFFFF00155555B0
:10F22000555555555555555555555555555555558E
:10F230005555555555555555555400FFFFD5555500
:10F240005540000000555557FFFFFAAAAAAAAAA9DF
:10F25000AAAAAAAAAAAFFFFF00155555555555559C
:10F26000555555555555555555555555555555554E
:10F2700055555555555400FFFFD555555554055511
:10F2800055555557FFFFFAAAAAAAAAAA9AA8AAAA48
:10F29000AAAFFFFF001555555555555555555555B0
:10F2A000555555555555555555555555555555550E
:10F2B000555400FFFFD55555555541555555555792
:10F2C000FFFFFAAAAAA8AA8A8AA8AAAAAAAFFFFF39
:10F2D0000015555555555555555555555555555573
:10F2E000555555555555555555555555555400FF7A
:10F2F000FFD555555555545555555557FFFFFAAA45
:10F30000AAA8AA8A8AA8AAAAAAAFFFFF00155555DB
:10F31000555555555555555555555555555555559D
:10F320005555555555555555555400FFFFD555550F
:10F330005555555554555557FFFFFAAAAAA8AA8AFC
:10F340008AA8AAAAAAAFFFFF0015555555555555CD
:10F35000555555555555555555555555555555555D
:10F3600055555555555400FFFFD5555554554545F0
:10F3700054555557FFFFFAAAAAA8AA8A8AA8AAAA8A
:10F38000AAAFFFFF001555555555555555555555BF
:10F39000555555555555555555555555555555551D
:10F3A000555400FFFFD555555455454554555557AF
:10F3B000FFFFFAAAAAA8AA8A8AA8AAAAAAAFFFFF48
:10F3C0000015555555555555555555555555555582
:10F3D000555555555555555555555555555400FF89
:10F3E000FFD555555455454554555557FFFFFAAA75
:10F3F000AAA895454558AAAAAAAFFFFF00155555DA
:10F4000055555555555555555555555555555555AC
:10F410005555555555555555555400FFFFD555551E
:10F420005455454554555557FFFFFAAAAAA88000E0
:10F430000008AAAAAAAFFFFF001555555555555506
:10F44000555555555555555555555555555555556C
:10F4500055555555555400FFFFD5555554554545FF
:10F4600054555557FFFFFAAAAAA8AA8A8AA8AAAA99
:10F47000AAAFFFFF001555555555555555555555CE
:10F48000555555555555555555555555555555552C
:10F49000555400FFFFD555555455454554555557BE
:10F4A000FFFFFAAAAA00AA8A8AA8AAAAAAAFFFFFFF
:10F4B0000015555555555555555555555555555591
:10F4C000555555555555555555555555555400FF98
:10F4D000FFD555555440000004555557FFFFFAAA73
:10F4E000AA402A8A8AA8AAAAAAAFFFFF00155555E2
:10F4F00055555555555555555555555555555555BC
:10F500005555555555555555555400FFFFD555552D
:10F510005455454554555557FFFFFAAAAAA8018AE4
:10F520008AA8AAAAAAAFFFFF0015555555555555EB
:10F53000555555555555555555555555555555557B
:10F5400055555555555400FFFFD555550055454562
:10F5500054555557FFFFFAAAAAA8A00A8AA8AAAA32
:10F56000AAAFFFFF001555555555555555555555DD
:10F57000555555555555555555555555555555553B
:10F58000555400FFFFD55555001545455455555761
:10F59000FFFFFAAAAAA8AA0A8AA8AAAAAAAFFFFFE6
:10F5A00000155555555555555555555555555555A0
:10F5B000555555555555555555555555555400FFA7
:10F5C000FFD555555401454554555557FFFFFAAAE7
:10F5D000AAA8AAAA8AA0AAAAAAAFFFFF00155555F1
:10F5E00055555555555555555555555555555555CB
:10F5F0005555555555555555555400FFFFD555553D
:10F600005450054554555557FFFFFAAAAAAAAAAA6D
:10F61000AAA2AAAAAAAFFFFF0015555555555555E0
:10F62000555555555555555555555555555555558A
:10F6300055555555555400FFFFD55555545505455D
:10F6400054555557FFFFFAAAAAA82A555546AAAA03
:10F65000AAAFFFFF001555555555555555555555EC
:10F66000555555555555555555555555555555554A
:10F67000555400FFFFD555555455554550555557D0
:10F68000FFFFFAAAAAA0AA00000AAAAAAAAFFFFF2F
:10F6900000155555555555555555555555555555AF
:10F6A000555555555555555555555555555400FFB6
:10F6B000FFD555555555555551555557FFFFFAAA84
:10F6C000AA82AA2AAA46AAAAAAAFFFFF00155555E0
:10F6D00055555555555555555555555555555555DA
:10F6E0005555555555555555555400FFFFD555554C
:10F6F0005415555541555557FFFFFAAAAAAAAA2AEB
:10F70000AA81AAAAAAAFFFFF001555555555555510
:10F710005555555555555555555555555555555599
:10F7200055555555555400FFFFD5555550550000BA
:10F7300005555557FFFFFAAAAAAAAA6AAAA6AAAA15
:10F74000AAAFFFFF001555555555555555555555FB
:10F750005555555555555555555555555555555559
:10F76000555400FFFFD5555541551555055555576D
:10F77000FFFFFAAAAAAAA9AAAAA8AAAAAAAFFFFF43
:10F7800000155555555555555555555555555555BE
:10F79000555555555555555555555555555400FFC5
:10F7A000FFD555555555155540555557FFFFFAAAE4
:10F7B000AAAAA8AAAAA8AAAAAAAFFFFF00155555E7
:10F7C00055555555555555555555555555555555E9
:10F7D0005555555555555555555400FFFFD555555B
:10F7E0005555155551555557FFFFFAAAAAAAA8AA6B
:10F7F000AAA0AAAAAAAFFFFF000000000000000014
:10F8000000000000000000000000000000000000F8
:10F8100000000000000000FFFFD555555555555517
:10F8200054555557FFFFFAAAAAAAA8AAAAA2AAAA9B
:10F83000AAAFFFFF00000000000000000000000071
:10F8400000000000000000000000000000000000B8
:10F85000000000FFFFD55555555455555455555783
:10F86000FFFFFAAAAAAAA8AAAA82AAAAAAAFFFFF79
:10F870000000000000000000000000000000000088
:10F88000000000000000000000000000000000FF79
:10F89000FFD555555554555550555557FFFFFAAAA4
:10F8A000AAAAA8AAAA0AAAAAAAAFFFFF0000000053
:10F8B0000000000000000000000000000000000048
:10F8C0000000000000000000000000FFFFD55555BB
:10F8D0005554555551555557FFFFFAAAAAAAA8AA3B
:10F8E000A82AAAAAAAAFFFFF00000000000000009B
:10F8F0000000000000000000000000000000000008
:10F9000000000000000000FFFFD555555554555527
:10F9100041555557FFFFFAAAAAAAA8AAA0AAAAAABF
:10F92000AAAFFFFF00000000000000000000000080
:10F9300000000000000000000000000000000000C7
:10F94000000000FFFFD555555554555505555557E1
:10F95000FFFFFAAAAAAAA8AA02AAAAAAAAAFFFFF08
:10F960000000000000000000000000000000000097
:10F97000000000000000000000000000000000FF88
:10F98000FFD555555554555415555557FFFFFAAAEF
:10F99000AAAAA8802AAAAAAAAAAFFFFF000000006C
:10F9A0000000000000000000000000000000000057
:10F9B0000000000000000000000000FFFFD55555CA
:10F9C0005554555055555557FFFFFAAAAA800001C6
:10F9D000AAAAAAAAAAAFFFFF000000000000000028
:10F9E0000000000000000000000000000000000017
:10F9F00000000000000000FFFFD55555555455018B
:10FA000055555557FFFFFAAAAA9554002AAAAAAA43
:10FA1000AAAFFFFF0000000000000000000000008F
:10FA200000000000000000000000000000000000D6
:10FA3000000000FFFFD555555554401555555557F5
:10FA4000FFFFFAAAAAAAA8AA02AAAAAAAAAFFFFF17
:10FA500000000000000000000000000000000000A6
:10FA6000000000000000000000000000000000FF97
:10FA7000FFD555554000005555555557FFFFFAAA7B
:10FA8000AAAAA8AA90AAAAAAAAAFFFFF00000000EB
:10FA90000000000000000000000000000000000066
:10FAA0000000000000000000000000FFFFD55555D9
:10FAB0004000001555555557FFFFFAAAAAAAA8AA53
:10FAC000A82AAAAAAAAFFFFF0000000000000000B9
:10FAD0000000000000000000000000000000000026
:10FAE00000000000000000FFFFD55555555455019A
:10FAF00055555557FFFFFAAAAAAAA8AAAA0AAAAA60
:10FB0000AAAFFFFF0000000000000000000000009E
:10FB100000000000000000000000000000000000E5
:10FB2000000000FFFFD555555554554055555557C4
:10FB3000FFFFFAAAAAAAA8AAAA8AAAAAAAAFFFFF9E
:10FB400000000000000000000000000000000000B5
:10FB5000000000000000000000000000000000FFA6
:10FB6000FFD555555554555415555557FFFFFAAA0D
:10FB7000AAAAA8AAAA92AAAAAAAFFFFF00000000F8
:10FB80000000000000000000000000000000000075
:10FB90000000000000000000000000FFFFD55555E8
:10FBA0005554555505555557FFFFFAAAAAAAA8AAB4
:10FBB000AAA0AAAAAAAFFFFF000000000000000050
:10FBC0000000000000000000000000000000000035
:10FBD00000000000000000FFFFD555555554555555
:10FBE00045555557FFFFFAAAAAAAA8AAAAA8AAAAE1
:10FBF000AAAFFFFF000000000000000000000000AE
:10FC000000000000000000000000000000000000F4
:10FC1000000000FFFFD555555554555541555557D2
:10FC2000FFFFFAAAAAAAAAAAAAA9AAAAAAAFFFFF8C
:10FC300000000000000000000000000000000000C4
:10FC4000000000000000000000000000000000FFB5
:10FC5000FFD555555554555550555557FFFFFAAAE0
:10FC6000AAAAAAAAAAAAAAAAAAAFFFFF00000000ED
:10FC70000000000000000000000000000000000084
:10FC80000000000000000000000000FFFFD55555F7
:10FC90005554555554555557FFFFFAAAAAAAAAAA72
:10FCA000AAAAAAAAAAAFFFFF000000000000000055
:10FCB0000000000000000000000000000000000044
:10FCC00000000000000000FFFFD555555555555563
:10FCD00054555557FFFFFAAAAAAAAAAAAAAAAAAADD
:10FCE000AAAFFFFF000000000000000000000000BD
:10FCF0000000000000000000000000000000000004
:10FD0000000000FFFFD555555555555555555557CC
:10FD1000FFFFFAAAAAAAAAAAAAAAAAAAAAAFFFFF9A
:10FD200000000000000000000000000000000000D3
:10FD3000000000000000000000000000000000FFC4
:10FD4000FFD555555555555555555557FFFFFAAAE9
:10FD5000AAAAAAAAAAAAAAAAAAAFFFFF00000000FC
:10FD60000000000000000000000000000000000093
:10FD70000000000000000000000000FFFFD5555506
:10FD80005555555555555557FFFFFAAAAAAAAAAA7F
:10FD9000AAAAAAAAAAAFFFFF000000000000000064
:10FDA0000000000000000000000000000000000053
:10FDB00000000000000000FFFFD555555555555572
:10FDC00055555557FFFFFAAAAAAAAAAAAAAAAAAAEB
:10FDD000AAAFFFFF000000000000000000000000CC
:10FDE0000000000000000000000000000000000013
:10FDF000000000FFFFD555555555555555555557DC
:10FE0000FFFFFAAAAAAAAAAAAAAAAAAAAAAFFFFFA9
:10FE100000000000000000000000000000000000E2
:10FE2000000000000000000000000000000000FFD3
:10FE3000FFD555555555555555555557FFFFFAAAF8
:10FE4000AAAAAAAAAAAAAAAAAAAFFFFF000000000B
:10FE500000000000000000000000000000000000A2
:10FE60000000000000000000000000FFFFD5555515
:10FE70005555555555555557FFFFFAAAAAAAAAAA8E
:10FE8000AAAAAAAAAAAFFFFF000000000000000073
:10FE90000000000000000000000000000000000062
:10FEA00000000000000000FFFFD555555555555581
:10FEB00055555557FFFFFAAAAAAAAAAAAAAAAAAAFA
:10FEC000AAAFFFFF000000000000000000000000DB
:10FED0000000000000000000000000000000000022
:10FEE000000000FFFFD555555555555555555557EB
:10FEF000FFFFFAAAAAAAAAAAAAAAAAAAAAAFFFFFB9
:10FF000000000000000000000000000000000000F1
:10FF1000000000000000000000000000000000FFE2
:10FF2000FFD555555555555555555557FFFFFAAA07
:10FF3000AAAAAAAAAAAAAAAAAAAFFFFF000000001A
:10FF400000000000000000000000000000000000B1
:10FF50000000000000000000000000FFFFD5555524
:10FF60005555555555555557FFFFFAAAAAAAAAAA9D
:10FF7000AAAAAAAAAAAFFFFF000000000000000082
:10FF80000000000000000000000000000000000071
:10FF900000000000000000FFFFD555555555555590
:10FFA00055555557FFFFFAAAAAAAAAAAAAAAAAAA09
:10FFB000AAAFFFFF000000000000000000000000EA
:10FFC0000000000000000000000000000000000031
:10FFD000000000FFFFD555555555555555555557FA
:10FFE000FFFFFAAAAAAAAAAAAAAAAAAAAAAFFFFFC8
:10FFF0000000000000000000000000000000000001
:020000040802F0
:10000000000000000000000000000000000000FFF1
:10001000FFD555555555555555555557FFFFFAAA16
:10002000AAAAAAAAAAAAAAAAAAAFFFFF0000000029
:1000300000000000000000000000000000000000C0
:100040000000000000000000000000FFFFD5555533
:100050005555555555555557FFFFFAAAAAAAAAAAAC
:10006000AAAAAAAAAAAFFFFF000000000000000091
:100070000000000000000000000000000000000080
:1000800000000000000000FFFFD55555555555559F
:1000900055555557FFFFFAAAAAAAAAAAAAAAAAAA18
:1000A000AAAFFFFF000000000000000000000000F9
:1000B0000000000000000000000000000000000040
:1000C000000000FFFFD55555555555555555555709
:1000D000FFFFFAAAAAAAAAAAAAAAAAAAAAAFFFFFD7
:1000E0000000000000000000000000000000000010
:1000F000000000000000000000000000000000FF01
:10010000FFD555555555555555555557FFFFFAAA25
:10011000AAAAAAAAAAAAAAAAAAAFFFFF0000000038
:1001200000000000000000000000000000000000CF
:100130000000000000000000000000FFFFD5555542
:100140005555555555555557FFFFFAAAAAAAAAAABB
:10015000AAAAAAAAAAAFFFFF0000000000000000A0
:10016000000000000000000000000000000000008F
:1001700000000000000000FFFFFFFFFFFFFFFFFF88
:10018000FFFFFFFFFFFFFAAAAAAAAAAAAAAAAAAA81
:10019000AAAFFFFF00000000000000000000000008
:1001A000000000000000000000000000000000004F
:1001B000000000FFFFFFFFFFFFFFFFFFFFFFFFFF4C
:1001C000FFFFFFFFFFFFFFFFFFFFFFFFFFFFFFFF3F
:1001D000000000000000000000000000000000001F
:1001E000000000000000000000000000000000FF10
:1001F000FFFFFFFFFFFFFFFFFFFFFFFFFFFFFFFF0F
:10020000FFFFFFFFFFFFFFFFFFFFFFFF00000000FA
:1002100000000000000000000000000000000000DE
:100220000000000000000000000000FFFFFFFFFFD3
:10023000FFFFFFFFFFFFFFFFFFFFFFFFFFFFFFFFCE
:10024000FFFFFFFFFFFFFFFF0000000000000000B6
:10025000000000000000000000000000000000009E
:1002600000000000000000FFFFFFFFFFFFFFFFFF97
:10027000FFFFFFFFFFFFFFFFFFFFFFFFFFFFFFFF8E
:10028000FFFFFFFF00000000000000000000000072
:10029000000000000000000000000000000000005E
:1002A000000000FFFFFFFFFFFFFFFFFFFFFFFFFF5B
:1002B000FFFFFFFFFFFFFFFFFFFFFFFFFFFFFFFF4E
:1002C000000000000000000000000000000000002E
:1002D000000000000000000000000000000000FF1F
:1002E000FFFFFFFFFFFFFFFFFFFFFFFFFFFFFFFF1E
:1002F000FFFFFFFFFFFFFFFFFFFFFFFF000000000A
:1003000000000000000000000000000000000000ED
:100310000000000000000000000000FFFFFFFFFFE2
:10032000FFFFFFFFFFFFFFFFFFFFFFFFFFFFFFFFDD
:10033000FFFFFFFFFFFFFFFF0000000000000000C5
:1003400000000000000000000000000000000000AD
:1003500000000000000000FFFFFFFFFFFFFFFFFFA6
:10036000FFFFFFFFFFFFFFFFFFFFFFFFFFFFFFFF9D
:10037000FFFFFFFF00000000000000000000000081
:10038000000000000000000000000000000000006D
:10039000000000FFFFFFFFFFFFFFFFFFFFFFFFFF6A
:1003A000FFFFFFFFFFFFFFFFFFFFFFFFFFFFFFFF5D
:1003B000000000000000000000000000000000003D
:1003C000000000000000000000000000000000FF2E
:1003D000FFFFFFFFFFFFFFFFFFFFFFFFFFFFFFFF2D
:1003E000FFFFFFFFFFFFFFFFFFFFFFFF0000000019
:1003F00000000000000000000000000000000000FD
:100400000000000000000000000000FFFFFFFFFFF1
:10041000FFFFFFFFFFFFFFFFFFFFFFFFFFFFFFFFEC
:10042000FFFFFFFFFFFFFFFF0000000000000000D4
:1004300000000000000000000000000000000000BC
:1004400000000000000000FFFFFFFFFFFFFFFFFFB5
:10045000FFFFFFFFFFFFFFFFFFFFFFFFFFFFFFFFAC
:10046000FFFFFFFF00000000000000000000000090
:10047000000000000000000000000000000000007C
:10048000000000FFFFFFFFFFFFFFFFFFFFFFFFFF79
:10049000FFFFFFFFFFFFFFFFFFFFFFFFFFFFFFFF6C
:1004A000000000000000000000000000000000004C
:1004B000000000000000000000000000000000FF3D
:1004C000FFFFFFFFFFFFFFFFFFFFFFFFFFFFFFFF3C
:1004D000FFFFFFFFFFFFFFFFFFFFFFFF0000000028
:1004E000000000000000000000000000000000000C
:1004F0000000000000000000000000FFFFFFFFFF01
:10050000FFFFFFFFFFFFFFFFFFFFFFFFFFFFFFFFFB
:10051000FFFFFFFFFFFFFFFF0000000000000000E3
:1005200000000000000000000000000000000000CB
:1005300000000000000000FFFFFFFFFFFFFFFFFFC4
:10054000FFFFFFFFFFFFFFFFFFFFFFFFFFFFFFFFBB
:10055000FFFFFFFF0000000000000000000000009F
:10056000000000000000000000000000000000008B
:10057000000000FFFFFFFFFFFFFFFFFFFFFFFFFF88
:10058000FFFFFFFFFFFFFFFFFFFFFFFFFFFFFFFF7B
:10059000000000000000000000000000000000005B
:1005A000000000000000000000000000000000FF4C
:1005B000FFFFFFFFFFFFFFFFFFFFFFFFFFFFFFFF4B
:1005C000FFFFFFFFFFFFFFFFFFFFFFFF0000000037
:1005D000000000000000000000000000000000001B
:1005E0000000000000000000000000FFFFFFFFFF10
:1005F000FFFFFFFFFFFFFFFFFFFFFFFFFFFFFFFF0B
:10060000FFFFFFFFFFFFFFFF0000000000000000F2
:1006100000000000000000000000000000000000DA
:1006200000000000000000FFFFFFFFFFFFFFFFFFD3
:10063000FFFFFFFFFFFFFFFFFFFFFFFFFFFFFFFFCA
:10064000FFFFFFFF000000000000000000000000AE
:10065000000000000000000000000000000000009A
:10066000000000FFFFFFFFFFFFFFFFFFFFFFFFFF97
:10067000FFFFFFFFFFFFFFFFFFFFFFFFFFFFFFFF8A
:10068000000000000000000000000000000000006A
:10069000000000000000000000000000000000FF5B
:1006A000FFFFFFFFFFFFFFFFFFFFFFFFFFFFFFFF5A
:1006B000FFFFFFFFFFFFFFFFFFFFFFFF0000000046
:1006C000000000000000000000000000000000002A
:1006D0000000000000000000000000FFFFFFFFFF1F
:1006E000FFFFFFFFFFFFFFFFFFFFFFFFFFFFFFFF1A
:1006F000FFFFFFFFFFFFFFFF000000000000000002
:1007000000000000000000000000000000000000E9
:1007100000000000000000FFFFFFFFFFFFFFFFFFE2
:10072000FFFFFFFFFFFFFFFFFFFFFFFFFFFFFFFFD9
:10073000FFFFFFFF000000000000000000000000BD
:1007400000000000000000000000000000000000A9
:10075000000000FFFFFFFFFFFFFFFFFFFFFFFFFFA6
:10076000FFFFFFFFFFFFFFFFFFFFFFFFFFFFFFFF99
:100770000000000000000000000000000000000079
:10078000000000000000000000000000000000FF6A
:10079000FFFFFFFFFFFFFFFFFFFFFFFFFFFFFFFF69
:1007A000FFFFFFFFFFFFFFFFFFFFFFFF0000000055
:1007B0000000000000000000000000000000000039
:1007C0000000000000000000000000FFFFFFFFFF2E
:1007D000FFFFFFFFFFFFFFFFFFFFFFFFFFFFFFFF29
:1007E000FFFFFFFFFFFFFFFF000000000000000011
:1007F00000000000000000000000000000000000F9
:1008000000000000000000FFFFFFFFFFFFFFFFFFF1
:10081000FFFFFFFFFFFFFFFFFFFFFFFFFFFFFFFFE8
:10082000FFFFFFFF000000000000000000000000CC
:1008300000000000000000000000000000000000B8
:10084000000000FFFFFFFFFFFFFFFFFFFFFFFFFFB5
:10085000FFFFFFFFFFFFFFFFFFFFFFFFFFFFFFFFA8
:100860000000000000000000000000000000000088
:10087000000000000000000000000000000000FF79
:10088000FFFFFFFFFFFFFFFFFFFFFFFFFFFFFFFF78
:10089000FFFFFFFFFFFFFFFFFFFFFFFF0000000064
:1008A0000000000000000000000000000000000048
:1008B0000000000000000000000000FFFFFFFFFF3D
:1008C000FFFFFFFFFFFFFFFFFFFFFFFFFFFFFFFF38
:1008D000FFFFFFFFFFFFFFFF000000000000000020
:1008E0000000000000000000000000000000000008
:1008F00000000000000000FFFFFFFFFFFFFFFFFF01
:10090000FFFFFFFFFFFFFFFFFFFFFFFFFFFFFFFFF7
:10091000FFFFFFFF000000000000000000000000DB
:1009200000000000000000000000000000000000C7
:10093000000000FFFFFFFFFFFFFFFFFFFFFFFFFFC4
:10094000FFFFFFFFFFFFFFFFFFFFFFFFFFFFFFFFB7
:100950000000000000000000000000000000000097
:10096000000000000000000000000000000000FF88
:10097000FFFFFFFFFFFFFFFFFFFFFFFFFFFFFFFF87
:10098000FFFFFFFFFFFFFFFFFFFFFFFF0000000073
:100990000000000000000000000000000000000057
:1009A0000000000000000000000000FFFFFFFFFF4C
:1009B000FFFFFFFFFFFFFFFFFFFFFFFFFFFFFFFF47
:1009C000FFFFFFFFFFFFFFFF00000000000000002F
:1009D0000000000000000000000000000000000017
:1009E00000000000000000FFFFFFFFFFFFFFFFFF10
:1009F000FFFFFFFFFFFFFFFFFFFFFFFFFFFFFFFF07
:100A0000FFFFFFFF000000000000000000000000EA
:100A100000000000000000000000000000000000D6
:100A2000000000FFFFFFFFFFFFFFFFFFFFFFFFFFD3
:100A3000FFFFFFFFFFFFFFFFFFFFFFFFFFFFFFFFC6
:100A400000000000000000000000000000000000A6
:100A5000000000000000000000000000000000FF97
:100A6000FFFFFFFFFFFFFFFFFFFFFFFFFFFFFFFF96
:100A7000FFFFFFFFFFFFFFFFFFFFFFFF0000000082
:100A80000000000000000000000000000000000066
:100A90000000000000000000000000FFFFFFFFFF5B
:100AA000FFFFFFFFFFFFFFFFFFFFFFFFFFFFFFFF56
:100AB000FFFFFFFFFFFFFFFF00000000000000003E
:100AC0000000000000000000000000000000000026
:100AD00000000000000000FFFFFFFFFFFFFFFFFF1F
:100AE000FFFFFFFFFFFFFFFFFFFFFFFFFFFFFFFF16
:100AF000FFFFFFFF000000000000000000000000FA
:100B000000000000000000000000000000000000E5
:100B1000000000FFFFFFFFFFFFFFFFFFFFFFFFFFE2
:100B2000FFFFFFFFFFFFFFFFFFFFFFFFFFFFFFFFD5
:100B300000000000000000000000000000000000B5
:100B4000000000000000000000000000000000FFA6
:100B5000FFFFFFFFFFFFFFFFFFFFFFFFFFFFFFFFA5
:100B6000FFFFFFFFFFFFFFFFFFFFFFFF0000000091
:100B70000000000000000000000000000000000075
:100B80000000000000000000000000FFFFFFFFFF6A
:100B9000FFFFFFFFFFFFFFFFFFFFFFFFFFFFFFFF65
:100BA000FFFFFFFFFFFFFFFF00000000000000004D
:100BB0000000000000000000000000000000000035
:100BC00000000000000000FFFFFFFFFFFFFFFFFF2E
:100BD000FFFFFFFFFFFFFFFFFFFFFFFFFFFFFFFF25
:100BE000FFFFFFFF00000000000000000000000009
:100BF00000000000000000000000000000000000F5
:100C0000000000FFFFFFFFFFFFFFFFFFFFFFFFFFF1
:100C1000FFFFFFFFFFFFFFFFFFFFFFFFFFFFFFFFE4
:100C200000000000000000000000000000000000C4
:100C3000000000000000000000000000000000FFB5
:100C4000FFFFFFFFFFFFFFFFFFFFFFFFFFFFFFFFB4
:100C5000FFFFFFFFFFFFFFFFFFFFFFFF00000000A0
:100C60000000000000000000000000000000000084
:100C70000000000000000000000000FFFFFFFFFF79
:100C8000FFFFFFFFFFFFFFFFFFFFFFFFFFFFFFFF74
:100C9000FFFFFFFFFFFFFFFF00000000000000005C
:100CA0000000000000000000000000000000000044
:100CB00000000000000000FFFFFFFFFFFFFFFFFF3D
:100CC000FFFFFFFFFFFFFFFFFFFFFFFFFFFFFFFF34
:100CD000FFFFFFFF00000000000000000000000018
:100CE0000000000000000000000000000000000004
:100CF000000000FFFFFFFFFFFFFFFFFFFFFFFFFF01
:100D0000FFFFFFFFFFFFFFFFFFFFFFFFFFFFFFFFF3
:100D100000000000000000000000000000000000D3
:100D2000000000000000000000000000000000FFC4
:100D3000FFFFFFFFFFFFFFFFFFFFFFFFFFFFFFFFC3
:100D4000FFFFFFFFFFFFFFFFFFFFFFFF00000000AF
:100D50000000000000000000000000000000000093
:100D60000000000000000000000000FFFFFFFFFF88
:100D7000FFFFFFFFFFFFFFFFFFFFFFFFFFFFFFFF83
:100D8000FFFFFFFFFFFFFFFF00000000000000006B
:100D90000000000000000000000000000000000053
:100DA00000000000000000FFFFFFFFFFFFFFFFFF4C
:100DB000FFFFFFFFFFFFFFFFFFFFFFFFFFFFFFFF43
:100DC000FFFFFFFF00000000000000000000000027
:100DD0000000000000000000000000000000000013
:100DE000000000FFFFFFFFFFFFFFFFFFFFFFFFFF10
:100DF000FFFFFFFFFFFFFFFFFFFFFFFFFFFFFFFF03
:100E000000000000000000000000000000000000E2
:100E1000000000000000000000000000000000FFD3
:100E2000FFFFFFFFFFFFFFFFFFFFFFFFFFFFFFFFD2
:100E3000FFFFFFFFFFFFFFFFFFFFFFFF00000000BE
:100E400000000000000000000000000000000000A2
:100E50000000000000000000000000FFFFFFFFFF97
:100E6000FFFFFFFFFFFFFFFFFFFFFFFFFFFFFFFF92
:100E7000FFFFFFFFFFFFFFFF00000000000000007A
:100E80000000000000000000000000000000000062
:100E900000000000000000FFFFFFFFFFFFFFFFFF5B
:100EA000FFFFFFFFFFFFFFFFFFFFFFFFFFFFFFFF52
:100EB000FFFFFFFF00000000000000000000000036
:100EC0000000000000000000000000000000000022
:100ED000000000FFFFFFFFFFFFFFFFFFFFFFFFFF1F
:100EE000FFFFFFFFFFFFFFFFFFFFFFFFFFFFFFFF12
:100EF00000000000000000000000000000000000F2
:100F0000000000000000000000000000000000FFE2
:100F1000FFFFFFFFFFFFFFFFFFFFFFFFFFFFFFFFE1
:100F2000FFFFFFFFFFFFFFFFFFFFFFFF00000000CD
:100F300000000000000000000000000000000000B1
:100F40000000000000000000000000FFFFFFFFFFA6
:100F5000FFFFFFFFFFFFFFFFFFFFFFFFFFFFFFFFA1
:100F6000FFFFFFFFFFFFFFFF000000000000000089
:100F70000000000000000000000000000000000071
:100F800000000000000000FFFFFFFFFFFFFFFFFF6A
:100F9000FFFFFFFFFFFFFFFFFFFFFFFFFFFFFFFF61
:100FA000FFFFFFFF00000000000000000000000045
:100FB0000000000000000000000000000000000031
:100FC000000000FFFFFFFFFFFFFFFFFFFFFFFFFF2E
:100FD000FFFFFFFFFFFFFFFFFFFFFFFFFFFFFFFF21
:100FE000FFFFFFFFFFFFFFFFFFFFFFFFFFFFFFFF11
:100FF000FFFFFFFFFFFFFFFFFFFFFFFFFFFFFFFF01
:10100000FFFFFFFFFFFFFFFFFFFFFFFFFFFFFFFFF0
:10101000FFFFFFFFFFFFFFFFFFFFFFFFFFFFFFFFE0
:10102000FFFFFFFFFFFFFFFFFFFFFFFFFFFFFFFFD0
:10103000FFFFFFFFFFFFFFFFFFFFFFFF5C10020846
:1010400000000020380000006C0100089410020825
:1010500038000020E83D00008801000800A24A0492
:101060000000000000000000010203040607080958
:101070000000000000000000000000000000000070
:10108000010203040102030406070809020406081A
:04109000010000005B
:0400000508000131BD
:00000001FF
